/* Auto-generated by tools/gen_superfb_font.py. */
#ifndef __SUPER_FB_FONT_H__
#define __SUPER_FB_FONT_H__

#define SFB_FONT_BITMAP_WIDTH  48
#define SFB_FONT_HEIGHT        48
#define SFB_FONT_STRIDE        6
#define SFB_FONT_BYTES         (SFB_FONT_STRIDE * SFB_FONT_HEIGHT)

typedef struct {
  CHAR16  Codepoint;
  UINT8   Advance;
  UINT8   Bitmap[SFB_FONT_BYTES];
} SFB_FONT_GLYPH;

STATIC CONST SFB_FONT_GLYPH  mSfbFontGlyphs[] = {
  { 0x0020, 30, {
    0x00, 0x00, 0x00, 0x00, 0x00, 0x00, 0x00, 0x00, 0x00, 0x00, 0x00, 0x00, 0x00, 0x00, 0x00, 0x00,
    0x00, 0x00, 0x00, 0x00, 0x00, 0x00, 0x00, 0x00, 0x00, 0x00, 0x00, 0x00, 0x00, 0x00, 0x00, 0x00,
    0x00, 0x00, 0x00, 0x00, 0x00, 0x00, 0x00, 0x00, 0x00, 0x00, 0x00, 0x00, 0x00, 0x00, 0x00, 0x00,
    0x00, 0x00, 0x00, 0x00, 0x00, 0x00, 0x00, 0x00, 0x00, 0x00, 0x00, 0x00, 0x00, 0x00, 0x00, 0x00,
    0x00, 0x00, 0x00, 0x00, 0x00, 0x00, 0x00, 0x00, 0x00, 0x00, 0x00, 0x00, 0x00, 0x00, 0x00, 0x00,
    0x00, 0x00, 0x00, 0x00, 0x00, 0x00, 0x00, 0x00, 0x00, 0x00, 0x00, 0x00, 0x00, 0x00, 0x00, 0x00,
    0x00, 0x00, 0x00, 0x00, 0x00, 0x00, 0x00, 0x00, 0x00, 0x00, 0x00, 0x00, 0x00, 0x00, 0x00, 0x00,
    0x00, 0x00, 0x00, 0x00, 0x00, 0x00, 0x00, 0x00, 0x00, 0x00, 0x00, 0x00, 0x00, 0x00, 0x00, 0x00,
    0x00, 0x00, 0x00, 0x00, 0x00, 0x00, 0x00, 0x00, 0x00, 0x00, 0x00, 0x00, 0x00, 0x00, 0x00, 0x00,
    0x00, 0x00, 0x00, 0x00, 0x00, 0x00, 0x00, 0x00, 0x00, 0x00, 0x00, 0x00, 0x00, 0x00, 0x00, 0x00,
    0x00, 0x00, 0x00, 0x00, 0x00, 0x00, 0x00, 0x00, 0x00, 0x00, 0x00, 0x00, 0x00, 0x00, 0x00, 0x00,
    0x00, 0x00, 0x00, 0x00, 0x00, 0x00, 0x00, 0x00, 0x00, 0x00, 0x00, 0x00, 0x00, 0x00, 0x00, 0x00,
    0x00, 0x00, 0x00, 0x00, 0x00, 0x00, 0x00, 0x00, 0x00, 0x00, 0x00, 0x00, 0x00, 0x00, 0x00, 0x00,
    0x00, 0x00, 0x00, 0x00, 0x00, 0x00, 0x00, 0x00, 0x00, 0x00, 0x00, 0x00, 0x00, 0x00, 0x00, 0x00,
    0x00, 0x00, 0x00, 0x00, 0x00, 0x00, 0x00, 0x00, 0x00, 0x00, 0x00, 0x00, 0x00, 0x00, 0x00, 0x00,
    0x00, 0x00, 0x00, 0x00, 0x00, 0x00, 0x00, 0x00, 0x00, 0x00, 0x00, 0x00, 0x00, 0x00, 0x00, 0x00,
    0x00, 0x00, 0x00, 0x00, 0x00, 0x00, 0x00, 0x00, 0x00, 0x00, 0x00, 0x00, 0x00, 0x00, 0x00, 0x00,
    0x00, 0x00, 0x00, 0x00, 0x00, 0x00, 0x00, 0x00, 0x00, 0x00, 0x00, 0x00, 0x00, 0x00, 0x00, 0x00,
  } },
  { 0x0021, 30, {
    0x00, 0x00, 0x00, 0x00, 0x00, 0x00, 0x00, 0x00, 0x00, 0x00, 0x00, 0x00, 0x00, 0x00, 0x00, 0x00,
    0x00, 0x00, 0x00, 0x00, 0x00, 0x00, 0x00, 0x00, 0x00, 0x00, 0x00, 0x00, 0x00, 0x00, 0x00, 0x00,
    0x00, 0x00, 0x00, 0x00, 0x00, 0x00, 0x00, 0x00, 0x00, 0x00, 0x00, 0x00, 0x00, 0x00, 0x00, 0x00,
    0x00, 0x00, 0x00, 0x00, 0x00, 0x00, 0x00, 0x1F, 0xC0, 0x00, 0x00, 0x00, 0x00, 0x1F, 0xC0, 0x00,
    0x00, 0x00, 0x00, 0x1F, 0xC0, 0x00, 0x00, 0x00, 0x00, 0x1F, 0xC0, 0x00, 0x00, 0x00, 0x00, 0x1F,
    0xC0, 0x00, 0x00, 0x00, 0x00, 0x1F, 0xC0, 0x00, 0x00, 0x00, 0x00, 0x1F, 0xC0, 0x00, 0x00, 0x00,
    0x00, 0x1F, 0xC0, 0x00, 0x00, 0x00, 0x00, 0x1F, 0xC0, 0x00, 0x00, 0x00, 0x00, 0x1F, 0xC0, 0x00,
    0x00, 0x00, 0x00, 0x1F, 0xC0, 0x00, 0x00, 0x00, 0x00, 0x1F, 0xC0, 0x00, 0x00, 0x00, 0x00, 0x0F,
    0xC0, 0x00, 0x00, 0x00, 0x00, 0x0F, 0x80, 0x00, 0x00, 0x00, 0x00, 0x0F, 0x80, 0x00, 0x00, 0x00,
    0x00, 0x0F, 0x80, 0x00, 0x00, 0x00, 0x00, 0x0F, 0x80, 0x00, 0x00, 0x00, 0x00, 0x0F, 0x80, 0x00,
    0x00, 0x00, 0x00, 0x0F, 0x80, 0x00, 0x00, 0x00, 0x00, 0x0F, 0x80, 0x00, 0x00, 0x00, 0x00, 0x00,
    0x00, 0x00, 0x00, 0x00, 0x00, 0x00, 0x00, 0x00, 0x00, 0x00, 0x00, 0x00, 0x00, 0x00, 0x00, 0x00,
    0x00, 0x07, 0x00, 0x00, 0x00, 0x00, 0x00, 0x0F, 0x80, 0x00, 0x00, 0x00, 0x00, 0x1F, 0xC0, 0x00,
    0x00, 0x00, 0x00, 0x1F, 0xC0, 0x00, 0x00, 0x00, 0x00, 0x1F, 0xC0, 0x00, 0x00, 0x00, 0x00, 0x1F,
    0xC0, 0x00, 0x00, 0x00, 0x00, 0x0F, 0x80, 0x00, 0x00, 0x00, 0x00, 0x00, 0x00, 0x00, 0x00, 0x00,
    0x00, 0x00, 0x00, 0x00, 0x00, 0x00, 0x00, 0x00, 0x00, 0x00, 0x00, 0x00, 0x00, 0x00, 0x00, 0x00,
    0x00, 0x00, 0x00, 0x00, 0x00, 0x00, 0x00, 0x00, 0x00, 0x00, 0x00, 0x00, 0x00, 0x00, 0x00, 0x00,
    0x00, 0x00, 0x00, 0x00, 0x00, 0x00, 0x00, 0x00, 0x00, 0x00, 0x00, 0x00, 0x00, 0x00, 0x00, 0x00,
  } },
  { 0x0022, 30, {
    0x00, 0x00, 0x00, 0x00, 0x00, 0x00, 0x00, 0x00, 0x00, 0x00, 0x00, 0x00, 0x00, 0x00, 0x00, 0x00,
    0x00, 0x00, 0x00, 0x00, 0x00, 0x00, 0x00, 0x00, 0x00, 0x00, 0x00, 0x00, 0x00, 0x00, 0x00, 0x00,
    0x00, 0x00, 0x00, 0x00, 0x00, 0x00, 0x00, 0x00, 0x00, 0x00, 0x00, 0x00, 0x00, 0x00, 0x00, 0x00,
    0x00, 0x00, 0x00, 0x00, 0x00, 0x00, 0x00, 0x1F, 0x7C, 0x00, 0x00, 0x00, 0x00, 0x1F, 0x7C, 0x00,
    0x00, 0x00, 0x00, 0x1F, 0x7C, 0x00, 0x00, 0x00, 0x00, 0x1F, 0x7C, 0x00, 0x00, 0x00, 0x00, 0x1F,
    0x7C, 0x00, 0x00, 0x00, 0x00, 0x1F, 0x7C, 0x00, 0x00, 0x00, 0x00, 0x1F, 0x7C, 0x00, 0x00, 0x00,
    0x00, 0x1F, 0x7C, 0x00, 0x00, 0x00, 0x00, 0x1F, 0x7C, 0x00, 0x00, 0x00, 0x00, 0x00, 0x00, 0x00,
    0x00, 0x00, 0x00, 0x00, 0x00, 0x00, 0x00, 0x00, 0x00, 0x00, 0x00, 0x00, 0x00, 0x00, 0x00, 0x00,
    0x00, 0x00, 0x00, 0x00, 0x00, 0x00, 0x00, 0x00, 0x00, 0x00, 0x00, 0x00, 0x00, 0x00, 0x00, 0x00,
    0x00, 0x00, 0x00, 0x00, 0x00, 0x00, 0x00, 0x00, 0x00, 0x00, 0x00, 0x00, 0x00, 0x00, 0x00, 0x00,
    0x00, 0x00, 0x00, 0x00, 0x00, 0x00, 0x00, 0x00, 0x00, 0x00, 0x00, 0x00, 0x00, 0x00, 0x00, 0x00,
    0x00, 0x00, 0x00, 0x00, 0x00, 0x00, 0x00, 0x00, 0x00, 0x00, 0x00, 0x00, 0x00, 0x00, 0x00, 0x00,
    0x00, 0x00, 0x00, 0x00, 0x00, 0x00, 0x00, 0x00, 0x00, 0x00, 0x00, 0x00, 0x00, 0x00, 0x00, 0x00,
    0x00, 0x00, 0x00, 0x00, 0x00, 0x00, 0x00, 0x00, 0x00, 0x00, 0x00, 0x00, 0x00, 0x00, 0x00, 0x00,
    0x00, 0x00, 0x00, 0x00, 0x00, 0x00, 0x00, 0x00, 0x00, 0x00, 0x00, 0x00, 0x00, 0x00, 0x00, 0x00,
    0x00, 0x00, 0x00, 0x00, 0x00, 0x00, 0x00, 0x00, 0x00, 0x00, 0x00, 0x00, 0x00, 0x00, 0x00, 0x00,
    0x00, 0x00, 0x00, 0x00, 0x00, 0x00, 0x00, 0x00, 0x00, 0x00, 0x00, 0x00, 0x00, 0x00, 0x00, 0x00,
    0x00, 0x00, 0x00, 0x00, 0x00, 0x00, 0x00, 0x00, 0x00, 0x00, 0x00, 0x00, 0x00, 0x00, 0x00, 0x00,
  } },
  { 0x0023, 30, {
    0x00, 0x00, 0x00, 0x00, 0x00, 0x00, 0x00, 0x00, 0x00, 0x00, 0x00, 0x00, 0x00, 0x00, 0x00, 0x00,
    0x00, 0x00, 0x00, 0x00, 0x00, 0x00, 0x00, 0x00, 0x00, 0x00, 0x00, 0x00, 0x00, 0x00, 0x00, 0x00,
    0x00, 0x00, 0x00, 0x00, 0x00, 0x00, 0x00, 0x00, 0x00, 0x00, 0x00, 0x00, 0x00, 0x00, 0x00, 0x00,
    0x00, 0x00, 0x00, 0x00, 0x00, 0x00, 0x00, 0x1E, 0x0F, 0x00, 0x00, 0x00, 0x00, 0x1E, 0x0F, 0x00,
    0x00, 0x00, 0x00, 0x3E, 0x1F, 0x00, 0x00, 0x00, 0x00, 0x3C, 0x1F, 0x00, 0x00, 0x00, 0x00, 0x3C,
    0x1F, 0x00, 0x00, 0x00, 0x00, 0x3C, 0x1E, 0x00, 0x00, 0x00, 0x00, 0x38, 0x3E, 0x00, 0x00, 0x00,
    0x00, 0x78, 0x3E, 0x00, 0x00, 0x00, 0x0F, 0xFF, 0xFF, 0xC0, 0x00, 0x00, 0x0F, 0xFF, 0xFF, 0xC0,
    0x00, 0x00, 0x0F, 0xFF, 0xFF, 0xC0, 0x00, 0x00, 0x0F, 0xFF, 0xFF, 0x80, 0x00, 0x00, 0x00, 0x78,
    0x38, 0x00, 0x00, 0x00, 0x00, 0x78, 0x78, 0x00, 0x00, 0x00, 0x00, 0xF0, 0x78, 0x00, 0x00, 0x00,
    0x00, 0xF0, 0x70, 0x00, 0x00, 0x00, 0x00, 0xF0, 0x70, 0x00, 0x00, 0x00, 0x1F, 0xFF, 0xFF, 0x80,
    0x00, 0x00, 0x1F, 0xFF, 0xFF, 0x80, 0x00, 0x00, 0x1F, 0xFF, 0xFF, 0x80, 0x00, 0x00, 0x1F, 0xFF,
    0xFF, 0x00, 0x00, 0x00, 0x01, 0xE1, 0xF0, 0x00, 0x00, 0x00, 0x03, 0xE3, 0xE0, 0x00, 0x00, 0x00,
    0x03, 0xC3, 0xE0, 0x00, 0x00, 0x00, 0x03, 0xC3, 0xE0, 0x00, 0x00, 0x00, 0x07, 0xC3, 0xE0, 0x00,
    0x00, 0x00, 0x07, 0x83, 0xC0, 0x00, 0x00, 0x00, 0x07, 0x83, 0xC0, 0x00, 0x00, 0x00, 0x00, 0x00,
    0x00, 0x00, 0x00, 0x00, 0x00, 0x00, 0x00, 0x00, 0x00, 0x00, 0x00, 0x00, 0x00, 0x00, 0x00, 0x00,
    0x00, 0x00, 0x00, 0x00, 0x00, 0x00, 0x00, 0x00, 0x00, 0x00, 0x00, 0x00, 0x00, 0x00, 0x00, 0x00,
    0x00, 0x00, 0x00, 0x00, 0x00, 0x00, 0x00, 0x00, 0x00, 0x00, 0x00, 0x00, 0x00, 0x00, 0x00, 0x00,
    0x00, 0x00, 0x00, 0x00, 0x00, 0x00, 0x00, 0x00, 0x00, 0x00, 0x00, 0x00, 0x00, 0x00, 0x00, 0x00,
  } },
  { 0x0024, 30, {
    0x00, 0x00, 0x00, 0x00, 0x00, 0x00, 0x00, 0x00, 0x00, 0x00, 0x00, 0x00, 0x00, 0x00, 0x00, 0x00,
    0x00, 0x00, 0x00, 0x00, 0x00, 0x00, 0x00, 0x00, 0x00, 0x00, 0x00, 0x00, 0x00, 0x00, 0x00, 0x03,
    0x80, 0x00, 0x00, 0x00, 0x00, 0x03, 0x80, 0x00, 0x00, 0x00, 0x00, 0x03, 0x80, 0x00, 0x00, 0x00,
    0x00, 0x1F, 0xFC, 0x00, 0x00, 0x00, 0x00, 0x7F, 0xFE, 0x00, 0x00, 0x00, 0x00, 0xFF, 0xFE, 0x00,
    0x00, 0x00, 0x01, 0xFF, 0xFE, 0x00, 0x00, 0x00, 0x01, 0xFF, 0xFE, 0x00, 0x00, 0x00, 0x03, 0xF3,
    0x8E, 0x00, 0x00, 0x00, 0x03, 0xE3, 0x82, 0x00, 0x00, 0x00, 0x03, 0xE3, 0x80, 0x00, 0x00, 0x00,
    0x03, 0xE3, 0x80, 0x00, 0x00, 0x00, 0x03, 0xF3, 0x80, 0x00, 0x00, 0x00, 0x03, 0xFF, 0x80, 0x00,
    0x00, 0x00, 0x01, 0xFF, 0x80, 0x00, 0x00, 0x00, 0x01, 0xFF, 0xC0, 0x00, 0x00, 0x00, 0x00, 0xFF,
    0xF0, 0x00, 0x00, 0x00, 0x00, 0x7F, 0xFC, 0x00, 0x00, 0x00, 0x00, 0x3F, 0xFE, 0x00, 0x00, 0x00,
    0x00, 0x0F, 0xFF, 0x00, 0x00, 0x00, 0x00, 0x03, 0xFF, 0x00, 0x00, 0x00, 0x00, 0x03, 0xFF, 0x80,
    0x00, 0x00, 0x00, 0x03, 0x9F, 0x80, 0x00, 0x00, 0x00, 0x03, 0x9F, 0x80, 0x00, 0x00, 0x00, 0x03,
    0x8F, 0x80, 0x00, 0x00, 0x00, 0x03, 0x8F, 0x80, 0x00, 0x00, 0x01, 0x83, 0x9F, 0x80, 0x00, 0x00,
    0x01, 0xE3, 0x9F, 0x80, 0x00, 0x00, 0x01, 0xFF, 0xFF, 0x00, 0x00, 0x00, 0x01, 0xFF, 0xFF, 0x00,
    0x00, 0x00, 0x01, 0xFF, 0xFE, 0x00, 0x00, 0x00, 0x01, 0xFF, 0xFC, 0x00, 0x00, 0x00, 0x00, 0x3F,
    0xF0, 0x00, 0x00, 0x00, 0x00, 0x03, 0x80, 0x00, 0x00, 0x00, 0x00, 0x03, 0x80, 0x00, 0x00, 0x00,
    0x00, 0x03, 0x80, 0x00, 0x00, 0x00, 0x00, 0x03, 0x80, 0x00, 0x00, 0x00, 0x00, 0x00, 0x00, 0x00,
    0x00, 0x00, 0x00, 0x00, 0x00, 0x00, 0x00, 0x00, 0x00, 0x00, 0x00, 0x00, 0x00, 0x00, 0x00, 0x00,
    0x00, 0x00, 0x00, 0x00, 0x00, 0x00, 0x00, 0x00, 0x00, 0x00, 0x00, 0x00, 0x00, 0x00, 0x00, 0x00,
  } },
  { 0x0025, 30, {
    0x00, 0x00, 0x00, 0x00, 0x00, 0x00, 0x00, 0x00, 0x00, 0x00, 0x00, 0x00, 0x00, 0x00, 0x00, 0x00,
    0x00, 0x00, 0x00, 0x00, 0x00, 0x00, 0x00, 0x00, 0x00, 0x00, 0x00, 0x00, 0x00, 0x00, 0x00, 0x00,
    0x00, 0x00, 0x00, 0x00, 0x00, 0x00, 0x00, 0x00, 0x00, 0x00, 0x00, 0x00, 0x00, 0x00, 0x00, 0x00,
    0x00, 0x00, 0x00, 0x00, 0x00, 0x00, 0x1F, 0x80, 0x03, 0xE0, 0x00, 0x00, 0x7F, 0xE0, 0x07, 0xC0,
    0x00, 0x00, 0x7F, 0xF0, 0x0F, 0xC0, 0x00, 0x00, 0xFF, 0xF0, 0x0F, 0x80, 0x00, 0x00, 0xF0, 0xF8,
    0x1F, 0x80, 0x00, 0x00, 0xF0, 0xF8, 0x3F, 0x00, 0x00, 0x00, 0xE0, 0x78, 0x3E, 0x00, 0x00, 0x00,
    0xE0, 0x78, 0x7E, 0x00, 0x00, 0x00, 0xE0, 0x78, 0x7C, 0x00, 0x00, 0x00, 0xE0, 0x78, 0xF8, 0x00,
    0x00, 0x00, 0xF0, 0xF9, 0xF8, 0x00, 0x00, 0x00, 0xF9, 0xF1, 0xF0, 0x00, 0x00, 0x00, 0xFF, 0xF3,
    0xE0, 0x00, 0x00, 0x00, 0x7F, 0xE7, 0xE0, 0x00, 0x00, 0x00, 0x3F, 0xC7, 0xC0, 0x00, 0x00, 0x00,
    0x0E, 0x0F, 0x87, 0xF0, 0x00, 0x00, 0x00, 0x1F, 0x9F, 0xF8, 0x00, 0x00, 0x00, 0x1F, 0x3F, 0xFC,
    0x00, 0x00, 0x00, 0x3E, 0x3F, 0xFC, 0x00, 0x00, 0x00, 0x7E, 0x7C, 0x3E, 0x00, 0x00, 0x00, 0x7C,
    0x7C, 0x3E, 0x00, 0x00, 0x00, 0xF8, 0x78, 0x1E, 0x00, 0x00, 0x01, 0xF8, 0x78, 0x1E, 0x00, 0x00,
    0x01, 0xF0, 0x78, 0x1E, 0x00, 0x00, 0x03, 0xF0, 0x7C, 0x3E, 0x00, 0x00, 0x07, 0xE0, 0x7C, 0x3E,
    0x00, 0x00, 0x07, 0xC0, 0x3F, 0xFC, 0x00, 0x00, 0x0F, 0xC0, 0x3F, 0xFC, 0x00, 0x00, 0x0F, 0x80,
    0x1F, 0xF8, 0x00, 0x00, 0x1F, 0x00, 0x07, 0xE0, 0x00, 0x00, 0x00, 0x00, 0x00, 0x00, 0x00, 0x00,
    0x00, 0x00, 0x00, 0x00, 0x00, 0x00, 0x00, 0x00, 0x00, 0x00, 0x00, 0x00, 0x00, 0x00, 0x00, 0x00,
    0x00, 0x00, 0x00, 0x00, 0x00, 0x00, 0x00, 0x00, 0x00, 0x00, 0x00, 0x00, 0x00, 0x00, 0x00, 0x00,
    0x00, 0x00, 0x00, 0x00, 0x00, 0x00, 0x00, 0x00, 0x00, 0x00, 0x00, 0x00, 0x00, 0x00, 0x00, 0x00,
  } },
  { 0x0026, 30, {
    0x00, 0x00, 0x00, 0x00, 0x00, 0x00, 0x00, 0x00, 0x00, 0x00, 0x00, 0x00, 0x00, 0x00, 0x00, 0x00,
    0x00, 0x00, 0x00, 0x00, 0x00, 0x00, 0x00, 0x00, 0x00, 0x00, 0x00, 0x00, 0x00, 0x00, 0x00, 0x00,
    0x00, 0x00, 0x00, 0x00, 0x00, 0x00, 0x00, 0x00, 0x00, 0x00, 0x00, 0x00, 0x00, 0x00, 0x00, 0x00,
    0x00, 0x00, 0x00, 0x00, 0x00, 0x00, 0x01, 0xFE, 0x00, 0x00, 0x00, 0x00, 0x07, 0xFF, 0x80, 0x00,
    0x00, 0x00, 0x0F, 0xFF, 0xE0, 0x00, 0x00, 0x00, 0x1F, 0xFF, 0xE0, 0x00, 0x00, 0x00, 0x3F, 0xCF,
    0xF0, 0x00, 0x00, 0x00, 0x3F, 0x87, 0xF0, 0x00, 0x00, 0x00, 0x3F, 0x03, 0xF0, 0x00, 0x00, 0x00,
    0x3F, 0x03, 0xF0, 0xF8, 0x00, 0x00, 0x3F, 0x87, 0xF0, 0xF8, 0x00, 0x00, 0x3F, 0x87, 0xE0, 0xF8,
    0x00, 0x00, 0x1F, 0xDF, 0xE0, 0xF8, 0x00, 0x00, 0x0F, 0xFF, 0xC0, 0xF8, 0x00, 0x00, 0x07, 0xFF,
    0x00, 0xF8, 0x00, 0x00, 0x0F, 0xFE, 0x01, 0xF8, 0x00, 0x00, 0x1F, 0xFF, 0x81, 0xF8, 0x00, 0x00,
    0x7F, 0xFF, 0xC1, 0xF0, 0x00, 0x00, 0xFF, 0x3F, 0xE3, 0xF0, 0x00, 0x00, 0xFE, 0x0F, 0xF3, 0xF0,
    0x00, 0x00, 0xFC, 0x03, 0xFF, 0xE0, 0x00, 0x00, 0xF8, 0x01, 0xFF, 0xC0, 0x00, 0x00, 0xF8, 0x00,
    0xFF, 0xC0, 0x00, 0x00, 0xF8, 0x00, 0xFF, 0x80, 0x00, 0x00, 0xF8, 0x00, 0x7F, 0x00, 0x00, 0x00,
    0xFC, 0x01, 0xFF, 0x00, 0x00, 0x00, 0xFE, 0x07, 0xFF, 0xC1, 0x00, 0x00, 0xFF, 0xFF, 0xFF, 0xFF,
    0x00, 0x00, 0xFF, 0xFF, 0xFF, 0xFF, 0x00, 0x00, 0x7F, 0xFF, 0xE7, 0xFF, 0x00, 0x00, 0x1F, 0xFF,
    0x83, 0xFF, 0x00, 0x00, 0x07, 0xFE, 0x00, 0xFE, 0x00, 0x00, 0x00, 0x00, 0x00, 0x00, 0x00, 0x00,
    0x00, 0x00, 0x00, 0x00, 0x00, 0x00, 0x00, 0x00, 0x00, 0x00, 0x00, 0x00, 0x00, 0x00, 0x00, 0x00,
    0x00, 0x00, 0x00, 0x00, 0x00, 0x00, 0x00, 0x00, 0x00, 0x00, 0x00, 0x00, 0x00, 0x00, 0x00, 0x00,
    0x00, 0x00, 0x00, 0x00, 0x00, 0x00, 0x00, 0x00, 0x00, 0x00, 0x00, 0x00, 0x00, 0x00, 0x00, 0x00,
  } },
  { 0x0027, 30, {
    0x00, 0x00, 0x00, 0x00, 0x00, 0x00, 0x00, 0x00, 0x00, 0x00, 0x00, 0x00, 0x00, 0x00, 0x00, 0x00,
    0x00, 0x00, 0x00, 0x00, 0x00, 0x00, 0x00, 0x00, 0x00, 0x00, 0x00, 0x00, 0x00, 0x00, 0x00, 0x00,
    0x00, 0x00, 0x00, 0x00, 0x00, 0x00, 0x00, 0x00, 0x00, 0x00, 0x00, 0x00, 0x00, 0x00, 0x00, 0x00,
    0x00, 0x00, 0x00, 0x00, 0x00, 0x00, 0x00, 0x0F, 0xC0, 0x00, 0x00, 0x00, 0x00, 0x0F, 0xC0, 0x00,
    0x00, 0x00, 0x00, 0x0F, 0xC0, 0x00, 0x00, 0x00, 0x00, 0x0F, 0xC0, 0x00, 0x00, 0x00, 0x00, 0x0F,
    0xC0, 0x00, 0x00, 0x00, 0x00, 0x07, 0x80, 0x00, 0x00, 0x00, 0x00, 0x07, 0x80, 0x00, 0x00, 0x00,
    0x00, 0x07, 0x80, 0x00, 0x00, 0x00, 0x00, 0x07, 0x80, 0x00, 0x00, 0x00, 0x00, 0x00, 0x00, 0x00,
    0x00, 0x00, 0x00, 0x00, 0x00, 0x00, 0x00, 0x00, 0x00, 0x00, 0x00, 0x00, 0x00, 0x00, 0x00, 0x00,
    0x00, 0x00, 0x00, 0x00, 0x00, 0x00, 0x00, 0x00, 0x00, 0x00, 0x00, 0x00, 0x00, 0x00, 0x00, 0x00,
    0x00, 0x00, 0x00, 0x00, 0x00, 0x00, 0x00, 0x00, 0x00, 0x00, 0x00, 0x00, 0x00, 0x00, 0x00, 0x00,
    0x00, 0x00, 0x00, 0x00, 0x00, 0x00, 0x00, 0x00, 0x00, 0x00, 0x00, 0x00, 0x00, 0x00, 0x00, 0x00,
    0x00, 0x00, 0x00, 0x00, 0x00, 0x00, 0x00, 0x00, 0x00, 0x00, 0x00, 0x00, 0x00, 0x00, 0x00, 0x00,
    0x00, 0x00, 0x00, 0x00, 0x00, 0x00, 0x00, 0x00, 0x00, 0x00, 0x00, 0x00, 0x00, 0x00, 0x00, 0x00,
    0x00, 0x00, 0x00, 0x00, 0x00, 0x00, 0x00, 0x00, 0x00, 0x00, 0x00, 0x00, 0x00, 0x00, 0x00, 0x00,
    0x00, 0x00, 0x00, 0x00, 0x00, 0x00, 0x00, 0x00, 0x00, 0x00, 0x00, 0x00, 0x00, 0x00, 0x00, 0x00,
    0x00, 0x00, 0x00, 0x00, 0x00, 0x00, 0x00, 0x00, 0x00, 0x00, 0x00, 0x00, 0x00, 0x00, 0x00, 0x00,
    0x00, 0x00, 0x00, 0x00, 0x00, 0x00, 0x00, 0x00, 0x00, 0x00, 0x00, 0x00, 0x00, 0x00, 0x00, 0x00,
    0x00, 0x00, 0x00, 0x00, 0x00, 0x00, 0x00, 0x00, 0x00, 0x00, 0x00, 0x00, 0x00, 0x00, 0x00, 0x00,
  } },
  { 0x0028, 30, {
    0x00, 0x00, 0x00, 0x00, 0x00, 0x00, 0x00, 0x00, 0x00, 0x00, 0x00, 0x00, 0x00, 0x00, 0x00, 0x00,
    0x00, 0x00, 0x00, 0x00, 0x00, 0x00, 0x00, 0x00, 0x00, 0x00, 0x00, 0x00, 0x00, 0x00, 0x00, 0x00,
    0x7C, 0x00, 0x00, 0x00, 0x00, 0x00, 0xF8, 0x00, 0x00, 0x00, 0x00, 0x01, 0xF8, 0x00, 0x00, 0x00,
    0x00, 0x03, 0xF0, 0x00, 0x00, 0x00, 0x00, 0x03, 0xE0, 0x00, 0x00, 0x00, 0x00, 0x07, 0xE0, 0x00,
    0x00, 0x00, 0x00, 0x07, 0xC0, 0x00, 0x00, 0x00, 0x00, 0x0F, 0xC0, 0x00, 0x00, 0x00, 0x00, 0x0F,
    0x80, 0x00, 0x00, 0x00, 0x00, 0x1F, 0x80, 0x00, 0x00, 0x00, 0x00, 0x1F, 0x00, 0x00, 0x00, 0x00,
    0x00, 0x1F, 0x00, 0x00, 0x00, 0x00, 0x00, 0x3F, 0x00, 0x00, 0x00, 0x00, 0x00, 0x3F, 0x00, 0x00,
    0x00, 0x00, 0x00, 0x3F, 0x00, 0x00, 0x00, 0x00, 0x00, 0x3E, 0x00, 0x00, 0x00, 0x00, 0x00, 0x3E,
    0x00, 0x00, 0x00, 0x00, 0x00, 0x3E, 0x00, 0x00, 0x00, 0x00, 0x00, 0x3E, 0x00, 0x00, 0x00, 0x00,
    0x00, 0x3E, 0x00, 0x00, 0x00, 0x00, 0x00, 0x3E, 0x00, 0x00, 0x00, 0x00, 0x00, 0x3E, 0x00, 0x00,
    0x00, 0x00, 0x00, 0x3F, 0x00, 0x00, 0x00, 0x00, 0x00, 0x3F, 0x00, 0x00, 0x00, 0x00, 0x00, 0x3F,
    0x00, 0x00, 0x00, 0x00, 0x00, 0x1F, 0x00, 0x00, 0x00, 0x00, 0x00, 0x1F, 0x00, 0x00, 0x00, 0x00,
    0x00, 0x1F, 0x80, 0x00, 0x00, 0x00, 0x00, 0x0F, 0x80, 0x00, 0x00, 0x00, 0x00, 0x0F, 0xC0, 0x00,
    0x00, 0x00, 0x00, 0x0F, 0xC0, 0x00, 0x00, 0x00, 0x00, 0x07, 0xE0, 0x00, 0x00, 0x00, 0x00, 0x03,
    0xE0, 0x00, 0x00, 0x00, 0x00, 0x03, 0xF0, 0x00, 0x00, 0x00, 0x00, 0x01, 0xF0, 0x00, 0x00, 0x00,
    0x00, 0x00, 0xF8, 0x00, 0x00, 0x00, 0x00, 0x00, 0x7C, 0x00, 0x00, 0x00, 0x00, 0x00, 0x00, 0x00,
    0x00, 0x00, 0x00, 0x00, 0x00, 0x00, 0x00, 0x00, 0x00, 0x00, 0x00, 0x00, 0x00, 0x00, 0x00, 0x00,
    0x00, 0x00, 0x00, 0x00, 0x00, 0x00, 0x00, 0x00, 0x00, 0x00, 0x00, 0x00, 0x00, 0x00, 0x00, 0x00,
  } },
  { 0x0029, 30, {
    0x00, 0x00, 0x00, 0x00, 0x00, 0x00, 0x00, 0x00, 0x00, 0x00, 0x00, 0x00, 0x00, 0x00, 0x00, 0x00,
    0x00, 0x00, 0x00, 0x00, 0x00, 0x00, 0x00, 0x00, 0x00, 0x00, 0x00, 0x00, 0x00, 0x00, 0x00, 0xF8,
    0x00, 0x00, 0x00, 0x00, 0x00, 0x7C, 0x00, 0x00, 0x00, 0x00, 0x00, 0x7E, 0x00, 0x00, 0x00, 0x00,
    0x00, 0x3E, 0x00, 0x00, 0x00, 0x00, 0x00, 0x3F, 0x00, 0x00, 0x00, 0x00, 0x00, 0x1F, 0x00, 0x00,
    0x00, 0x00, 0x00, 0x1F, 0x80, 0x00, 0x00, 0x00, 0x00, 0x0F, 0x80, 0x00, 0x00, 0x00, 0x00, 0x0F,
    0xC0, 0x00, 0x00, 0x00, 0x00, 0x0F, 0xC0, 0x00, 0x00, 0x00, 0x00, 0x07, 0xC0, 0x00, 0x00, 0x00,
    0x00, 0x07, 0xC0, 0x00, 0x00, 0x00, 0x00, 0x07, 0xE0, 0x00, 0x00, 0x00, 0x00, 0x07, 0xE0, 0x00,
    0x00, 0x00, 0x00, 0x07, 0xE0, 0x00, 0x00, 0x00, 0x00, 0x03, 0xE0, 0x00, 0x00, 0x00, 0x00, 0x03,
    0xE0, 0x00, 0x00, 0x00, 0x00, 0x03, 0xE0, 0x00, 0x00, 0x00, 0x00, 0x03, 0xE0, 0x00, 0x00, 0x00,
    0x00, 0x03, 0xE0, 0x00, 0x00, 0x00, 0x00, 0x03, 0xE0, 0x00, 0x00, 0x00, 0x00, 0x03, 0xE0, 0x00,
    0x00, 0x00, 0x00, 0x03, 0xE0, 0x00, 0x00, 0x00, 0x00, 0x07, 0xE0, 0x00, 0x00, 0x00, 0x00, 0x07,
    0xE0, 0x00, 0x00, 0x00, 0x00, 0x07, 0xC0, 0x00, 0x00, 0x00, 0x00, 0x07, 0xC0, 0x00, 0x00, 0x00,
    0x00, 0x0F, 0xC0, 0x00, 0x00, 0x00, 0x00, 0x0F, 0xC0, 0x00, 0x00, 0x00, 0x00, 0x0F, 0x80, 0x00,
    0x00, 0x00, 0x00, 0x1F, 0x80, 0x00, 0x00, 0x00, 0x00, 0x1F, 0x00, 0x00, 0x00, 0x00, 0x00, 0x3F,
    0x00, 0x00, 0x00, 0x00, 0x00, 0x3E, 0x00, 0x00, 0x00, 0x00, 0x00, 0x7E, 0x00, 0x00, 0x00, 0x00,
    0x00, 0x7C, 0x00, 0x00, 0x00, 0x00, 0x00, 0xF8, 0x00, 0x00, 0x00, 0x00, 0x00, 0x00, 0x00, 0x00,
    0x00, 0x00, 0x00, 0x00, 0x00, 0x00, 0x00, 0x00, 0x00, 0x00, 0x00, 0x00, 0x00, 0x00, 0x00, 0x00,
    0x00, 0x00, 0x00, 0x00, 0x00, 0x00, 0x00, 0x00, 0x00, 0x00, 0x00, 0x00, 0x00, 0x00, 0x00, 0x00,
  } },
  { 0x002A, 30, {
    0x00, 0x00, 0x00, 0x00, 0x00, 0x00, 0x00, 0x00, 0x00, 0x00, 0x00, 0x00, 0x00, 0x00, 0x00, 0x00,
    0x00, 0x00, 0x00, 0x00, 0x00, 0x00, 0x00, 0x00, 0x00, 0x00, 0x00, 0x00, 0x00, 0x00, 0x00, 0x00,
    0x00, 0x00, 0x00, 0x00, 0x00, 0x00, 0x00, 0x00, 0x00, 0x00, 0x00, 0x00, 0x00, 0x00, 0x00, 0x00,
    0x00, 0x00, 0x00, 0x00, 0x00, 0x00, 0x00, 0x0F, 0x00, 0x00, 0x00, 0x00, 0x00, 0x0F, 0x00, 0x00,
    0x00, 0x00, 0x00, 0x0F, 0x00, 0x00, 0x00, 0x00, 0x00, 0x0F, 0x00, 0x00, 0x00, 0x00, 0x01, 0x8F,
    0x0C, 0x00, 0x00, 0x00, 0x03, 0xEF, 0x7C, 0x00, 0x00, 0x00, 0x03, 0xFF, 0xFE, 0x00, 0x00, 0x00,
    0x03, 0xFF, 0xFE, 0x00, 0x00, 0x00, 0x00, 0xFF, 0xF8, 0x00, 0x00, 0x00, 0x00, 0x1F, 0x80, 0x00,
    0x00, 0x00, 0x00, 0x3F, 0xC0, 0x00, 0x00, 0x00, 0x00, 0x7B, 0xE0, 0x00, 0x00, 0x00, 0x00, 0xF9,
    0xF0, 0x00, 0x00, 0x00, 0x01, 0xF1, 0xF8, 0x00, 0x00, 0x00, 0x00, 0xF0, 0xF0, 0x00, 0x00, 0x00,
    0x00, 0x20, 0x40, 0x00, 0x00, 0x00, 0x00, 0x00, 0x00, 0x00, 0x00, 0x00, 0x00, 0x00, 0x00, 0x00,
    0x00, 0x00, 0x00, 0x00, 0x00, 0x00, 0x00, 0x00, 0x00, 0x00, 0x00, 0x00, 0x00, 0x00, 0x00, 0x00,
    0x00, 0x00, 0x00, 0x00, 0x00, 0x00, 0x00, 0x00, 0x00, 0x00, 0x00, 0x00, 0x00, 0x00, 0x00, 0x00,
    0x00, 0x00, 0x00, 0x00, 0x00, 0x00, 0x00, 0x00, 0x00, 0x00, 0x00, 0x00, 0x00, 0x00, 0x00, 0x00,
    0x00, 0x00, 0x00, 0x00, 0x00, 0x00, 0x00, 0x00, 0x00, 0x00, 0x00, 0x00, 0x00, 0x00, 0x00, 0x00,
    0x00, 0x00, 0x00, 0x00, 0x00, 0x00, 0x00, 0x00, 0x00, 0x00, 0x00, 0x00, 0x00, 0x00, 0x00, 0x00,
    0x00, 0x00, 0x00, 0x00, 0x00, 0x00, 0x00, 0x00, 0x00, 0x00, 0x00, 0x00, 0x00, 0x00, 0x00, 0x00,
    0x00, 0x00, 0x00, 0x00, 0x00, 0x00, 0x00, 0x00, 0x00, 0x00, 0x00, 0x00, 0x00, 0x00, 0x00, 0x00,
    0x00, 0x00, 0x00, 0x00, 0x00, 0x00, 0x00, 0x00, 0x00, 0x00, 0x00, 0x00, 0x00, 0x00, 0x00, 0x00,
  } },
  { 0x002B, 30, {
    0x00, 0x00, 0x00, 0x00, 0x00, 0x00, 0x00, 0x00, 0x00, 0x00, 0x00, 0x00, 0x00, 0x00, 0x00, 0x00,
    0x00, 0x00, 0x00, 0x00, 0x00, 0x00, 0x00, 0x00, 0x00, 0x00, 0x00, 0x00, 0x00, 0x00, 0x00, 0x00,
    0x00, 0x00, 0x00, 0x00, 0x00, 0x00, 0x00, 0x00, 0x00, 0x00, 0x00, 0x00, 0x00, 0x00, 0x00, 0x00,
    0x00, 0x00, 0x00, 0x00, 0x00, 0x00, 0x00, 0x00, 0x00, 0x00, 0x00, 0x00, 0x00, 0x00, 0x00, 0x00,
    0x00, 0x00, 0x00, 0x00, 0x00, 0x00, 0x00, 0x00, 0x00, 0x00, 0x00, 0x00, 0x00, 0x00, 0x00, 0x07,
    0x80, 0x00, 0x00, 0x00, 0x00, 0x07, 0x80, 0x00, 0x00, 0x00, 0x00, 0x07, 0x80, 0x00, 0x00, 0x00,
    0x00, 0x07, 0x80, 0x00, 0x00, 0x00, 0x00, 0x07, 0x80, 0x00, 0x00, 0x00, 0x00, 0x07, 0x80, 0x00,
    0x00, 0x00, 0x00, 0x07, 0x80, 0x00, 0x00, 0x00, 0x00, 0x07, 0x80, 0x00, 0x00, 0x00, 0x07, 0xFF,
    0xFF, 0x80, 0x00, 0x00, 0x07, 0xFF, 0xFF, 0x80, 0x00, 0x00, 0x07, 0xFF, 0xFF, 0x80, 0x00, 0x00,
    0x07, 0xFF, 0xFF, 0x80, 0x00, 0x00, 0x00, 0x07, 0x80, 0x00, 0x00, 0x00, 0x00, 0x07, 0x80, 0x00,
    0x00, 0x00, 0x00, 0x07, 0x80, 0x00, 0x00, 0x00, 0x00, 0x07, 0x80, 0x00, 0x00, 0x00, 0x00, 0x07,
    0x80, 0x00, 0x00, 0x00, 0x00, 0x07, 0x80, 0x00, 0x00, 0x00, 0x00, 0x07, 0x80, 0x00, 0x00, 0x00,
    0x00, 0x07, 0x80, 0x00, 0x00, 0x00, 0x00, 0x00, 0x00, 0x00, 0x00, 0x00, 0x00, 0x00, 0x00, 0x00,
    0x00, 0x00, 0x00, 0x00, 0x00, 0x00, 0x00, 0x00, 0x00, 0x00, 0x00, 0x00, 0x00, 0x00, 0x00, 0x00,
    0x00, 0x00, 0x00, 0x00, 0x00, 0x00, 0x00, 0x00, 0x00, 0x00, 0x00, 0x00, 0x00, 0x00, 0x00, 0x00,
    0x00, 0x00, 0x00, 0x00, 0x00, 0x00, 0x00, 0x00, 0x00, 0x00, 0x00, 0x00, 0x00, 0x00, 0x00, 0x00,
    0x00, 0x00, 0x00, 0x00, 0x00, 0x00, 0x00, 0x00, 0x00, 0x00, 0x00, 0x00, 0x00, 0x00, 0x00, 0x00,
    0x00, 0x00, 0x00, 0x00, 0x00, 0x00, 0x00, 0x00, 0x00, 0x00, 0x00, 0x00, 0x00, 0x00, 0x00, 0x00,
  } },
  { 0x002C, 30, {
    0x00, 0x00, 0x00, 0x00, 0x00, 0x00, 0x00, 0x00, 0x00, 0x00, 0x00, 0x00, 0x00, 0x00, 0x00, 0x00,
    0x00, 0x00, 0x00, 0x00, 0x00, 0x00, 0x00, 0x00, 0x00, 0x00, 0x00, 0x00, 0x00, 0x00, 0x00, 0x00,
    0x00, 0x00, 0x00, 0x00, 0x00, 0x00, 0x00, 0x00, 0x00, 0x00, 0x00, 0x00, 0x00, 0x00, 0x00, 0x00,
    0x00, 0x00, 0x00, 0x00, 0x00, 0x00, 0x00, 0x00, 0x00, 0x00, 0x00, 0x00, 0x00, 0x00, 0x00, 0x00,
    0x00, 0x00, 0x00, 0x00, 0x00, 0x00, 0x00, 0x00, 0x00, 0x00, 0x00, 0x00, 0x00, 0x00, 0x00, 0x00,
    0x00, 0x00, 0x00, 0x00, 0x00, 0x00, 0x00, 0x00, 0x00, 0x00, 0x00, 0x00, 0x00, 0x00, 0x00, 0x00,
    0x00, 0x00, 0x00, 0x00, 0x00, 0x00, 0x00, 0x00, 0x00, 0x00, 0x00, 0x00, 0x00, 0x00, 0x00, 0x00,
    0x00, 0x00, 0x00, 0x0F, 0xC0, 0x00, 0x00, 0x00, 0x00, 0x1F, 0xC0, 0x00, 0x00, 0x00, 0x00, 0x1F,
    0x80, 0x00, 0x00, 0x00, 0x00, 0x1F, 0x80, 0x00, 0x00, 0x00, 0x00, 0x1F, 0x80, 0x00, 0x00, 0x00,
    0x00, 0x1F, 0x00, 0x00, 0x00, 0x00, 0x00, 0x3F, 0x00, 0x00, 0x00, 0x00, 0x00, 0x3F, 0x00, 0x00,
    0x00, 0x00, 0x00, 0x3E, 0x00, 0x00, 0x00, 0x00, 0x00, 0x3E, 0x00, 0x00, 0x00, 0x00, 0x00, 0x00,
    0x00, 0x00, 0x00, 0x00, 0x00, 0x00, 0x00, 0x00, 0x00, 0x00, 0x00, 0x00, 0x00, 0x00, 0x00, 0x00,
    0x00, 0x00, 0x00, 0x00, 0x00, 0x00, 0x00, 0x00, 0x00, 0x00, 0x00, 0x00, 0x00, 0x00, 0x00, 0x00,
    0x00, 0x00, 0x00, 0x00, 0x00, 0x00, 0x00, 0x00, 0x00, 0x00, 0x00, 0x00, 0x00, 0x00, 0x00, 0x00,
    0x00, 0x00, 0x00, 0x00, 0x00, 0x00, 0x00, 0x00, 0x00, 0x00, 0x00, 0x00, 0x00, 0x00, 0x00, 0x00,
    0x00, 0x00, 0x00, 0x00, 0x00, 0x00, 0x00, 0x00, 0x00, 0x00, 0x00, 0x00, 0x00, 0x00, 0x00, 0x00,
    0x00, 0x00, 0x00, 0x00, 0x00, 0x00, 0x00, 0x00, 0x00, 0x00, 0x00, 0x00, 0x00, 0x00, 0x00, 0x00,
    0x00, 0x00, 0x00, 0x00, 0x00, 0x00, 0x00, 0x00, 0x00, 0x00, 0x00, 0x00, 0x00, 0x00, 0x00, 0x00,
  } },
  { 0x002D, 30, {
    0x00, 0x00, 0x00, 0x00, 0x00, 0x00, 0x00, 0x00, 0x00, 0x00, 0x00, 0x00, 0x00, 0x00, 0x00, 0x00,
    0x00, 0x00, 0x00, 0x00, 0x00, 0x00, 0x00, 0x00, 0x00, 0x00, 0x00, 0x00, 0x00, 0x00, 0x00, 0x00,
    0x00, 0x00, 0x00, 0x00, 0x00, 0x00, 0x00, 0x00, 0x00, 0x00, 0x00, 0x00, 0x00, 0x00, 0x00, 0x00,
    0x00, 0x00, 0x00, 0x00, 0x00, 0x00, 0x00, 0x00, 0x00, 0x00, 0x00, 0x00, 0x00, 0x00, 0x00, 0x00,
    0x00, 0x00, 0x00, 0x00, 0x00, 0x00, 0x00, 0x00, 0x00, 0x00, 0x00, 0x00, 0x00, 0x00, 0x00, 0x00,
    0x00, 0x00, 0x00, 0x00, 0x00, 0x00, 0x00, 0x00, 0x00, 0x00, 0x00, 0x00, 0x00, 0x00, 0x00, 0x00,
    0x00, 0x00, 0x00, 0x00, 0x00, 0x00, 0x00, 0x7F, 0xF0, 0x00, 0x00, 0x00, 0x00, 0x7F, 0xF0, 0x00,
    0x00, 0x00, 0x00, 0x7F, 0xF0, 0x00, 0x00, 0x00, 0x00, 0x7F, 0xF0, 0x00, 0x00, 0x00, 0x00, 0x7F,
    0xF0, 0x00, 0x00, 0x00, 0x00, 0x00, 0x00, 0x00, 0x00, 0x00, 0x00, 0x00, 0x00, 0x00, 0x00, 0x00,
    0x00, 0x00, 0x00, 0x00, 0x00, 0x00, 0x00, 0x00, 0x00, 0x00, 0x00, 0x00, 0x00, 0x00, 0x00, 0x00,
    0x00, 0x00, 0x00, 0x00, 0x00, 0x00, 0x00, 0x00, 0x00, 0x00, 0x00, 0x00, 0x00, 0x00, 0x00, 0x00,
    0x00, 0x00, 0x00, 0x00, 0x00, 0x00, 0x00, 0x00, 0x00, 0x00, 0x00, 0x00, 0x00, 0x00, 0x00, 0x00,
    0x00, 0x00, 0x00, 0x00, 0x00, 0x00, 0x00, 0x00, 0x00, 0x00, 0x00, 0x00, 0x00, 0x00, 0x00, 0x00,
    0x00, 0x00, 0x00, 0x00, 0x00, 0x00, 0x00, 0x00, 0x00, 0x00, 0x00, 0x00, 0x00, 0x00, 0x00, 0x00,
    0x00, 0x00, 0x00, 0x00, 0x00, 0x00, 0x00, 0x00, 0x00, 0x00, 0x00, 0x00, 0x00, 0x00, 0x00, 0x00,
    0x00, 0x00, 0x00, 0x00, 0x00, 0x00, 0x00, 0x00, 0x00, 0x00, 0x00, 0x00, 0x00, 0x00, 0x00, 0x00,
    0x00, 0x00, 0x00, 0x00, 0x00, 0x00, 0x00, 0x00, 0x00, 0x00, 0x00, 0x00, 0x00, 0x00, 0x00, 0x00,
    0x00, 0x00, 0x00, 0x00, 0x00, 0x00, 0x00, 0x00, 0x00, 0x00, 0x00, 0x00, 0x00, 0x00, 0x00, 0x00,
  } },
  { 0x002E, 30, {
    0x00, 0x00, 0x00, 0x00, 0x00, 0x00, 0x00, 0x00, 0x00, 0x00, 0x00, 0x00, 0x00, 0x00, 0x00, 0x00,
    0x00, 0x00, 0x00, 0x00, 0x00, 0x00, 0x00, 0x00, 0x00, 0x00, 0x00, 0x00, 0x00, 0x00, 0x00, 0x00,
    0x00, 0x00, 0x00, 0x00, 0x00, 0x00, 0x00, 0x00, 0x00, 0x00, 0x00, 0x00, 0x00, 0x00, 0x00, 0x00,
    0x00, 0x00, 0x00, 0x00, 0x00, 0x00, 0x00, 0x00, 0x00, 0x00, 0x00, 0x00, 0x00, 0x00, 0x00, 0x00,
    0x00, 0x00, 0x00, 0x00, 0x00, 0x00, 0x00, 0x00, 0x00, 0x00, 0x00, 0x00, 0x00, 0x00, 0x00, 0x00,
    0x00, 0x00, 0x00, 0x00, 0x00, 0x00, 0x00, 0x00, 0x00, 0x00, 0x00, 0x00, 0x00, 0x00, 0x00, 0x00,
    0x00, 0x00, 0x00, 0x00, 0x00, 0x00, 0x00, 0x00, 0x00, 0x00, 0x00, 0x00, 0x00, 0x00, 0x00, 0x00,
    0x00, 0x00, 0x00, 0x00, 0x00, 0x00, 0x00, 0x00, 0x00, 0x07, 0x00, 0x00, 0x00, 0x00, 0x00, 0x0F,
    0x80, 0x00, 0x00, 0x00, 0x00, 0x1F, 0xC0, 0x00, 0x00, 0x00, 0x00, 0x1F, 0xC0, 0x00, 0x00, 0x00,
    0x00, 0x1F, 0xC0, 0x00, 0x00, 0x00, 0x00, 0x1F, 0xC0, 0x00, 0x00, 0x00, 0x00, 0x0F, 0x80, 0x00,
    0x00, 0x00, 0x00, 0x00, 0x00, 0x00, 0x00, 0x00, 0x00, 0x00, 0x00, 0x00, 0x00, 0x00, 0x00, 0x00,
    0x00, 0x00, 0x00, 0x00, 0x00, 0x00, 0x00, 0x00, 0x00, 0x00, 0x00, 0x00, 0x00, 0x00, 0x00, 0x00,
    0x00, 0x00, 0x00, 0x00, 0x00, 0x00, 0x00, 0x00, 0x00, 0x00, 0x00, 0x00, 0x00, 0x00, 0x00, 0x00,
    0x00, 0x00, 0x00, 0x00, 0x00, 0x00, 0x00, 0x00, 0x00, 0x00, 0x00, 0x00, 0x00, 0x00, 0x00, 0x00,
    0x00, 0x00, 0x00, 0x00, 0x00, 0x00, 0x00, 0x00, 0x00, 0x00, 0x00, 0x00, 0x00, 0x00, 0x00, 0x00,
    0x00, 0x00, 0x00, 0x00, 0x00, 0x00, 0x00, 0x00, 0x00, 0x00, 0x00, 0x00, 0x00, 0x00, 0x00, 0x00,
    0x00, 0x00, 0x00, 0x00, 0x00, 0x00, 0x00, 0x00, 0x00, 0x00, 0x00, 0x00, 0x00, 0x00, 0x00, 0x00,
    0x00, 0x00, 0x00, 0x00, 0x00, 0x00, 0x00, 0x00, 0x00, 0x00, 0x00, 0x00, 0x00, 0x00, 0x00, 0x00,
  } },
  { 0x002F, 30, {
    0x00, 0x00, 0x00, 0x00, 0x00, 0x00, 0x00, 0x00, 0x00, 0x00, 0x00, 0x00, 0x00, 0x00, 0x00, 0x00,
    0x00, 0x00, 0x00, 0x00, 0x00, 0x00, 0x00, 0x00, 0x00, 0x00, 0x00, 0x00, 0x00, 0x00, 0x00, 0x00,
    0x00, 0x00, 0x00, 0x00, 0x00, 0x00, 0x00, 0x00, 0x00, 0x00, 0x00, 0x00, 0x1F, 0x80, 0x00, 0x00,
    0x00, 0x00, 0x3F, 0x80, 0x00, 0x00, 0x00, 0x00, 0x3F, 0x00, 0x00, 0x00, 0x00, 0x00, 0x7F, 0x00,
    0x00, 0x00, 0x00, 0x00, 0x7E, 0x00, 0x00, 0x00, 0x00, 0x00, 0x7E, 0x00, 0x00, 0x00, 0x00, 0x00,
    0xFC, 0x00, 0x00, 0x00, 0x00, 0x00, 0xFC, 0x00, 0x00, 0x00, 0x00, 0x01, 0xFC, 0x00, 0x00, 0x00,
    0x00, 0x01, 0xF8, 0x00, 0x00, 0x00, 0x00, 0x03, 0xF8, 0x00, 0x00, 0x00, 0x00, 0x03, 0xF0, 0x00,
    0x00, 0x00, 0x00, 0x03, 0xF0, 0x00, 0x00, 0x00, 0x00, 0x07, 0xE0, 0x00, 0x00, 0x00, 0x00, 0x07,
    0xE0, 0x00, 0x00, 0x00, 0x00, 0x0F, 0xE0, 0x00, 0x00, 0x00, 0x00, 0x0F, 0xC0, 0x00, 0x00, 0x00,
    0x00, 0x0F, 0xC0, 0x00, 0x00, 0x00, 0x00, 0x1F, 0x80, 0x00, 0x00, 0x00, 0x00, 0x1F, 0x80, 0x00,
    0x00, 0x00, 0x00, 0x3F, 0x00, 0x00, 0x00, 0x00, 0x00, 0x3F, 0x00, 0x00, 0x00, 0x00, 0x00, 0x7E,
    0x00, 0x00, 0x00, 0x00, 0x00, 0x7E, 0x00, 0x00, 0x00, 0x00, 0x00, 0x7E, 0x00, 0x00, 0x00, 0x00,
    0x00, 0xFC, 0x00, 0x00, 0x00, 0x00, 0x00, 0xFC, 0x00, 0x00, 0x00, 0x00, 0x01, 0xF8, 0x00, 0x00,
    0x00, 0x00, 0x01, 0xF8, 0x00, 0x00, 0x00, 0x00, 0x03, 0xF0, 0x00, 0x00, 0x00, 0x00, 0x03, 0xF0,
    0x00, 0x00, 0x00, 0x00, 0x03, 0xF0, 0x00, 0x00, 0x00, 0x00, 0x07, 0xE0, 0x00, 0x00, 0x00, 0x00,
    0x07, 0xE0, 0x00, 0x00, 0x00, 0x00, 0x00, 0x00, 0x00, 0x00, 0x00, 0x00, 0x00, 0x00, 0x00, 0x00,
    0x00, 0x00, 0x00, 0x00, 0x00, 0x00, 0x00, 0x00, 0x00, 0x00, 0x00, 0x00, 0x00, 0x00, 0x00, 0x00,
    0x00, 0x00, 0x00, 0x00, 0x00, 0x00, 0x00, 0x00, 0x00, 0x00, 0x00, 0x00, 0x00, 0x00, 0x00, 0x00,
  } },
  { 0x0030, 30, {
    0x00, 0x00, 0x00, 0x00, 0x00, 0x00, 0x00, 0x00, 0x00, 0x00, 0x00, 0x00, 0x00, 0x00, 0x00, 0x00,
    0x00, 0x00, 0x00, 0x00, 0x00, 0x00, 0x00, 0x00, 0x00, 0x00, 0x00, 0x00, 0x00, 0x00, 0x00, 0x00,
    0x00, 0x00, 0x00, 0x00, 0x00, 0x00, 0x00, 0x00, 0x00, 0x00, 0x00, 0x00, 0x00, 0x00, 0x00, 0x00,
    0x00, 0x00, 0x00, 0x00, 0x00, 0x00, 0x00, 0x1F, 0xE0, 0x00, 0x00, 0x00, 0x00, 0x7F, 0xF8, 0x00,
    0x00, 0x00, 0x00, 0xFF, 0xFC, 0x00, 0x00, 0x00, 0x01, 0xFF, 0xFE, 0x00, 0x00, 0x00, 0x03, 0xFF,
    0xFE, 0x00, 0x00, 0x00, 0x03, 0xF8, 0xFF, 0x00, 0x00, 0x00, 0x07, 0xF0, 0x7F, 0x00, 0x00, 0x00,
    0x07, 0xE0, 0x3F, 0x00, 0x00, 0x00, 0x07, 0xE0, 0x3F, 0x80, 0x00, 0x00, 0x0F, 0xE0, 0x3F, 0x80,
    0x00, 0x00, 0x0F, 0xE0, 0x3F, 0x80, 0x00, 0x00, 0x0F, 0xC0, 0x1F, 0x80, 0x00, 0x00, 0x0F, 0xC0,
    0x1F, 0x80, 0x00, 0x00, 0x0F, 0xC0, 0x1F, 0x80, 0x00, 0x00, 0x0F, 0xC0, 0x1F, 0x80, 0x00, 0x00,
    0x0F, 0xC0, 0x1F, 0x80, 0x00, 0x00, 0x0F, 0xC0, 0x1F, 0x80, 0x00, 0x00, 0x0F, 0xC0, 0x1F, 0x80,
    0x00, 0x00, 0x0F, 0xC0, 0x1F, 0x80, 0x00, 0x00, 0x0F, 0xC0, 0x3F, 0x80, 0x00, 0x00, 0x0F, 0xE0,
    0x3F, 0x80, 0x00, 0x00, 0x0F, 0xE0, 0x3F, 0x00, 0x00, 0x00, 0x07, 0xE0, 0x3F, 0x00, 0x00, 0x00,
    0x07, 0xF0, 0x7F, 0x00, 0x00, 0x00, 0x07, 0xF8, 0xFE, 0x00, 0x00, 0x00, 0x03, 0xFF, 0xFE, 0x00,
    0x00, 0x00, 0x03, 0xFF, 0xFC, 0x00, 0x00, 0x00, 0x01, 0xFF, 0xF8, 0x00, 0x00, 0x00, 0x00, 0x7F,
    0xF0, 0x00, 0x00, 0x00, 0x00, 0x3F, 0xC0, 0x00, 0x00, 0x00, 0x00, 0x00, 0x00, 0x00, 0x00, 0x00,
    0x00, 0x00, 0x00, 0x00, 0x00, 0x00, 0x00, 0x00, 0x00, 0x00, 0x00, 0x00, 0x00, 0x00, 0x00, 0x00,
    0x00, 0x00, 0x00, 0x00, 0x00, 0x00, 0x00, 0x00, 0x00, 0x00, 0x00, 0x00, 0x00, 0x00, 0x00, 0x00,
    0x00, 0x00, 0x00, 0x00, 0x00, 0x00, 0x00, 0x00, 0x00, 0x00, 0x00, 0x00, 0x00, 0x00, 0x00, 0x00,
  } },
  { 0x0031, 30, {
    0x00, 0x00, 0x00, 0x00, 0x00, 0x00, 0x00, 0x00, 0x00, 0x00, 0x00, 0x00, 0x00, 0x00, 0x00, 0x00,
    0x00, 0x00, 0x00, 0x00, 0x00, 0x00, 0x00, 0x00, 0x00, 0x00, 0x00, 0x00, 0x00, 0x00, 0x00, 0x00,
    0x00, 0x00, 0x00, 0x00, 0x00, 0x00, 0x00, 0x00, 0x00, 0x00, 0x00, 0x00, 0x00, 0x00, 0x00, 0x00,
    0x00, 0x00, 0x00, 0x00, 0x00, 0x00, 0x00, 0x03, 0xE0, 0x00, 0x00, 0x00, 0x00, 0x07, 0xE0, 0x00,
    0x00, 0x00, 0x00, 0x1F, 0xE0, 0x00, 0x00, 0x00, 0x00, 0x7F, 0xE0, 0x00, 0x00, 0x00, 0x03, 0xFF,
    0xE0, 0x00, 0x00, 0x00, 0x03, 0xFF, 0xE0, 0x00, 0x00, 0x00, 0x03, 0xFF, 0xE0, 0x00, 0x00, 0x00,
    0x03, 0xFF, 0xE0, 0x00, 0x00, 0x00, 0x03, 0xE7, 0xE0, 0x00, 0x00, 0x00, 0x03, 0x87, 0xE0, 0x00,
    0x00, 0x00, 0x00, 0x07, 0xE0, 0x00, 0x00, 0x00, 0x00, 0x07, 0xE0, 0x00, 0x00, 0x00, 0x00, 0x07,
    0xE0, 0x00, 0x00, 0x00, 0x00, 0x07, 0xE0, 0x00, 0x00, 0x00, 0x00, 0x07, 0xE0, 0x00, 0x00, 0x00,
    0x00, 0x07, 0xE0, 0x00, 0x00, 0x00, 0x00, 0x07, 0xE0, 0x00, 0x00, 0x00, 0x00, 0x07, 0xE0, 0x00,
    0x00, 0x00, 0x00, 0x07, 0xE0, 0x00, 0x00, 0x00, 0x00, 0x07, 0xE0, 0x00, 0x00, 0x00, 0x00, 0x07,
    0xE0, 0x00, 0x00, 0x00, 0x00, 0x07, 0xE0, 0x00, 0x00, 0x00, 0x00, 0x07, 0xE0, 0x00, 0x00, 0x00,
    0x00, 0x07, 0xE0, 0x00, 0x00, 0x00, 0x00, 0x07, 0xE0, 0x00, 0x00, 0x00, 0x00, 0x07, 0xE0, 0x00,
    0x00, 0x00, 0x00, 0x07, 0xE0, 0x00, 0x00, 0x00, 0x00, 0x07, 0xE0, 0x00, 0x00, 0x00, 0x00, 0x07,
    0xE0, 0x00, 0x00, 0x00, 0x00, 0x07, 0xE0, 0x00, 0x00, 0x00, 0x00, 0x00, 0x00, 0x00, 0x00, 0x00,
    0x00, 0x00, 0x00, 0x00, 0x00, 0x00, 0x00, 0x00, 0x00, 0x00, 0x00, 0x00, 0x00, 0x00, 0x00, 0x00,
    0x00, 0x00, 0x00, 0x00, 0x00, 0x00, 0x00, 0x00, 0x00, 0x00, 0x00, 0x00, 0x00, 0x00, 0x00, 0x00,
    0x00, 0x00, 0x00, 0x00, 0x00, 0x00, 0x00, 0x00, 0x00, 0x00, 0x00, 0x00, 0x00, 0x00, 0x00, 0x00,
  } },
  { 0x0032, 30, {
    0x00, 0x00, 0x00, 0x00, 0x00, 0x00, 0x00, 0x00, 0x00, 0x00, 0x00, 0x00, 0x00, 0x00, 0x00, 0x00,
    0x00, 0x00, 0x00, 0x00, 0x00, 0x00, 0x00, 0x00, 0x00, 0x00, 0x00, 0x00, 0x00, 0x00, 0x00, 0x00,
    0x00, 0x00, 0x00, 0x00, 0x00, 0x00, 0x00, 0x00, 0x00, 0x00, 0x00, 0x00, 0x00, 0x00, 0x00, 0x00,
    0x00, 0x00, 0x00, 0x00, 0x00, 0x00, 0x00, 0x3F, 0xE0, 0x00, 0x00, 0x00, 0x01, 0xFF, 0xF8, 0x00,
    0x00, 0x00, 0x03, 0xFF, 0xFC, 0x00, 0x00, 0x00, 0x03, 0xFF, 0xFE, 0x00, 0x00, 0x00, 0x03, 0xFF,
    0xFE, 0x00, 0x00, 0x00, 0x03, 0xE0, 0xFF, 0x00, 0x00, 0x00, 0x03, 0x80, 0x7F, 0x00, 0x00, 0x00,
    0x02, 0x00, 0x3F, 0x00, 0x00, 0x00, 0x00, 0x00, 0x3F, 0x00, 0x00, 0x00, 0x00, 0x00, 0x3F, 0x00,
    0x00, 0x00, 0x00, 0x00, 0x3F, 0x00, 0x00, 0x00, 0x00, 0x00, 0x7F, 0x00, 0x00, 0x00, 0x00, 0x00,
    0x7E, 0x00, 0x00, 0x00, 0x00, 0x00, 0xFE, 0x00, 0x00, 0x00, 0x00, 0x01, 0xFC, 0x00, 0x00, 0x00,
    0x00, 0x07, 0xFC, 0x00, 0x00, 0x00, 0x00, 0x0F, 0xF8, 0x00, 0x00, 0x00, 0x00, 0x1F, 0xF0, 0x00,
    0x00, 0x00, 0x00, 0x3F, 0xE0, 0x00, 0x00, 0x00, 0x00, 0xFF, 0x80, 0x00, 0x00, 0x00, 0x00, 0xFF,
    0x00, 0x00, 0x00, 0x00, 0x01, 0xFE, 0x00, 0x00, 0x00, 0x00, 0x03, 0xFC, 0x00, 0x00, 0x00, 0x00,
    0x03, 0xF8, 0x00, 0x00, 0x00, 0x00, 0x07, 0xF8, 0x00, 0x00, 0x00, 0x00, 0x07, 0xFF, 0xFF, 0x00,
    0x00, 0x00, 0x07, 0xFF, 0xFF, 0x00, 0x00, 0x00, 0x07, 0xFF, 0xFF, 0x00, 0x00, 0x00, 0x07, 0xFF,
    0xFF, 0x00, 0x00, 0x00, 0x07, 0xFF, 0xFF, 0x00, 0x00, 0x00, 0x00, 0x00, 0x00, 0x00, 0x00, 0x00,
    0x00, 0x00, 0x00, 0x00, 0x00, 0x00, 0x00, 0x00, 0x00, 0x00, 0x00, 0x00, 0x00, 0x00, 0x00, 0x00,
    0x00, 0x00, 0x00, 0x00, 0x00, 0x00, 0x00, 0x00, 0x00, 0x00, 0x00, 0x00, 0x00, 0x00, 0x00, 0x00,
    0x00, 0x00, 0x00, 0x00, 0x00, 0x00, 0x00, 0x00, 0x00, 0x00, 0x00, 0x00, 0x00, 0x00, 0x00, 0x00,
  } },
  { 0x0033, 30, {
    0x00, 0x00, 0x00, 0x00, 0x00, 0x00, 0x00, 0x00, 0x00, 0x00, 0x00, 0x00, 0x00, 0x00, 0x00, 0x00,
    0x00, 0x00, 0x00, 0x00, 0x00, 0x00, 0x00, 0x00, 0x00, 0x00, 0x00, 0x00, 0x00, 0x00, 0x00, 0x00,
    0x00, 0x00, 0x00, 0x00, 0x00, 0x00, 0x00, 0x00, 0x00, 0x00, 0x00, 0x00, 0x00, 0x00, 0x00, 0x00,
    0x00, 0x00, 0x00, 0x00, 0x00, 0x00, 0x00, 0x7F, 0xC0, 0x00, 0x00, 0x00, 0x01, 0xFF, 0xF0, 0x00,
    0x00, 0x00, 0x01, 0xFF, 0xF8, 0x00, 0x00, 0x00, 0x01, 0xFF, 0xFC, 0x00, 0x00, 0x00, 0x01, 0xFF,
    0xFE, 0x00, 0x00, 0x00, 0x01, 0xC1, 0xFE, 0x00, 0x00, 0x00, 0x01, 0x00, 0xFE, 0x00, 0x00, 0x00,
    0x00, 0x00, 0x7E, 0x00, 0x00, 0x00, 0x00, 0x00, 0x7E, 0x00, 0x00, 0x00, 0x00, 0x00, 0x7E, 0x00,
    0x00, 0x00, 0x00, 0x00, 0xFE, 0x00, 0x00, 0x00, 0x00, 0x03, 0xFC, 0x00, 0x00, 0x00, 0x00, 0x7F,
    0xF8, 0x00, 0x00, 0x00, 0x00, 0x7F, 0xF0, 0x00, 0x00, 0x00, 0x00, 0x7F, 0xF0, 0x00, 0x00, 0x00,
    0x00, 0x7F, 0xFC, 0x00, 0x00, 0x00, 0x00, 0x7F, 0xFE, 0x00, 0x00, 0x00, 0x00, 0x01, 0xFE, 0x00,
    0x00, 0x00, 0x00, 0x00, 0x7F, 0x00, 0x00, 0x00, 0x00, 0x00, 0x7F, 0x00, 0x00, 0x00, 0x00, 0x00,
    0x3F, 0x00, 0x00, 0x00, 0x00, 0x00, 0x3F, 0x00, 0x00, 0x00, 0x00, 0x00, 0x3F, 0x00, 0x00, 0x00,
    0x02, 0x00, 0x7F, 0x00, 0x00, 0x00, 0x03, 0x80, 0xFF, 0x00, 0x00, 0x00, 0x03, 0xFF, 0xFE, 0x00,
    0x00, 0x00, 0x03, 0xFF, 0xFC, 0x00, 0x00, 0x00, 0x03, 0xFF, 0xF8, 0x00, 0x00, 0x00, 0x03, 0xFF,
    0xF0, 0x00, 0x00, 0x00, 0x00, 0xFF, 0xC0, 0x00, 0x00, 0x00, 0x00, 0x00, 0x00, 0x00, 0x00, 0x00,
    0x00, 0x00, 0x00, 0x00, 0x00, 0x00, 0x00, 0x00, 0x00, 0x00, 0x00, 0x00, 0x00, 0x00, 0x00, 0x00,
    0x00, 0x00, 0x00, 0x00, 0x00, 0x00, 0x00, 0x00, 0x00, 0x00, 0x00, 0x00, 0x00, 0x00, 0x00, 0x00,
    0x00, 0x00, 0x00, 0x00, 0x00, 0x00, 0x00, 0x00, 0x00, 0x00, 0x00, 0x00, 0x00, 0x00, 0x00, 0x00,
  } },
  { 0x0034, 30, {
    0x00, 0x00, 0x00, 0x00, 0x00, 0x00, 0x00, 0x00, 0x00, 0x00, 0x00, 0x00, 0x00, 0x00, 0x00, 0x00,
    0x00, 0x00, 0x00, 0x00, 0x00, 0x00, 0x00, 0x00, 0x00, 0x00, 0x00, 0x00, 0x00, 0x00, 0x00, 0x00,
    0x00, 0x00, 0x00, 0x00, 0x00, 0x00, 0x00, 0x00, 0x00, 0x00, 0x00, 0x00, 0x00, 0x00, 0x00, 0x00,
    0x00, 0x00, 0x00, 0x00, 0x00, 0x00, 0x00, 0x00, 0xFE, 0x00, 0x00, 0x00, 0x00, 0x00, 0xFE, 0x00,
    0x00, 0x00, 0x00, 0x01, 0xFE, 0x00, 0x00, 0x00, 0x00, 0x01, 0xFE, 0x00, 0x00, 0x00, 0x00, 0x03,
    0xFE, 0x00, 0x00, 0x00, 0x00, 0x03, 0xFE, 0x00, 0x00, 0x00, 0x00, 0x07, 0xFE, 0x00, 0x00, 0x00,
    0x00, 0x0F, 0xFE, 0x00, 0x00, 0x00, 0x00, 0x0F, 0xFE, 0x00, 0x00, 0x00, 0x00, 0x1F, 0x7E, 0x00,
    0x00, 0x00, 0x00, 0x3F, 0x7E, 0x00, 0x00, 0x00, 0x00, 0x3E, 0x7E, 0x00, 0x00, 0x00, 0x00, 0x7C,
    0x7E, 0x00, 0x00, 0x00, 0x00, 0xFC, 0x7E, 0x00, 0x00, 0x00, 0x01, 0xF8, 0x7E, 0x00, 0x00, 0x00,
    0x01, 0xF0, 0x7E, 0x00, 0x00, 0x00, 0x03, 0xF0, 0x7E, 0x00, 0x00, 0x00, 0x07, 0xE0, 0x7E, 0x00,
    0x00, 0x00, 0x0F, 0xC0, 0x7E, 0x00, 0x00, 0x00, 0x0F, 0xFF, 0xFF, 0xE0, 0x00, 0x00, 0x0F, 0xFF,
    0xFF, 0xE0, 0x00, 0x00, 0x0F, 0xFF, 0xFF, 0xE0, 0x00, 0x00, 0x0F, 0xFF, 0xFF, 0xE0, 0x00, 0x00,
    0x0F, 0xFF, 0xFF, 0xE0, 0x00, 0x00, 0x00, 0x00, 0x7E, 0x00, 0x00, 0x00, 0x00, 0x00, 0x7E, 0x00,
    0x00, 0x00, 0x00, 0x00, 0x7E, 0x00, 0x00, 0x00, 0x00, 0x00, 0x7E, 0x00, 0x00, 0x00, 0x00, 0x00,
    0x7E, 0x00, 0x00, 0x00, 0x00, 0x00, 0x7E, 0x00, 0x00, 0x00, 0x00, 0x00, 0x00, 0x00, 0x00, 0x00,
    0x00, 0x00, 0x00, 0x00, 0x00, 0x00, 0x00, 0x00, 0x00, 0x00, 0x00, 0x00, 0x00, 0x00, 0x00, 0x00,
    0x00, 0x00, 0x00, 0x00, 0x00, 0x00, 0x00, 0x00, 0x00, 0x00, 0x00, 0x00, 0x00, 0x00, 0x00, 0x00,
    0x00, 0x00, 0x00, 0x00, 0x00, 0x00, 0x00, 0x00, 0x00, 0x00, 0x00, 0x00, 0x00, 0x00, 0x00, 0x00,
  } },
  { 0x0035, 30, {
    0x00, 0x00, 0x00, 0x00, 0x00, 0x00, 0x00, 0x00, 0x00, 0x00, 0x00, 0x00, 0x00, 0x00, 0x00, 0x00,
    0x00, 0x00, 0x00, 0x00, 0x00, 0x00, 0x00, 0x00, 0x00, 0x00, 0x00, 0x00, 0x00, 0x00, 0x00, 0x00,
    0x00, 0x00, 0x00, 0x00, 0x00, 0x00, 0x00, 0x00, 0x00, 0x00, 0x00, 0x00, 0x00, 0x00, 0x00, 0x00,
    0x00, 0x00, 0x00, 0x00, 0x00, 0x00, 0x00, 0xFF, 0xFE, 0x00, 0x00, 0x00, 0x00, 0xFF, 0xFE, 0x00,
    0x00, 0x00, 0x00, 0xFF, 0xFE, 0x00, 0x00, 0x00, 0x00, 0xFF, 0xFE, 0x00, 0x00, 0x00, 0x00, 0xFF,
    0xFE, 0x00, 0x00, 0x00, 0x01, 0xFC, 0x00, 0x00, 0x00, 0x00, 0x01, 0xFC, 0x00, 0x00, 0x00, 0x00,
    0x01, 0xF8, 0x00, 0x00, 0x00, 0x00, 0x01, 0xF8, 0x00, 0x00, 0x00, 0x00, 0x01, 0xF8, 0x00, 0x00,
    0x00, 0x00, 0x01, 0xF8, 0x00, 0x00, 0x00, 0x00, 0x01, 0xFF, 0xE0, 0x00, 0x00, 0x00, 0x01, 0xFF,
    0xF8, 0x00, 0x00, 0x00, 0x01, 0xFF, 0xFC, 0x00, 0x00, 0x00, 0x01, 0xFF, 0xFE, 0x00, 0x00, 0x00,
    0x01, 0xFF, 0xFE, 0x00, 0x00, 0x00, 0x00, 0x01, 0xFF, 0x00, 0x00, 0x00, 0x00, 0x00, 0x7F, 0x00,
    0x00, 0x00, 0x00, 0x00, 0x7F, 0x00, 0x00, 0x00, 0x00, 0x00, 0x3F, 0x00, 0x00, 0x00, 0x00, 0x00,
    0x3F, 0x00, 0x00, 0x00, 0x00, 0x00, 0x3F, 0x00, 0x00, 0x00, 0x00, 0x00, 0x7F, 0x00, 0x00, 0x00,
    0x01, 0x00, 0x7F, 0x00, 0x00, 0x00, 0x01, 0xC0, 0xFE, 0x00, 0x00, 0x00, 0x01, 0xFF, 0xFE, 0x00,
    0x00, 0x00, 0x01, 0xFF, 0xFC, 0x00, 0x00, 0x00, 0x01, 0xFF, 0xF8, 0x00, 0x00, 0x00, 0x01, 0xFF,
    0xF0, 0x00, 0x00, 0x00, 0x00, 0x7F, 0xC0, 0x00, 0x00, 0x00, 0x00, 0x00, 0x00, 0x00, 0x00, 0x00,
    0x00, 0x00, 0x00, 0x00, 0x00, 0x00, 0x00, 0x00, 0x00, 0x00, 0x00, 0x00, 0x00, 0x00, 0x00, 0x00,
    0x00, 0x00, 0x00, 0x00, 0x00, 0x00, 0x00, 0x00, 0x00, 0x00, 0x00, 0x00, 0x00, 0x00, 0x00, 0x00,
    0x00, 0x00, 0x00, 0x00, 0x00, 0x00, 0x00, 0x00, 0x00, 0x00, 0x00, 0x00, 0x00, 0x00, 0x00, 0x00,
  } },
  { 0x0036, 30, {
    0x00, 0x00, 0x00, 0x00, 0x00, 0x00, 0x00, 0x00, 0x00, 0x00, 0x00, 0x00, 0x00, 0x00, 0x00, 0x00,
    0x00, 0x00, 0x00, 0x00, 0x00, 0x00, 0x00, 0x00, 0x00, 0x00, 0x00, 0x00, 0x00, 0x00, 0x00, 0x00,
    0x00, 0x00, 0x00, 0x00, 0x00, 0x00, 0x00, 0x00, 0x00, 0x00, 0x00, 0x00, 0x00, 0x00, 0x00, 0x00,
    0x00, 0x00, 0x00, 0x00, 0x00, 0x00, 0x00, 0x03, 0xFF, 0x00, 0x00, 0x00, 0x00, 0x0F, 0xFF, 0x00,
    0x00, 0x00, 0x00, 0x3F, 0xFF, 0x00, 0x00, 0x00, 0x00, 0x7F, 0xFF, 0x00, 0x00, 0x00, 0x00, 0xFF,
    0xFF, 0x00, 0x00, 0x00, 0x00, 0xFF, 0x01, 0x00, 0x00, 0x00, 0x01, 0xFC, 0x00, 0x00, 0x00, 0x00,
    0x01, 0xF8, 0x00, 0x00, 0x00, 0x00, 0x03, 0xF0, 0x00, 0x00, 0x00, 0x00, 0x03, 0xF0, 0x00, 0x00,
    0x00, 0x00, 0x03, 0xF0, 0x00, 0x00, 0x00, 0x00, 0x07, 0xE3, 0xF8, 0x00, 0x00, 0x00, 0x07, 0xEF,
    0xFE, 0x00, 0x00, 0x00, 0x07, 0xFF, 0xFF, 0x00, 0x00, 0x00, 0x07, 0xFF, 0xFF, 0x80, 0x00, 0x00,
    0x07, 0xFF, 0xFF, 0x80, 0x00, 0x00, 0x07, 0xF8, 0x3F, 0xC0, 0x00, 0x00, 0x07, 0xF0, 0x1F, 0xC0,
    0x00, 0x00, 0x07, 0xE0, 0x0F, 0xC0, 0x00, 0x00, 0x07, 0xE0, 0x0F, 0xC0, 0x00, 0x00, 0x07, 0xE0,
    0x0F, 0xC0, 0x00, 0x00, 0x07, 0xE0, 0x0F, 0xC0, 0x00, 0x00, 0x03, 0xF0, 0x1F, 0xC0, 0x00, 0x00,
    0x03, 0xF0, 0x1F, 0xC0, 0x00, 0x00, 0x03, 0xF8, 0x3F, 0x80, 0x00, 0x00, 0x01, 0xFF, 0xFF, 0x80,
    0x00, 0x00, 0x00, 0xFF, 0xFF, 0x00, 0x00, 0x00, 0x00, 0x7F, 0xFE, 0x00, 0x00, 0x00, 0x00, 0x3F,
    0xFC, 0x00, 0x00, 0x00, 0x00, 0x0F, 0xF0, 0x00, 0x00, 0x00, 0x00, 0x00, 0x00, 0x00, 0x00, 0x00,
    0x00, 0x00, 0x00, 0x00, 0x00, 0x00, 0x00, 0x00, 0x00, 0x00, 0x00, 0x00, 0x00, 0x00, 0x00, 0x00,
    0x00, 0x00, 0x00, 0x00, 0x00, 0x00, 0x00, 0x00, 0x00, 0x00, 0x00, 0x00, 0x00, 0x00, 0x00, 0x00,
    0x00, 0x00, 0x00, 0x00, 0x00, 0x00, 0x00, 0x00, 0x00, 0x00, 0x00, 0x00, 0x00, 0x00, 0x00, 0x00,
  } },
  { 0x0037, 30, {
    0x00, 0x00, 0x00, 0x00, 0x00, 0x00, 0x00, 0x00, 0x00, 0x00, 0x00, 0x00, 0x00, 0x00, 0x00, 0x00,
    0x00, 0x00, 0x00, 0x00, 0x00, 0x00, 0x00, 0x00, 0x00, 0x00, 0x00, 0x00, 0x00, 0x00, 0x00, 0x00,
    0x00, 0x00, 0x00, 0x00, 0x00, 0x00, 0x00, 0x00, 0x00, 0x00, 0x00, 0x00, 0x00, 0x00, 0x00, 0x00,
    0x00, 0x00, 0x00, 0x00, 0x00, 0x00, 0x07, 0xFF, 0xFF, 0x80, 0x00, 0x00, 0x07, 0xFF, 0xFF, 0x80,
    0x00, 0x00, 0x07, 0xFF, 0xFF, 0x80, 0x00, 0x00, 0x07, 0xFF, 0xFF, 0x80, 0x00, 0x00, 0x07, 0xFF,
    0xFF, 0x80, 0x00, 0x00, 0x00, 0x00, 0x3F, 0x00, 0x00, 0x00, 0x00, 0x00, 0x7F, 0x00, 0x00, 0x00,
    0x00, 0x00, 0x7E, 0x00, 0x00, 0x00, 0x00, 0x00, 0xFE, 0x00, 0x00, 0x00, 0x00, 0x00, 0xFC, 0x00,
    0x00, 0x00, 0x00, 0x01, 0xFC, 0x00, 0x00, 0x00, 0x00, 0x01, 0xF8, 0x00, 0x00, 0x00, 0x00, 0x03,
    0xF8, 0x00, 0x00, 0x00, 0x00, 0x03, 0xF8, 0x00, 0x00, 0x00, 0x00, 0x07, 0xF0, 0x00, 0x00, 0x00,
    0x00, 0x07, 0xF0, 0x00, 0x00, 0x00, 0x00, 0x0F, 0xE0, 0x00, 0x00, 0x00, 0x00, 0x0F, 0xE0, 0x00,
    0x00, 0x00, 0x00, 0x0F, 0xE0, 0x00, 0x00, 0x00, 0x00, 0x1F, 0xC0, 0x00, 0x00, 0x00, 0x00, 0x1F,
    0xC0, 0x00, 0x00, 0x00, 0x00, 0x1F, 0xC0, 0x00, 0x00, 0x00, 0x00, 0x3F, 0x80, 0x00, 0x00, 0x00,
    0x00, 0x3F, 0x80, 0x00, 0x00, 0x00, 0x00, 0x3F, 0x80, 0x00, 0x00, 0x00, 0x00, 0x7F, 0x80, 0x00,
    0x00, 0x00, 0x00, 0x7F, 0x80, 0x00, 0x00, 0x00, 0x00, 0x7F, 0x00, 0x00, 0x00, 0x00, 0x00, 0x7F,
    0x00, 0x00, 0x00, 0x00, 0x00, 0x7F, 0x00, 0x00, 0x00, 0x00, 0x00, 0x00, 0x00, 0x00, 0x00, 0x00,
    0x00, 0x00, 0x00, 0x00, 0x00, 0x00, 0x00, 0x00, 0x00, 0x00, 0x00, 0x00, 0x00, 0x00, 0x00, 0x00,
    0x00, 0x00, 0x00, 0x00, 0x00, 0x00, 0x00, 0x00, 0x00, 0x00, 0x00, 0x00, 0x00, 0x00, 0x00, 0x00,
    0x00, 0x00, 0x00, 0x00, 0x00, 0x00, 0x00, 0x00, 0x00, 0x00, 0x00, 0x00, 0x00, 0x00, 0x00, 0x00,
  } },
  { 0x0038, 30, {
    0x00, 0x00, 0x00, 0x00, 0x00, 0x00, 0x00, 0x00, 0x00, 0x00, 0x00, 0x00, 0x00, 0x00, 0x00, 0x00,
    0x00, 0x00, 0x00, 0x00, 0x00, 0x00, 0x00, 0x00, 0x00, 0x00, 0x00, 0x00, 0x00, 0x00, 0x00, 0x00,
    0x00, 0x00, 0x00, 0x00, 0x00, 0x00, 0x00, 0x00, 0x00, 0x00, 0x00, 0x00, 0x00, 0x00, 0x00, 0x00,
    0x00, 0x00, 0x00, 0x00, 0x00, 0x00, 0x00, 0x1F, 0xF0, 0x00, 0x00, 0x00, 0x00, 0x7F, 0xFC, 0x00,
    0x00, 0x00, 0x00, 0xFF, 0xFE, 0x00, 0x00, 0x00, 0x01, 0xFF, 0xFF, 0x00, 0x00, 0x00, 0x01, 0xFF,
    0xFF, 0x00, 0x00, 0x00, 0x03, 0xF8, 0x3F, 0x80, 0x00, 0x00, 0x03, 0xF8, 0x3F, 0x80, 0x00, 0x00,
    0x03, 0xF0, 0x1F, 0x80, 0x00, 0x00, 0x03, 0xF0, 0x1F, 0x80, 0x00, 0x00, 0x03, 0xF0, 0x1F, 0x80,
    0x00, 0x00, 0x03, 0xF8, 0x3F, 0x00, 0x00, 0x00, 0x01, 0xFC, 0x7F, 0x00, 0x00, 0x00, 0x00, 0xFF,
    0xFE, 0x00, 0x00, 0x00, 0x00, 0x7F, 0xFC, 0x00, 0x00, 0x00, 0x00, 0x3F, 0xF8, 0x00, 0x00, 0x00,
    0x00, 0xFF, 0xFE, 0x00, 0x00, 0x00, 0x01, 0xFF, 0xFF, 0x00, 0x00, 0x00, 0x03, 0xF8, 0x3F, 0x80,
    0x00, 0x00, 0x03, 0xF0, 0x1F, 0xC0, 0x00, 0x00, 0x07, 0xF0, 0x1F, 0xC0, 0x00, 0x00, 0x07, 0xE0,
    0x0F, 0xC0, 0x00, 0x00, 0x07, 0xE0, 0x0F, 0xC0, 0x00, 0x00, 0x07, 0xE0, 0x0F, 0xC0, 0x00, 0x00,
    0x07, 0xF0, 0x1F, 0xC0, 0x00, 0x00, 0x07, 0xF8, 0x3F, 0xC0, 0x00, 0x00, 0x03, 0xFF, 0xFF, 0x80,
    0x00, 0x00, 0x03, 0xFF, 0xFF, 0x00, 0x00, 0x00, 0x01, 0xFF, 0xFF, 0x00, 0x00, 0x00, 0x00, 0x7F,
    0xFC, 0x00, 0x00, 0x00, 0x00, 0x1F, 0xF0, 0x00, 0x00, 0x00, 0x00, 0x00, 0x00, 0x00, 0x00, 0x00,
    0x00, 0x00, 0x00, 0x00, 0x00, 0x00, 0x00, 0x00, 0x00, 0x00, 0x00, 0x00, 0x00, 0x00, 0x00, 0x00,
    0x00, 0x00, 0x00, 0x00, 0x00, 0x00, 0x00, 0x00, 0x00, 0x00, 0x00, 0x00, 0x00, 0x00, 0x00, 0x00,
    0x00, 0x00, 0x00, 0x00, 0x00, 0x00, 0x00, 0x00, 0x00, 0x00, 0x00, 0x00, 0x00, 0x00, 0x00, 0x00,
  } },
  { 0x0039, 30, {
    0x00, 0x00, 0x00, 0x00, 0x00, 0x00, 0x00, 0x00, 0x00, 0x00, 0x00, 0x00, 0x00, 0x00, 0x00, 0x00,
    0x00, 0x00, 0x00, 0x00, 0x00, 0x00, 0x00, 0x00, 0x00, 0x00, 0x00, 0x00, 0x00, 0x00, 0x00, 0x00,
    0x00, 0x00, 0x00, 0x00, 0x00, 0x00, 0x00, 0x00, 0x00, 0x00, 0x00, 0x00, 0x00, 0x00, 0x00, 0x00,
    0x00, 0x00, 0x00, 0x00, 0x00, 0x00, 0x00, 0x1F, 0xE0, 0x00, 0x00, 0x00, 0x00, 0x7F, 0xF0, 0x00,
    0x00, 0x00, 0x00, 0xFF, 0xFC, 0x00, 0x00, 0x00, 0x01, 0xFF, 0xFC, 0x00, 0x00, 0x00, 0x03, 0xFF,
    0xFE, 0x00, 0x00, 0x00, 0x03, 0xF8, 0x7F, 0x00, 0x00, 0x00, 0x07, 0xF0, 0x3F, 0x00, 0x00, 0x00,
    0x07, 0xF0, 0x3F, 0x00, 0x00, 0x00, 0x07, 0xE0, 0x1F, 0x80, 0x00, 0x00, 0x07, 0xE0, 0x1F, 0x80,
    0x00, 0x00, 0x07, 0xE0, 0x1F, 0x80, 0x00, 0x00, 0x07, 0xE0, 0x1F, 0x80, 0x00, 0x00, 0x07, 0xF0,
    0x3F, 0x80, 0x00, 0x00, 0x07, 0xF0, 0x3F, 0x80, 0x00, 0x00, 0x03, 0xFC, 0xFF, 0x80, 0x00, 0x00,
    0x03, 0xFF, 0xFF, 0x80, 0x00, 0x00, 0x01, 0xFF, 0xFF, 0x80, 0x00, 0x00, 0x00, 0xFF, 0xFF, 0x80,
    0x00, 0x00, 0x00, 0x7F, 0xDF, 0x80, 0x00, 0x00, 0x00, 0x1F, 0x1F, 0x80, 0x00, 0x00, 0x00, 0x00,
    0x3F, 0x00, 0x00, 0x00, 0x00, 0x00, 0x3F, 0x00, 0x00, 0x00, 0x00, 0x00, 0x3F, 0x00, 0x00, 0x00,
    0x01, 0x00, 0x7E, 0x00, 0x00, 0x00, 0x01, 0x81, 0xFE, 0x00, 0x00, 0x00, 0x01, 0xFF, 0xFC, 0x00,
    0x00, 0x00, 0x01, 0xFF, 0xF8, 0x00, 0x00, 0x00, 0x01, 0xFF, 0xF0, 0x00, 0x00, 0x00, 0x01, 0xFF,
    0xE0, 0x00, 0x00, 0x00, 0x00, 0xFF, 0x80, 0x00, 0x00, 0x00, 0x00, 0x00, 0x00, 0x00, 0x00, 0x00,
    0x00, 0x00, 0x00, 0x00, 0x00, 0x00, 0x00, 0x00, 0x00, 0x00, 0x00, 0x00, 0x00, 0x00, 0x00, 0x00,
    0x00, 0x00, 0x00, 0x00, 0x00, 0x00, 0x00, 0x00, 0x00, 0x00, 0x00, 0x00, 0x00, 0x00, 0x00, 0x00,
    0x00, 0x00, 0x00, 0x00, 0x00, 0x00, 0x00, 0x00, 0x00, 0x00, 0x00, 0x00, 0x00, 0x00, 0x00, 0x00,
  } },
  { 0x003A, 30, {
    0x00, 0x00, 0x00, 0x00, 0x00, 0x00, 0x00, 0x00, 0x00, 0x00, 0x00, 0x00, 0x00, 0x00, 0x00, 0x00,
    0x00, 0x00, 0x00, 0x00, 0x00, 0x00, 0x00, 0x00, 0x00, 0x00, 0x00, 0x00, 0x00, 0x00, 0x00, 0x00,
    0x00, 0x00, 0x00, 0x00, 0x00, 0x00, 0x00, 0x00, 0x00, 0x00, 0x00, 0x00, 0x00, 0x00, 0x00, 0x00,
    0x00, 0x00, 0x00, 0x00, 0x00, 0x00, 0x00, 0x00, 0x00, 0x00, 0x00, 0x00, 0x00, 0x00, 0x00, 0x00,
    0x00, 0x00, 0x00, 0x00, 0x00, 0x00, 0x00, 0x00, 0x00, 0x00, 0x00, 0x00, 0x00, 0x00, 0x00, 0x0F,
    0x80, 0x00, 0x00, 0x00, 0x00, 0x1F, 0xC0, 0x00, 0x00, 0x00, 0x00, 0x1F, 0xC0, 0x00, 0x00, 0x00,
    0x00, 0x1F, 0xC0, 0x00, 0x00, 0x00, 0x00, 0x1F, 0xC0, 0x00, 0x00, 0x00, 0x00, 0x0F, 0x80, 0x00,
    0x00, 0x00, 0x00, 0x07, 0x00, 0x00, 0x00, 0x00, 0x00, 0x00, 0x00, 0x00, 0x00, 0x00, 0x00, 0x00,
    0x00, 0x00, 0x00, 0x00, 0x00, 0x00, 0x00, 0x00, 0x00, 0x00, 0x00, 0x00, 0x00, 0x00, 0x00, 0x00,
    0x00, 0x00, 0x00, 0x00, 0x00, 0x00, 0x00, 0x00, 0x00, 0x00, 0x00, 0x00, 0x00, 0x00, 0x00, 0x00,
    0x00, 0x00, 0x00, 0x07, 0x00, 0x00, 0x00, 0x00, 0x00, 0x0F, 0x80, 0x00, 0x00, 0x00, 0x00, 0x1F,
    0xC0, 0x00, 0x00, 0x00, 0x00, 0x1F, 0xC0, 0x00, 0x00, 0x00, 0x00, 0x1F, 0xC0, 0x00, 0x00, 0x00,
    0x00, 0x1F, 0xC0, 0x00, 0x00, 0x00, 0x00, 0x0F, 0x80, 0x00, 0x00, 0x00, 0x00, 0x00, 0x00, 0x00,
    0x00, 0x00, 0x00, 0x00, 0x00, 0x00, 0x00, 0x00, 0x00, 0x00, 0x00, 0x00, 0x00, 0x00, 0x00, 0x00,
    0x00, 0x00, 0x00, 0x00, 0x00, 0x00, 0x00, 0x00, 0x00, 0x00, 0x00, 0x00, 0x00, 0x00, 0x00, 0x00,
    0x00, 0x00, 0x00, 0x00, 0x00, 0x00, 0x00, 0x00, 0x00, 0x00, 0x00, 0x00, 0x00, 0x00, 0x00, 0x00,
    0x00, 0x00, 0x00, 0x00, 0x00, 0x00, 0x00, 0x00, 0x00, 0x00, 0x00, 0x00, 0x00, 0x00, 0x00, 0x00,
    0x00, 0x00, 0x00, 0x00, 0x00, 0x00, 0x00, 0x00, 0x00, 0x00, 0x00, 0x00, 0x00, 0x00, 0x00, 0x00,
  } },
  { 0x003B, 30, {
    0x00, 0x00, 0x00, 0x00, 0x00, 0x00, 0x00, 0x00, 0x00, 0x00, 0x00, 0x00, 0x00, 0x00, 0x00, 0x00,
    0x00, 0x00, 0x00, 0x00, 0x00, 0x00, 0x00, 0x00, 0x00, 0x00, 0x00, 0x00, 0x00, 0x00, 0x00, 0x00,
    0x00, 0x00, 0x00, 0x00, 0x00, 0x00, 0x00, 0x00, 0x00, 0x00, 0x00, 0x00, 0x00, 0x00, 0x00, 0x00,
    0x00, 0x00, 0x00, 0x00, 0x00, 0x00, 0x00, 0x00, 0x00, 0x00, 0x00, 0x00, 0x00, 0x00, 0x00, 0x00,
    0x00, 0x00, 0x00, 0x0F, 0x80, 0x00, 0x00, 0x00, 0x00, 0x1F, 0xC0, 0x00, 0x00, 0x00, 0x00, 0x1F,
    0xC0, 0x00, 0x00, 0x00, 0x00, 0x1F, 0xC0, 0x00, 0x00, 0x00, 0x00, 0x1F, 0xC0, 0x00, 0x00, 0x00,
    0x00, 0x0F, 0x80, 0x00, 0x00, 0x00, 0x00, 0x07, 0x00, 0x00, 0x00, 0x00, 0x00, 0x00, 0x00, 0x00,
    0x00, 0x00, 0x00, 0x00, 0x00, 0x00, 0x00, 0x00, 0x00, 0x00, 0x00, 0x00, 0x00, 0x00, 0x00, 0x00,
    0x00, 0x00, 0x00, 0x00, 0x00, 0x00, 0x00, 0x00, 0x00, 0x00, 0x00, 0x00, 0x00, 0x00, 0x00, 0x00,
    0x00, 0x00, 0x00, 0x00, 0x00, 0x00, 0x00, 0x00, 0x00, 0x00, 0x00, 0x00, 0x00, 0x00, 0x00, 0x00,
    0x00, 0x00, 0x00, 0x0F, 0xC0, 0x00, 0x00, 0x00, 0x00, 0x1F, 0x80, 0x00, 0x00, 0x00, 0x00, 0x1F,
    0x80, 0x00, 0x00, 0x00, 0x00, 0x1F, 0x80, 0x00, 0x00, 0x00, 0x00, 0x1F, 0x80, 0x00, 0x00, 0x00,
    0x00, 0x1F, 0x00, 0x00, 0x00, 0x00, 0x00, 0x3F, 0x00, 0x00, 0x00, 0x00, 0x00, 0x3F, 0x00, 0x00,
    0x00, 0x00, 0x00, 0x3E, 0x00, 0x00, 0x00, 0x00, 0x00, 0x3E, 0x00, 0x00, 0x00, 0x00, 0x00, 0x00,
    0x00, 0x00, 0x00, 0x00, 0x00, 0x00, 0x00, 0x00, 0x00, 0x00, 0x00, 0x00, 0x00, 0x00, 0x00, 0x00,
    0x00, 0x00, 0x00, 0x00, 0x00, 0x00, 0x00, 0x00, 0x00, 0x00, 0x00, 0x00, 0x00, 0x00, 0x00, 0x00,
    0x00, 0x00, 0x00, 0x00, 0x00, 0x00, 0x00, 0x00, 0x00, 0x00, 0x00, 0x00, 0x00, 0x00, 0x00, 0x00,
    0x00, 0x00, 0x00, 0x00, 0x00, 0x00, 0x00, 0x00, 0x00, 0x00, 0x00, 0x00, 0x00, 0x00, 0x00, 0x00,
  } },
  { 0x003C, 30, {
    0x00, 0x00, 0x00, 0x00, 0x00, 0x00, 0x00, 0x00, 0x00, 0x00, 0x00, 0x00, 0x00, 0x00, 0x00, 0x00,
    0x00, 0x00, 0x00, 0x00, 0x00, 0x00, 0x00, 0x00, 0x00, 0x00, 0x00, 0x00, 0x00, 0x00, 0x00, 0x00,
    0x00, 0x00, 0x00, 0x00, 0x00, 0x00, 0x00, 0x00, 0x00, 0x00, 0x00, 0x00, 0x00, 0x00, 0x00, 0x00,
    0x00, 0x00, 0x00, 0x00, 0x00, 0x00, 0x00, 0x00, 0x00, 0x00, 0x00, 0x00, 0x00, 0x00, 0x00, 0x00,
    0x00, 0x00, 0x00, 0x00, 0x00, 0x00, 0x00, 0x00, 0x00, 0x00, 0x00, 0x00, 0x00, 0x00, 0x00, 0x00,
    0x03, 0x00, 0x00, 0x00, 0x00, 0x00, 0x0F, 0x00, 0x00, 0x00, 0x00, 0x00, 0x3F, 0x00, 0x00, 0x00,
    0x00, 0x00, 0xFF, 0x00, 0x00, 0x00, 0x00, 0x03, 0xFF, 0x00, 0x00, 0x00, 0x00, 0x0F, 0xFE, 0x00,
    0x00, 0x00, 0x00, 0x3F, 0xF0, 0x00, 0x00, 0x00, 0x00, 0xFF, 0xC0, 0x00, 0x00, 0x00, 0x03, 0xFE,
    0x00, 0x00, 0x00, 0x00, 0x07, 0xF8, 0x00, 0x00, 0x00, 0x00, 0x07, 0xE0, 0x00, 0x00, 0x00, 0x00,
    0x07, 0xF8, 0x00, 0x00, 0x00, 0x00, 0x03, 0xFE, 0x00, 0x00, 0x00, 0x00, 0x00, 0xFF, 0xC0, 0x00,
    0x00, 0x00, 0x00, 0x3F, 0xF0, 0x00, 0x00, 0x00, 0x00, 0x0F, 0xFE, 0x00, 0x00, 0x00, 0x00, 0x03,
    0xFF, 0x00, 0x00, 0x00, 0x00, 0x00, 0xFF, 0x00, 0x00, 0x00, 0x00, 0x00, 0x3F, 0x00, 0x00, 0x00,
    0x00, 0x00, 0x0F, 0x00, 0x00, 0x00, 0x00, 0x00, 0x03, 0x00, 0x00, 0x00, 0x00, 0x00, 0x00, 0x00,
    0x00, 0x00, 0x00, 0x00, 0x00, 0x00, 0x00, 0x00, 0x00, 0x00, 0x00, 0x00, 0x00, 0x00, 0x00, 0x00,
    0x00, 0x00, 0x00, 0x00, 0x00, 0x00, 0x00, 0x00, 0x00, 0x00, 0x00, 0x00, 0x00, 0x00, 0x00, 0x00,
    0x00, 0x00, 0x00, 0x00, 0x00, 0x00, 0x00, 0x00, 0x00, 0x00, 0x00, 0x00, 0x00, 0x00, 0x00, 0x00,
    0x00, 0x00, 0x00, 0x00, 0x00, 0x00, 0x00, 0x00, 0x00, 0x00, 0x00, 0x00, 0x00, 0x00, 0x00, 0x00,
    0x00, 0x00, 0x00, 0x00, 0x00, 0x00, 0x00, 0x00, 0x00, 0x00, 0x00, 0x00, 0x00, 0x00, 0x00, 0x00,
  } },
  { 0x003D, 30, {
    0x00, 0x00, 0x00, 0x00, 0x00, 0x00, 0x00, 0x00, 0x00, 0x00, 0x00, 0x00, 0x00, 0x00, 0x00, 0x00,
    0x00, 0x00, 0x00, 0x00, 0x00, 0x00, 0x00, 0x00, 0x00, 0x00, 0x00, 0x00, 0x00, 0x00, 0x00, 0x00,
    0x00, 0x00, 0x00, 0x00, 0x00, 0x00, 0x00, 0x00, 0x00, 0x00, 0x00, 0x00, 0x00, 0x00, 0x00, 0x00,
    0x00, 0x00, 0x00, 0x00, 0x00, 0x00, 0x00, 0x00, 0x00, 0x00, 0x00, 0x00, 0x00, 0x00, 0x00, 0x00,
    0x00, 0x00, 0x00, 0x00, 0x00, 0x00, 0x00, 0x00, 0x00, 0x00, 0x00, 0x00, 0x00, 0x00, 0x00, 0x00,
    0x00, 0x00, 0x00, 0x00, 0x07, 0xFF, 0xFF, 0x80, 0x00, 0x00, 0x07, 0xFF, 0xFF, 0x80, 0x00, 0x00,
    0x07, 0xFF, 0xFF, 0x80, 0x00, 0x00, 0x07, 0xFF, 0xFF, 0x80, 0x00, 0x00, 0x00, 0x00, 0x00, 0x00,
    0x00, 0x00, 0x00, 0x00, 0x00, 0x00, 0x00, 0x00, 0x00, 0x00, 0x00, 0x00, 0x00, 0x00, 0x00, 0x00,
    0x00, 0x00, 0x00, 0x00, 0x00, 0x00, 0x00, 0x00, 0x00, 0x00, 0x07, 0xFF, 0xFF, 0x80, 0x00, 0x00,
    0x07, 0xFF, 0xFF, 0x80, 0x00, 0x00, 0x07, 0xFF, 0xFF, 0x80, 0x00, 0x00, 0x07, 0xFF, 0xFF, 0x80,
    0x00, 0x00, 0x00, 0x00, 0x00, 0x00, 0x00, 0x00, 0x00, 0x00, 0x00, 0x00, 0x00, 0x00, 0x00, 0x00,
    0x00, 0x00, 0x00, 0x00, 0x00, 0x00, 0x00, 0x00, 0x00, 0x00, 0x00, 0x00, 0x00, 0x00, 0x00, 0x00,
    0x00, 0x00, 0x00, 0x00, 0x00, 0x00, 0x00, 0x00, 0x00, 0x00, 0x00, 0x00, 0x00, 0x00, 0x00, 0x00,
    0x00, 0x00, 0x00, 0x00, 0x00, 0x00, 0x00, 0x00, 0x00, 0x00, 0x00, 0x00, 0x00, 0x00, 0x00, 0x00,
    0x00, 0x00, 0x00, 0x00, 0x00, 0x00, 0x00, 0x00, 0x00, 0x00, 0x00, 0x00, 0x00, 0x00, 0x00, 0x00,
    0x00, 0x00, 0x00, 0x00, 0x00, 0x00, 0x00, 0x00, 0x00, 0x00, 0x00, 0x00, 0x00, 0x00, 0x00, 0x00,
    0x00, 0x00, 0x00, 0x00, 0x00, 0x00, 0x00, 0x00, 0x00, 0x00, 0x00, 0x00, 0x00, 0x00, 0x00, 0x00,
    0x00, 0x00, 0x00, 0x00, 0x00, 0x00, 0x00, 0x00, 0x00, 0x00, 0x00, 0x00, 0x00, 0x00, 0x00, 0x00,
  } },
  { 0x003E, 30, {
    0x00, 0x00, 0x00, 0x00, 0x00, 0x00, 0x00, 0x00, 0x00, 0x00, 0x00, 0x00, 0x00, 0x00, 0x00, 0x00,
    0x00, 0x00, 0x00, 0x00, 0x00, 0x00, 0x00, 0x00, 0x00, 0x00, 0x00, 0x00, 0x00, 0x00, 0x00, 0x00,
    0x00, 0x00, 0x00, 0x00, 0x00, 0x00, 0x00, 0x00, 0x00, 0x00, 0x00, 0x00, 0x00, 0x00, 0x00, 0x00,
    0x00, 0x00, 0x00, 0x00, 0x00, 0x00, 0x00, 0x00, 0x00, 0x00, 0x00, 0x00, 0x00, 0x00, 0x00, 0x00,
    0x00, 0x00, 0x00, 0x00, 0x00, 0x00, 0x00, 0x00, 0x00, 0x00, 0x00, 0x00, 0x00, 0x00, 0x06, 0x00,
    0x00, 0x00, 0x00, 0x00, 0x07, 0x80, 0x00, 0x00, 0x00, 0x00, 0x07, 0xE0, 0x00, 0x00, 0x00, 0x00,
    0x07, 0xF0, 0x00, 0x00, 0x00, 0x00, 0x07, 0xFC, 0x00, 0x00, 0x00, 0x00, 0x03, 0xFF, 0x00, 0x00,
    0x00, 0x00, 0x00, 0xFF, 0xC0, 0x00, 0x00, 0x00, 0x00, 0x3F, 0xF0, 0x00, 0x00, 0x00, 0x00, 0x0F,
    0xFC, 0x00, 0x00, 0x00, 0x00, 0x03, 0xFE, 0x00, 0x00, 0x00, 0x00, 0x00, 0x7F, 0x00, 0x00, 0x00,
    0x00, 0x00, 0x3F, 0x00, 0x00, 0x00, 0x00, 0x00, 0xFF, 0x00, 0x00, 0x00, 0x00, 0x07, 0xFE, 0x00,
    0x00, 0x00, 0x00, 0x3F, 0xF8, 0x00, 0x00, 0x00, 0x01, 0xFF, 0xE0, 0x00, 0x00, 0x00, 0x07, 0xFF,
    0x00, 0x00, 0x00, 0x00, 0x07, 0xFC, 0x00, 0x00, 0x00, 0x00, 0x07, 0xF0, 0x00, 0x00, 0x00, 0x00,
    0x07, 0xC0, 0x00, 0x00, 0x00, 0x00, 0x06, 0x00, 0x00, 0x00, 0x00, 0x00, 0x00, 0x00, 0x00, 0x00,
    0x00, 0x00, 0x00, 0x00, 0x00, 0x00, 0x00, 0x00, 0x00, 0x00, 0x00, 0x00, 0x00, 0x00, 0x00, 0x00,
    0x00, 0x00, 0x00, 0x00, 0x00, 0x00, 0x00, 0x00, 0x00, 0x00, 0x00, 0x00, 0x00, 0x00, 0x00, 0x00,
    0x00, 0x00, 0x00, 0x00, 0x00, 0x00, 0x00, 0x00, 0x00, 0x00, 0x00, 0x00, 0x00, 0x00, 0x00, 0x00,
    0x00, 0x00, 0x00, 0x00, 0x00, 0x00, 0x00, 0x00, 0x00, 0x00, 0x00, 0x00, 0x00, 0x00, 0x00, 0x00,
    0x00, 0x00, 0x00, 0x00, 0x00, 0x00, 0x00, 0x00, 0x00, 0x00, 0x00, 0x00, 0x00, 0x00, 0x00, 0x00,
  } },
  { 0x003F, 30, {
    0x00, 0x00, 0x00, 0x00, 0x00, 0x00, 0x00, 0x00, 0x00, 0x00, 0x00, 0x00, 0x00, 0x00, 0x00, 0x00,
    0x00, 0x00, 0x00, 0x00, 0x00, 0x00, 0x00, 0x00, 0x00, 0x00, 0x00, 0x00, 0x00, 0x00, 0x00, 0x00,
    0x00, 0x00, 0x00, 0x00, 0x00, 0x00, 0x00, 0x00, 0x00, 0x00, 0x00, 0x00, 0x00, 0x00, 0x00, 0x00,
    0x00, 0x00, 0x00, 0x00, 0x00, 0x00, 0x00, 0x1F, 0xE0, 0x00, 0x00, 0x00, 0x00, 0xFF, 0xF0, 0x00,
    0x00, 0x00, 0x00, 0xFF, 0xFC, 0x00, 0x00, 0x00, 0x00, 0xFF, 0xFC, 0x00, 0x00, 0x00, 0x00, 0xFF,
    0xFE, 0x00, 0x00, 0x00, 0x00, 0xF9, 0xFE, 0x00, 0x00, 0x00, 0x00, 0xC0, 0xFE, 0x00, 0x00, 0x00,
    0x00, 0x80, 0x7E, 0x00, 0x00, 0x00, 0x00, 0x00, 0x7E, 0x00, 0x00, 0x00, 0x00, 0x00, 0x7E, 0x00,
    0x00, 0x00, 0x00, 0x00, 0xFE, 0x00, 0x00, 0x00, 0x00, 0x01, 0xFC, 0x00, 0x00, 0x00, 0x00, 0x03,
    0xF8, 0x00, 0x00, 0x00, 0x00, 0x07, 0xF8, 0x00, 0x00, 0x00, 0x00, 0x0F, 0xF0, 0x00, 0x00, 0x00,
    0x00, 0x0F, 0xC0, 0x00, 0x00, 0x00, 0x00, 0x1F, 0x80, 0x00, 0x00, 0x00, 0x00, 0x1F, 0x80, 0x00,
    0x00, 0x00, 0x00, 0x1F, 0x00, 0x00, 0x00, 0x00, 0x00, 0x1F, 0x00, 0x00, 0x00, 0x00, 0x00, 0x0F,
    0x80, 0x00, 0x00, 0x00, 0x00, 0x00, 0x00, 0x00, 0x00, 0x00, 0x00, 0x00, 0x00, 0x00, 0x00, 0x00,
    0x00, 0x07, 0x00, 0x00, 0x00, 0x00, 0x00, 0x0F, 0x80, 0x00, 0x00, 0x00, 0x00, 0x1F, 0xC0, 0x00,
    0x00, 0x00, 0x00, 0x1F, 0xC0, 0x00, 0x00, 0x00, 0x00, 0x1F, 0xC0, 0x00, 0x00, 0x00, 0x00, 0x1F,
    0xC0, 0x00, 0x00, 0x00, 0x00, 0x0F, 0x80, 0x00, 0x00, 0x00, 0x00, 0x00, 0x00, 0x00, 0x00, 0x00,
    0x00, 0x00, 0x00, 0x00, 0x00, 0x00, 0x00, 0x00, 0x00, 0x00, 0x00, 0x00, 0x00, 0x00, 0x00, 0x00,
    0x00, 0x00, 0x00, 0x00, 0x00, 0x00, 0x00, 0x00, 0x00, 0x00, 0x00, 0x00, 0x00, 0x00, 0x00, 0x00,
    0x00, 0x00, 0x00, 0x00, 0x00, 0x00, 0x00, 0x00, 0x00, 0x00, 0x00, 0x00, 0x00, 0x00, 0x00, 0x00,
  } },
  { 0x0040, 30, {
    0x00, 0x00, 0x00, 0x00, 0x00, 0x00, 0x00, 0x00, 0x00, 0x00, 0x00, 0x00, 0x00, 0x00, 0x00, 0x00,
    0x00, 0x00, 0x00, 0x00, 0x00, 0x00, 0x00, 0x00, 0x00, 0x00, 0x00, 0x00, 0x00, 0x00, 0x00, 0x00,
    0x00, 0x00, 0x00, 0x00, 0x00, 0x00, 0x00, 0x00, 0x00, 0x00, 0x00, 0x1F, 0xFC, 0x00, 0x00, 0x00,
    0x00, 0xFF, 0xFF, 0x80, 0x00, 0x00, 0x03, 0xFF, 0xFF, 0xE0, 0x00, 0x00, 0x07, 0xFF, 0xFF, 0xF0,
    0x00, 0x00, 0x1F, 0xF0, 0x07, 0xF8, 0x00, 0x00, 0x3F, 0xC0, 0x01, 0xFC, 0x00, 0x00, 0x3F, 0x00,
    0x00, 0x7E, 0x00, 0x00, 0x7E, 0x00, 0x00, 0x3F, 0x00, 0x00, 0xFC, 0x0F, 0x9E, 0x3F, 0x00, 0x00,
    0xFC, 0x3F, 0xDE, 0x1F, 0x00, 0x00, 0xF8, 0x7F, 0xFE, 0x1F, 0x80, 0x00, 0xF8, 0x7F, 0xFE, 0x1F,
    0x80, 0x00, 0xF0, 0xFC, 0x7E, 0x0F, 0x80, 0x00, 0xF0, 0xF8, 0x3E, 0x0F, 0x80, 0x00, 0xF1, 0xF8,
    0x3E, 0x0F, 0x80, 0x00, 0xE1, 0xF0, 0x3E, 0x0F, 0x80, 0x00, 0xE1, 0xF0, 0x3C, 0x0F, 0x80, 0x00,
    0xE1, 0xF0, 0x3C, 0x1F, 0x80, 0x00, 0xE1, 0xF0, 0x7C, 0x1F, 0x80, 0x00, 0xE1, 0xF0, 0x7C, 0x1F,
    0x00, 0x00, 0xE1, 0xF8, 0x7C, 0x3F, 0x00, 0x00, 0xF1, 0xF8, 0xFE, 0x7E, 0x00, 0x00, 0xF0, 0xFF,
    0xFF, 0xFC, 0x00, 0x00, 0xF0, 0xFF, 0xBF, 0xF8, 0x00, 0x00, 0xF8, 0x7F, 0x1F, 0xF0, 0x00, 0x00,
    0xFC, 0x1C, 0x07, 0x80, 0x00, 0x00, 0xFE, 0x00, 0x00, 0x00, 0x00, 0x00, 0x7F, 0x00, 0x00, 0x00,
    0x00, 0x00, 0x3F, 0xC0, 0x03, 0x00, 0x00, 0x00, 0x1F, 0xF8, 0x1F, 0x00, 0x00, 0x00, 0x0F, 0xFF,
    0xFF, 0x00, 0x00, 0x00, 0x03, 0xFF, 0xFF, 0x00, 0x00, 0x00, 0x00, 0xFF, 0xFE, 0x00, 0x00, 0x00,
    0x00, 0x0F, 0xE0, 0x00, 0x00, 0x00, 0x00, 0x00, 0x00, 0x00, 0x00, 0x00, 0x00, 0x00, 0x00, 0x00,
    0x00, 0x00, 0x00, 0x00, 0x00, 0x00, 0x00, 0x00, 0x00, 0x00, 0x00, 0x00, 0x00, 0x00, 0x00, 0x00,
    0x00, 0x00, 0x00, 0x00, 0x00, 0x00, 0x00, 0x00, 0x00, 0x00, 0x00, 0x00, 0x00, 0x00, 0x00, 0x00,
  } },
  { 0x0041, 30, {
    0x00, 0x00, 0x00, 0x00, 0x00, 0x00, 0x00, 0x00, 0x00, 0x00, 0x00, 0x00, 0x00, 0x00, 0x00, 0x00,
    0x00, 0x00, 0x00, 0x00, 0x00, 0x00, 0x00, 0x00, 0x00, 0x00, 0x00, 0x00, 0x00, 0x00, 0x00, 0x00,
    0x00, 0x00, 0x00, 0x00, 0x00, 0x00, 0x00, 0x00, 0x00, 0x00, 0x00, 0x00, 0x00, 0x00, 0x00, 0x00,
    0x00, 0x00, 0x00, 0x00, 0x00, 0x00, 0x00, 0x1F, 0xE0, 0x00, 0x00, 0x00, 0x00, 0x3F, 0xF0, 0x00,
    0x00, 0x00, 0x00, 0x3F, 0xF0, 0x00, 0x00, 0x00, 0x00, 0x7F, 0xF0, 0x00, 0x00, 0x00, 0x00, 0x7F,
    0xF8, 0x00, 0x00, 0x00, 0x00, 0x7D, 0xF8, 0x00, 0x00, 0x00, 0x00, 0xFD, 0xF8, 0x00, 0x00, 0x00,
    0x00, 0xFD, 0xFC, 0x00, 0x00, 0x00, 0x00, 0xF9, 0xFC, 0x00, 0x00, 0x00, 0x01, 0xF8, 0xFC, 0x00,
    0x00, 0x00, 0x01, 0xF8, 0xFE, 0x00, 0x00, 0x00, 0x01, 0xF8, 0xFE, 0x00, 0x00, 0x00, 0x03, 0xF0,
    0x7E, 0x00, 0x00, 0x00, 0x03, 0xF0, 0x7F, 0x00, 0x00, 0x00, 0x07, 0xF0, 0x7F, 0x00, 0x00, 0x00,
    0x07, 0xE0, 0x7F, 0x00, 0x00, 0x00, 0x07, 0xE0, 0x3F, 0x80, 0x00, 0x00, 0x0F, 0xE0, 0x3F, 0x80,
    0x00, 0x00, 0x0F, 0xFF, 0xFF, 0x80, 0x00, 0x00, 0x0F, 0xFF, 0xFF, 0xC0, 0x00, 0x00, 0x1F, 0xFF,
    0xFF, 0xC0, 0x00, 0x00, 0x1F, 0xFF, 0xFF, 0xC0, 0x00, 0x00, 0x1F, 0xFF, 0xFF, 0xE0, 0x00, 0x00,
    0x3F, 0x80, 0x0F, 0xE0, 0x00, 0x00, 0x3F, 0x80, 0x0F, 0xE0, 0x00, 0x00, 0x7F, 0x00, 0x0F, 0xF0,
    0x00, 0x00, 0x7F, 0x00, 0x07, 0xF0, 0x00, 0x00, 0x7F, 0x00, 0x07, 0xF0, 0x00, 0x00, 0xFF, 0x00,
    0x07, 0xF8, 0x00, 0x00, 0xFE, 0x00, 0x03, 0xF8, 0x00, 0x00, 0x00, 0x00, 0x00, 0x00, 0x00, 0x00,
    0x00, 0x00, 0x00, 0x00, 0x00, 0x00, 0x00, 0x00, 0x00, 0x00, 0x00, 0x00, 0x00, 0x00, 0x00, 0x00,
    0x00, 0x00, 0x00, 0x00, 0x00, 0x00, 0x00, 0x00, 0x00, 0x00, 0x00, 0x00, 0x00, 0x00, 0x00, 0x00,
    0x00, 0x00, 0x00, 0x00, 0x00, 0x00, 0x00, 0x00, 0x00, 0x00, 0x00, 0x00, 0x00, 0x00, 0x00, 0x00,
  } },
  { 0x0042, 30, {
    0x00, 0x00, 0x00, 0x00, 0x00, 0x00, 0x00, 0x00, 0x00, 0x00, 0x00, 0x00, 0x00, 0x00, 0x00, 0x00,
    0x00, 0x00, 0x00, 0x00, 0x00, 0x00, 0x00, 0x00, 0x00, 0x00, 0x00, 0x00, 0x00, 0x00, 0x00, 0x00,
    0x00, 0x00, 0x00, 0x00, 0x00, 0x00, 0x00, 0x00, 0x00, 0x00, 0x00, 0x00, 0x00, 0x00, 0x00, 0x00,
    0x00, 0x00, 0x00, 0x00, 0x00, 0x00, 0x0F, 0xFF, 0xF0, 0x00, 0x00, 0x00, 0x0F, 0xFF, 0xFC, 0x00,
    0x00, 0x00, 0x0F, 0xFF, 0xFE, 0x00, 0x00, 0x00, 0x0F, 0xFF, 0xFF, 0x00, 0x00, 0x00, 0x0F, 0xFF,
    0xFF, 0x80, 0x00, 0x00, 0x0F, 0xC0, 0xFF, 0x80, 0x00, 0x00, 0x0F, 0xC0, 0x7F, 0x80, 0x00, 0x00,
    0x0F, 0xC0, 0x3F, 0x80, 0x00, 0x00, 0x0F, 0xC0, 0x3F, 0x80, 0x00, 0x00, 0x0F, 0xC0, 0x3F, 0x80,
    0x00, 0x00, 0x0F, 0xC0, 0x7F, 0x00, 0x00, 0x00, 0x0F, 0xC1, 0xFE, 0x00, 0x00, 0x00, 0x0F, 0xFF,
    0xFC, 0x00, 0x00, 0x00, 0x0F, 0xFF, 0xF0, 0x00, 0x00, 0x00, 0x0F, 0xFF, 0xFC, 0x00, 0x00, 0x00,
    0x0F, 0xFF, 0xFF, 0x00, 0x00, 0x00, 0x0F, 0xFF, 0xFF, 0x80, 0x00, 0x00, 0x0F, 0xC0, 0x7F, 0x80,
    0x00, 0x00, 0x0F, 0xC0, 0x3F, 0xC0, 0x00, 0x00, 0x0F, 0xC0, 0x1F, 0xC0, 0x00, 0x00, 0x0F, 0xC0,
    0x1F, 0xC0, 0x00, 0x00, 0x0F, 0xC0, 0x1F, 0xC0, 0x00, 0x00, 0x0F, 0xC0, 0x3F, 0xC0, 0x00, 0x00,
    0x0F, 0xC0, 0x3F, 0xC0, 0x00, 0x00, 0x0F, 0xC0, 0x7F, 0xC0, 0x00, 0x00, 0x0F, 0xFF, 0xFF, 0x80,
    0x00, 0x00, 0x0F, 0xFF, 0xFF, 0x00, 0x00, 0x00, 0x0F, 0xFF, 0xFE, 0x00, 0x00, 0x00, 0x0F, 0xFF,
    0xFC, 0x00, 0x00, 0x00, 0x0F, 0xFF, 0xF0, 0x00, 0x00, 0x00, 0x00, 0x00, 0x00, 0x00, 0x00, 0x00,
    0x00, 0x00, 0x00, 0x00, 0x00, 0x00, 0x00, 0x00, 0x00, 0x00, 0x00, 0x00, 0x00, 0x00, 0x00, 0x00,
    0x00, 0x00, 0x00, 0x00, 0x00, 0x00, 0x00, 0x00, 0x00, 0x00, 0x00, 0x00, 0x00, 0x00, 0x00, 0x00,
    0x00, 0x00, 0x00, 0x00, 0x00, 0x00, 0x00, 0x00, 0x00, 0x00, 0x00, 0x00, 0x00, 0x00, 0x00, 0x00,
  } },
  { 0x0043, 30, {
    0x00, 0x00, 0x00, 0x00, 0x00, 0x00, 0x00, 0x00, 0x00, 0x00, 0x00, 0x00, 0x00, 0x00, 0x00, 0x00,
    0x00, 0x00, 0x00, 0x00, 0x00, 0x00, 0x00, 0x00, 0x00, 0x00, 0x00, 0x00, 0x00, 0x00, 0x00, 0x00,
    0x00, 0x00, 0x00, 0x00, 0x00, 0x00, 0x00, 0x00, 0x00, 0x00, 0x00, 0x00, 0x00, 0x00, 0x00, 0x00,
    0x00, 0x00, 0x00, 0x00, 0x00, 0x00, 0x00, 0x01, 0xFF, 0xC0, 0x00, 0x00, 0x00, 0x0F, 0xFF, 0xE0,
    0x00, 0x00, 0x00, 0x3F, 0xFF, 0xE0, 0x00, 0x00, 0x00, 0x7F, 0xFF, 0xE0, 0x00, 0x00, 0x00, 0xFF,
    0xFF, 0xE0, 0x00, 0x00, 0x01, 0xFF, 0xFF, 0xE0, 0x00, 0x00, 0x03, 0xFF, 0x00, 0x60, 0x00, 0x00,
    0x03, 0xFE, 0x00, 0x00, 0x00, 0x00, 0x07, 0xFC, 0x00, 0x00, 0x00, 0x00, 0x07, 0xF8, 0x00, 0x00,
    0x00, 0x00, 0x07, 0xF0, 0x00, 0x00, 0x00, 0x00, 0x0F, 0xF0, 0x00, 0x00, 0x00, 0x00, 0x0F, 0xF0,
    0x00, 0x00, 0x00, 0x00, 0x0F, 0xE0, 0x00, 0x00, 0x00, 0x00, 0x0F, 0xE0, 0x00, 0x00, 0x00, 0x00,
    0x0F, 0xE0, 0x00, 0x00, 0x00, 0x00, 0x0F, 0xE0, 0x00, 0x00, 0x00, 0x00, 0x0F, 0xE0, 0x00, 0x00,
    0x00, 0x00, 0x0F, 0xF0, 0x00, 0x00, 0x00, 0x00, 0x0F, 0xF0, 0x00, 0x00, 0x00, 0x00, 0x0F, 0xF8,
    0x00, 0x00, 0x00, 0x00, 0x07, 0xF8, 0x00, 0x00, 0x00, 0x00, 0x07, 0xFC, 0x00, 0x00, 0x00, 0x00,
    0x03, 0xFF, 0x00, 0x60, 0x00, 0x00, 0x03, 0xFF, 0xFF, 0xE0, 0x00, 0x00, 0x01, 0xFF, 0xFF, 0xE0,
    0x00, 0x00, 0x00, 0xFF, 0xFF, 0xE0, 0x00, 0x00, 0x00, 0x7F, 0xFF, 0xE0, 0x00, 0x00, 0x00, 0x1F,
    0xFF, 0xE0, 0x00, 0x00, 0x00, 0x03, 0xFF, 0x80, 0x00, 0x00, 0x00, 0x00, 0x00, 0x00, 0x00, 0x00,
    0x00, 0x00, 0x00, 0x00, 0x00, 0x00, 0x00, 0x00, 0x00, 0x00, 0x00, 0x00, 0x00, 0x00, 0x00, 0x00,
    0x00, 0x00, 0x00, 0x00, 0x00, 0x00, 0x00, 0x00, 0x00, 0x00, 0x00, 0x00, 0x00, 0x00, 0x00, 0x00,
    0x00, 0x00, 0x00, 0x00, 0x00, 0x00, 0x00, 0x00, 0x00, 0x00, 0x00, 0x00, 0x00, 0x00, 0x00, 0x00,
  } },
  { 0x0044, 30, {
    0x00, 0x00, 0x00, 0x00, 0x00, 0x00, 0x00, 0x00, 0x00, 0x00, 0x00, 0x00, 0x00, 0x00, 0x00, 0x00,
    0x00, 0x00, 0x00, 0x00, 0x00, 0x00, 0x00, 0x00, 0x00, 0x00, 0x00, 0x00, 0x00, 0x00, 0x00, 0x00,
    0x00, 0x00, 0x00, 0x00, 0x00, 0x00, 0x00, 0x00, 0x00, 0x00, 0x00, 0x00, 0x00, 0x00, 0x00, 0x00,
    0x00, 0x00, 0x00, 0x00, 0x00, 0x00, 0x3F, 0xFF, 0xC0, 0x00, 0x00, 0x00, 0x3F, 0xFF, 0xF8, 0x00,
    0x00, 0x00, 0x3F, 0xFF, 0xFE, 0x00, 0x00, 0x00, 0x3F, 0xFF, 0xFF, 0x00, 0x00, 0x00, 0x3F, 0xFF,
    0xFF, 0x80, 0x00, 0x00, 0x3F, 0x07, 0xFF, 0xC0, 0x00, 0x00, 0x3F, 0x00, 0xFF, 0xC0, 0x00, 0x00,
    0x3F, 0x00, 0x3F, 0xE0, 0x00, 0x00, 0x3F, 0x00, 0x1F, 0xE0, 0x00, 0x00, 0x3F, 0x00, 0x1F, 0xF0,
    0x00, 0x00, 0x3F, 0x00, 0x0F, 0xF0, 0x00, 0x00, 0x3F, 0x00, 0x0F, 0xF0, 0x00, 0x00, 0x3F, 0x00,
    0x07, 0xF0, 0x00, 0x00, 0x3F, 0x00, 0x07, 0xF0, 0x00, 0x00, 0x3F, 0x00, 0x07, 0xF0, 0x00, 0x00,
    0x3F, 0x00, 0x07, 0xF0, 0x00, 0x00, 0x3F, 0x00, 0x07, 0xF0, 0x00, 0x00, 0x3F, 0x00, 0x0F, 0xF0,
    0x00, 0x00, 0x3F, 0x00, 0x0F, 0xF0, 0x00, 0x00, 0x3F, 0x00, 0x0F, 0xF0, 0x00, 0x00, 0x3F, 0x00,
    0x1F, 0xE0, 0x00, 0x00, 0x3F, 0x00, 0x1F, 0xE0, 0x00, 0x00, 0x3F, 0x00, 0x3F, 0xC0, 0x00, 0x00,
    0x3F, 0x00, 0xFF, 0xC0, 0x00, 0x00, 0x3F, 0x07, 0xFF, 0x80, 0x00, 0x00, 0x3F, 0xFF, 0xFF, 0x00,
    0x00, 0x00, 0x3F, 0xFF, 0xFE, 0x00, 0x00, 0x00, 0x3F, 0xFF, 0xFC, 0x00, 0x00, 0x00, 0x3F, 0xFF,
    0xF0, 0x00, 0x00, 0x00, 0x3F, 0xFF, 0x80, 0x00, 0x00, 0x00, 0x00, 0x00, 0x00, 0x00, 0x00, 0x00,
    0x00, 0x00, 0x00, 0x00, 0x00, 0x00, 0x00, 0x00, 0x00, 0x00, 0x00, 0x00, 0x00, 0x00, 0x00, 0x00,
    0x00, 0x00, 0x00, 0x00, 0x00, 0x00, 0x00, 0x00, 0x00, 0x00, 0x00, 0x00, 0x00, 0x00, 0x00, 0x00,
    0x00, 0x00, 0x00, 0x00, 0x00, 0x00, 0x00, 0x00, 0x00, 0x00, 0x00, 0x00, 0x00, 0x00, 0x00, 0x00,
  } },
  { 0x0045, 30, {
    0x00, 0x00, 0x00, 0x00, 0x00, 0x00, 0x00, 0x00, 0x00, 0x00, 0x00, 0x00, 0x00, 0x00, 0x00, 0x00,
    0x00, 0x00, 0x00, 0x00, 0x00, 0x00, 0x00, 0x00, 0x00, 0x00, 0x00, 0x00, 0x00, 0x00, 0x00, 0x00,
    0x00, 0x00, 0x00, 0x00, 0x00, 0x00, 0x00, 0x00, 0x00, 0x00, 0x00, 0x00, 0x00, 0x00, 0x00, 0x00,
    0x00, 0x00, 0x00, 0x00, 0x00, 0x00, 0x01, 0xFF, 0xFF, 0x00, 0x00, 0x00, 0x01, 0xFF, 0xFF, 0x00,
    0x00, 0x00, 0x01, 0xFF, 0xFF, 0x00, 0x00, 0x00, 0x01, 0xFF, 0xFF, 0x00, 0x00, 0x00, 0x01, 0xFF,
    0xFF, 0x00, 0x00, 0x00, 0x01, 0xFC, 0x00, 0x00, 0x00, 0x00, 0x01, 0xFC, 0x00, 0x00, 0x00, 0x00,
    0x01, 0xFC, 0x00, 0x00, 0x00, 0x00, 0x01, 0xFC, 0x00, 0x00, 0x00, 0x00, 0x01, 0xFC, 0x00, 0x00,
    0x00, 0x00, 0x01, 0xFC, 0x00, 0x00, 0x00, 0x00, 0x01, 0xFC, 0x00, 0x00, 0x00, 0x00, 0x01, 0xFF,
    0xFF, 0x00, 0x00, 0x00, 0x01, 0xFF, 0xFF, 0x00, 0x00, 0x00, 0x01, 0xFF, 0xFF, 0x00, 0x00, 0x00,
    0x01, 0xFF, 0xFF, 0x00, 0x00, 0x00, 0x01, 0xFF, 0xFF, 0x00, 0x00, 0x00, 0x01, 0xF8, 0x00, 0x00,
    0x00, 0x00, 0x01, 0xF8, 0x00, 0x00, 0x00, 0x00, 0x01, 0xF8, 0x00, 0x00, 0x00, 0x00, 0x01, 0xF8,
    0x00, 0x00, 0x00, 0x00, 0x01, 0xF8, 0x00, 0x00, 0x00, 0x00, 0x01, 0xF8, 0x00, 0x00, 0x00, 0x00,
    0x01, 0xF8, 0x00, 0x00, 0x00, 0x00, 0x01, 0xF8, 0x00, 0x00, 0x00, 0x00, 0x01, 0xFF, 0xFF, 0x80,
    0x00, 0x00, 0x01, 0xFF, 0xFF, 0x80, 0x00, 0x00, 0x01, 0xFF, 0xFF, 0x80, 0x00, 0x00, 0x01, 0xFF,
    0xFF, 0x80, 0x00, 0x00, 0x01, 0xFF, 0xFF, 0x80, 0x00, 0x00, 0x00, 0x00, 0x00, 0x00, 0x00, 0x00,
    0x00, 0x00, 0x00, 0x00, 0x00, 0x00, 0x00, 0x00, 0x00, 0x00, 0x00, 0x00, 0x00, 0x00, 0x00, 0x00,
    0x00, 0x00, 0x00, 0x00, 0x00, 0x00, 0x00, 0x00, 0x00, 0x00, 0x00, 0x00, 0x00, 0x00, 0x00, 0x00,
    0x00, 0x00, 0x00, 0x00, 0x00, 0x00, 0x00, 0x00, 0x00, 0x00, 0x00, 0x00, 0x00, 0x00, 0x00, 0x00,
  } },
  { 0x0046, 30, {
    0x00, 0x00, 0x00, 0x00, 0x00, 0x00, 0x00, 0x00, 0x00, 0x00, 0x00, 0x00, 0x00, 0x00, 0x00, 0x00,
    0x00, 0x00, 0x00, 0x00, 0x00, 0x00, 0x00, 0x00, 0x00, 0x00, 0x00, 0x00, 0x00, 0x00, 0x00, 0x00,
    0x00, 0x00, 0x00, 0x00, 0x00, 0x00, 0x00, 0x00, 0x00, 0x00, 0x00, 0x00, 0x00, 0x00, 0x00, 0x00,
    0x00, 0x00, 0x00, 0x00, 0x00, 0x00, 0x01, 0xFF, 0xFF, 0x00, 0x00, 0x00, 0x01, 0xFF, 0xFF, 0x00,
    0x00, 0x00, 0x01, 0xFF, 0xFF, 0x00, 0x00, 0x00, 0x01, 0xFF, 0xFF, 0x00, 0x00, 0x00, 0x01, 0xFF,
    0xFF, 0x00, 0x00, 0x00, 0x01, 0xFC, 0x00, 0x00, 0x00, 0x00, 0x01, 0xFC, 0x00, 0x00, 0x00, 0x00,
    0x01, 0xFC, 0x00, 0x00, 0x00, 0x00, 0x01, 0xFC, 0x00, 0x00, 0x00, 0x00, 0x01, 0xFC, 0x00, 0x00,
    0x00, 0x00, 0x01, 0xFC, 0x00, 0x00, 0x00, 0x00, 0x01, 0xFC, 0x00, 0x00, 0x00, 0x00, 0x01, 0xFC,
    0x00, 0x00, 0x00, 0x00, 0x01, 0xFF, 0xFE, 0x00, 0x00, 0x00, 0x01, 0xFF, 0xFE, 0x00, 0x00, 0x00,
    0x01, 0xFF, 0xFE, 0x00, 0x00, 0x00, 0x01, 0xFF, 0xFE, 0x00, 0x00, 0x00, 0x01, 0xFF, 0xFE, 0x00,
    0x00, 0x00, 0x01, 0xF8, 0x00, 0x00, 0x00, 0x00, 0x01, 0xF8, 0x00, 0x00, 0x00, 0x00, 0x01, 0xF8,
    0x00, 0x00, 0x00, 0x00, 0x01, 0xF8, 0x00, 0x00, 0x00, 0x00, 0x01, 0xF8, 0x00, 0x00, 0x00, 0x00,
    0x01, 0xF8, 0x00, 0x00, 0x00, 0x00, 0x01, 0xF8, 0x00, 0x00, 0x00, 0x00, 0x01, 0xF8, 0x00, 0x00,
    0x00, 0x00, 0x01, 0xF8, 0x00, 0x00, 0x00, 0x00, 0x01, 0xF8, 0x00, 0x00, 0x00, 0x00, 0x01, 0xF8,
    0x00, 0x00, 0x00, 0x00, 0x01, 0xF8, 0x00, 0x00, 0x00, 0x00, 0x00, 0x00, 0x00, 0x00, 0x00, 0x00,
    0x00, 0x00, 0x00, 0x00, 0x00, 0x00, 0x00, 0x00, 0x00, 0x00, 0x00, 0x00, 0x00, 0x00, 0x00, 0x00,
    0x00, 0x00, 0x00, 0x00, 0x00, 0x00, 0x00, 0x00, 0x00, 0x00, 0x00, 0x00, 0x00, 0x00, 0x00, 0x00,
    0x00, 0x00, 0x00, 0x00, 0x00, 0x00, 0x00, 0x00, 0x00, 0x00, 0x00, 0x00, 0x00, 0x00, 0x00, 0x00,
  } },
  { 0x0047, 30, {
    0x00, 0x00, 0x00, 0x00, 0x00, 0x00, 0x00, 0x00, 0x00, 0x00, 0x00, 0x00, 0x00, 0x00, 0x00, 0x00,
    0x00, 0x00, 0x00, 0x00, 0x00, 0x00, 0x00, 0x00, 0x00, 0x00, 0x00, 0x00, 0x00, 0x00, 0x00, 0x00,
    0x00, 0x00, 0x00, 0x00, 0x00, 0x00, 0x00, 0x00, 0x00, 0x00, 0x00, 0x00, 0x00, 0x00, 0x00, 0x00,
    0x00, 0x00, 0x00, 0x00, 0x00, 0x00, 0x00, 0x07, 0xFF, 0x00, 0x00, 0x00, 0x00, 0x3F, 0xFF, 0xC0,
    0x00, 0x00, 0x00, 0xFF, 0xFF, 0xC0, 0x00, 0x00, 0x01, 0xFF, 0xFF, 0xC0, 0x00, 0x00, 0x03, 0xFF,
    0xFF, 0xC0, 0x00, 0x00, 0x07, 0xFF, 0xFF, 0xC0, 0x00, 0x00, 0x0F, 0xFC, 0x00, 0xC0, 0x00, 0x00,
    0x0F, 0xF0, 0x00, 0x00, 0x00, 0x00, 0x1F, 0xE0, 0x00, 0x00, 0x00, 0x00, 0x1F, 0xE0, 0x00, 0x00,
    0x00, 0x00, 0x3F, 0xC0, 0x00, 0x00, 0x00, 0x00, 0x3F, 0xC0, 0x00, 0x00, 0x00, 0x00, 0x3F, 0xC0,
    0x00, 0x00, 0x00, 0x00, 0x3F, 0x81, 0xFF, 0xE0, 0x00, 0x00, 0x3F, 0x81, 0xFF, 0xE0, 0x00, 0x00,
    0x3F, 0x81, 0xFF, 0xE0, 0x00, 0x00, 0x3F, 0x81, 0xFF, 0xE0, 0x00, 0x00, 0x3F, 0x81, 0xFF, 0xE0,
    0x00, 0x00, 0x3F, 0xC0, 0x07, 0xE0, 0x00, 0x00, 0x3F, 0xC0, 0x07, 0xE0, 0x00, 0x00, 0x1F, 0xC0,
    0x07, 0xE0, 0x00, 0x00, 0x1F, 0xE0, 0x07, 0xE0, 0x00, 0x00, 0x1F, 0xF0, 0x07, 0xE0, 0x00, 0x00,
    0x0F, 0xF8, 0x07, 0xE0, 0x00, 0x00, 0x0F, 0xFF, 0xFF, 0xE0, 0x00, 0x00, 0x07, 0xFF, 0xFF, 0xE0,
    0x00, 0x00, 0x03, 0xFF, 0xFF, 0xE0, 0x00, 0x00, 0x01, 0xFF, 0xFF, 0xE0, 0x00, 0x00, 0x00, 0x7F,
    0xFF, 0x80, 0x00, 0x00, 0x00, 0x0F, 0xFE, 0x00, 0x00, 0x00, 0x00, 0x00, 0x00, 0x00, 0x00, 0x00,
    0x00, 0x00, 0x00, 0x00, 0x00, 0x00, 0x00, 0x00, 0x00, 0x00, 0x00, 0x00, 0x00, 0x00, 0x00, 0x00,
    0x00, 0x00, 0x00, 0x00, 0x00, 0x00, 0x00, 0x00, 0x00, 0x00, 0x00, 0x00, 0x00, 0x00, 0x00, 0x00,
    0x00, 0x00, 0x00, 0x00, 0x00, 0x00, 0x00, 0x00, 0x00, 0x00, 0x00, 0x00, 0x00, 0x00, 0x00, 0x00,
  } },
  { 0x0048, 30, {
    0x00, 0x00, 0x00, 0x00, 0x00, 0x00, 0x00, 0x00, 0x00, 0x00, 0x00, 0x00, 0x00, 0x00, 0x00, 0x00,
    0x00, 0x00, 0x00, 0x00, 0x00, 0x00, 0x00, 0x00, 0x00, 0x00, 0x00, 0x00, 0x00, 0x00, 0x00, 0x00,
    0x00, 0x00, 0x00, 0x00, 0x00, 0x00, 0x00, 0x00, 0x00, 0x00, 0x00, 0x00, 0x00, 0x00, 0x00, 0x00,
    0x00, 0x00, 0x00, 0x00, 0x00, 0x00, 0x3F, 0x00, 0x07, 0xE0, 0x00, 0x00, 0x3F, 0x00, 0x07, 0xE0,
    0x00, 0x00, 0x3F, 0x00, 0x07, 0xE0, 0x00, 0x00, 0x3F, 0x00, 0x07, 0xE0, 0x00, 0x00, 0x3F, 0x00,
    0x07, 0xE0, 0x00, 0x00, 0x3F, 0x00, 0x07, 0xE0, 0x00, 0x00, 0x3F, 0x00, 0x07, 0xE0, 0x00, 0x00,
    0x3F, 0x00, 0x07, 0xE0, 0x00, 0x00, 0x3F, 0x00, 0x07, 0xE0, 0x00, 0x00, 0x3F, 0x00, 0x07, 0xE0,
    0x00, 0x00, 0x3F, 0x00, 0x07, 0xE0, 0x00, 0x00, 0x3F, 0x00, 0x07, 0xE0, 0x00, 0x00, 0x3F, 0xFF,
    0xFF, 0xE0, 0x00, 0x00, 0x3F, 0xFF, 0xFF, 0xE0, 0x00, 0x00, 0x3F, 0xFF, 0xFF, 0xE0, 0x00, 0x00,
    0x3F, 0xFF, 0xFF, 0xE0, 0x00, 0x00, 0x3F, 0xFF, 0xFF, 0xE0, 0x00, 0x00, 0x3F, 0xFF, 0xFF, 0xE0,
    0x00, 0x00, 0x3F, 0x00, 0x07, 0xE0, 0x00, 0x00, 0x3F, 0x00, 0x07, 0xE0, 0x00, 0x00, 0x3F, 0x00,
    0x07, 0xE0, 0x00, 0x00, 0x3F, 0x00, 0x07, 0xE0, 0x00, 0x00, 0x3F, 0x00, 0x07, 0xE0, 0x00, 0x00,
    0x3F, 0x00, 0x07, 0xE0, 0x00, 0x00, 0x3F, 0x00, 0x07, 0xE0, 0x00, 0x00, 0x3F, 0x00, 0x07, 0xE0,
    0x00, 0x00, 0x3F, 0x00, 0x07, 0xE0, 0x00, 0x00, 0x3F, 0x00, 0x07, 0xE0, 0x00, 0x00, 0x3F, 0x00,
    0x07, 0xE0, 0x00, 0x00, 0x3F, 0x00, 0x07, 0xE0, 0x00, 0x00, 0x00, 0x00, 0x00, 0x00, 0x00, 0x00,
    0x00, 0x00, 0x00, 0x00, 0x00, 0x00, 0x00, 0x00, 0x00, 0x00, 0x00, 0x00, 0x00, 0x00, 0x00, 0x00,
    0x00, 0x00, 0x00, 0x00, 0x00, 0x00, 0x00, 0x00, 0x00, 0x00, 0x00, 0x00, 0x00, 0x00, 0x00, 0x00,
    0x00, 0x00, 0x00, 0x00, 0x00, 0x00, 0x00, 0x00, 0x00, 0x00, 0x00, 0x00, 0x00, 0x00, 0x00, 0x00,
  } },
  { 0x0049, 30, {
    0x00, 0x00, 0x00, 0x00, 0x00, 0x00, 0x00, 0x00, 0x00, 0x00, 0x00, 0x00, 0x00, 0x00, 0x00, 0x00,
    0x00, 0x00, 0x00, 0x00, 0x00, 0x00, 0x00, 0x00, 0x00, 0x00, 0x00, 0x00, 0x00, 0x00, 0x00, 0x00,
    0x00, 0x00, 0x00, 0x00, 0x00, 0x00, 0x00, 0x00, 0x00, 0x00, 0x00, 0x00, 0x00, 0x00, 0x00, 0x00,
    0x00, 0x00, 0x00, 0x00, 0x00, 0x00, 0x00, 0x1F, 0x80, 0x00, 0x00, 0x00, 0x00, 0x1F, 0x80, 0x00,
    0x00, 0x00, 0x00, 0x1F, 0x80, 0x00, 0x00, 0x00, 0x00, 0x1F, 0x80, 0x00, 0x00, 0x00, 0x00, 0x1F,
    0x80, 0x00, 0x00, 0x00, 0x00, 0x1F, 0x80, 0x00, 0x00, 0x00, 0x00, 0x1F, 0x80, 0x00, 0x00, 0x00,
    0x00, 0x1F, 0x80, 0x00, 0x00, 0x00, 0x00, 0x1F, 0x80, 0x00, 0x00, 0x00, 0x00, 0x1F, 0x80, 0x00,
    0x00, 0x00, 0x00, 0x1F, 0x80, 0x00, 0x00, 0x00, 0x00, 0x1F, 0x80, 0x00, 0x00, 0x00, 0x00, 0x1F,
    0x80, 0x00, 0x00, 0x00, 0x00, 0x1F, 0x80, 0x00, 0x00, 0x00, 0x00, 0x1F, 0x80, 0x00, 0x00, 0x00,
    0x00, 0x1F, 0x80, 0x00, 0x00, 0x00, 0x00, 0x1F, 0x80, 0x00, 0x00, 0x00, 0x00, 0x1F, 0x80, 0x00,
    0x00, 0x00, 0x00, 0x1F, 0x80, 0x00, 0x00, 0x00, 0x00, 0x1F, 0x80, 0x00, 0x00, 0x00, 0x00, 0x1F,
    0x80, 0x00, 0x00, 0x00, 0x00, 0x1F, 0x80, 0x00, 0x00, 0x00, 0x00, 0x1F, 0x80, 0x00, 0x00, 0x00,
    0x00, 0x1F, 0x80, 0x00, 0x00, 0x00, 0x00, 0x1F, 0x80, 0x00, 0x00, 0x00, 0x00, 0x1F, 0x80, 0x00,
    0x00, 0x00, 0x00, 0x1F, 0x80, 0x00, 0x00, 0x00, 0x00, 0x1F, 0x80, 0x00, 0x00, 0x00, 0x00, 0x1F,
    0x80, 0x00, 0x00, 0x00, 0x00, 0x1F, 0x80, 0x00, 0x00, 0x00, 0x00, 0x00, 0x00, 0x00, 0x00, 0x00,
    0x00, 0x00, 0x00, 0x00, 0x00, 0x00, 0x00, 0x00, 0x00, 0x00, 0x00, 0x00, 0x00, 0x00, 0x00, 0x00,
    0x00, 0x00, 0x00, 0x00, 0x00, 0x00, 0x00, 0x00, 0x00, 0x00, 0x00, 0x00, 0x00, 0x00, 0x00, 0x00,
    0x00, 0x00, 0x00, 0x00, 0x00, 0x00, 0x00, 0x00, 0x00, 0x00, 0x00, 0x00, 0x00, 0x00, 0x00, 0x00,
  } },
  { 0x004A, 30, {
    0x00, 0x00, 0x00, 0x00, 0x00, 0x00, 0x00, 0x00, 0x00, 0x00, 0x00, 0x00, 0x00, 0x00, 0x00, 0x00,
    0x00, 0x00, 0x00, 0x00, 0x00, 0x00, 0x00, 0x00, 0x00, 0x00, 0x00, 0x00, 0x00, 0x00, 0x00, 0x00,
    0x00, 0x00, 0x00, 0x00, 0x00, 0x00, 0x00, 0x00, 0x00, 0x00, 0x00, 0x00, 0x00, 0x00, 0x00, 0x00,
    0x00, 0x00, 0x00, 0x00, 0x00, 0x00, 0x00, 0x01, 0xF8, 0x00, 0x00, 0x00, 0x00, 0x01, 0xF8, 0x00,
    0x00, 0x00, 0x00, 0x01, 0xF8, 0x00, 0x00, 0x00, 0x00, 0x01, 0xF8, 0x00, 0x00, 0x00, 0x00, 0x01,
    0xF8, 0x00, 0x00, 0x00, 0x00, 0x01, 0xF8, 0x00, 0x00, 0x00, 0x00, 0x01, 0xF8, 0x00, 0x00, 0x00,
    0x00, 0x01, 0xF8, 0x00, 0x00, 0x00, 0x00, 0x01, 0xF8, 0x00, 0x00, 0x00, 0x00, 0x01, 0xF8, 0x00,
    0x00, 0x00, 0x00, 0x01, 0xF8, 0x00, 0x00, 0x00, 0x00, 0x01, 0xF8, 0x00, 0x00, 0x00, 0x00, 0x01,
    0xF8, 0x00, 0x00, 0x00, 0x00, 0x01, 0xF8, 0x00, 0x00, 0x00, 0x00, 0x01, 0xF8, 0x00, 0x00, 0x00,
    0x00, 0x01, 0xF8, 0x00, 0x00, 0x00, 0x00, 0x01, 0xF8, 0x00, 0x00, 0x00, 0x00, 0x01, 0xF8, 0x00,
    0x00, 0x00, 0x00, 0x01, 0xF8, 0x00, 0x00, 0x00, 0x00, 0x01, 0xF8, 0x00, 0x00, 0x00, 0x00, 0x01,
    0xF8, 0x00, 0x00, 0x00, 0x00, 0x03, 0xF8, 0x00, 0x00, 0x00, 0x00, 0x03, 0xF8, 0x00, 0x00, 0x00,
    0x00, 0x07, 0xF0, 0x00, 0x00, 0x00, 0x01, 0xFF, 0xF0, 0x00, 0x00, 0x00, 0x01, 0xFF, 0xF0, 0x00,
    0x00, 0x00, 0x01, 0xFF, 0xE0, 0x00, 0x00, 0x00, 0x01, 0xFF, 0xC0, 0x00, 0x00, 0x00, 0x01, 0xFF,
    0x80, 0x00, 0x00, 0x00, 0x01, 0xFE, 0x00, 0x00, 0x00, 0x00, 0x00, 0x00, 0x00, 0x00, 0x00, 0x00,
    0x00, 0x00, 0x00, 0x00, 0x00, 0x00, 0x00, 0x00, 0x00, 0x00, 0x00, 0x00, 0x00, 0x00, 0x00, 0x00,
    0x00, 0x00, 0x00, 0x00, 0x00, 0x00, 0x00, 0x00, 0x00, 0x00, 0x00, 0x00, 0x00, 0x00, 0x00, 0x00,
    0x00, 0x00, 0x00, 0x00, 0x00, 0x00, 0x00, 0x00, 0x00, 0x00, 0x00, 0x00, 0x00, 0x00, 0x00, 0x00,
  } },
  { 0x004B, 30, {
    0x00, 0x00, 0x00, 0x00, 0x00, 0x00, 0x00, 0x00, 0x00, 0x00, 0x00, 0x00, 0x00, 0x00, 0x00, 0x00,
    0x00, 0x00, 0x00, 0x00, 0x00, 0x00, 0x00, 0x00, 0x00, 0x00, 0x00, 0x00, 0x00, 0x00, 0x00, 0x00,
    0x00, 0x00, 0x00, 0x00, 0x00, 0x00, 0x00, 0x00, 0x00, 0x00, 0x00, 0x00, 0x00, 0x00, 0x00, 0x00,
    0x00, 0x00, 0x00, 0x00, 0x00, 0x00, 0x0F, 0xC0, 0x0F, 0xF0, 0x00, 0x00, 0x0F, 0xC0, 0x1F, 0xE0,
    0x00, 0x00, 0x0F, 0xC0, 0x3F, 0xC0, 0x00, 0x00, 0x0F, 0xC0, 0x3F, 0x80, 0x00, 0x00, 0x0F, 0xC0,
    0x7F, 0x80, 0x00, 0x00, 0x0F, 0xC0, 0xFF, 0x00, 0x00, 0x00, 0x0F, 0xC1, 0xFE, 0x00, 0x00, 0x00,
    0x0F, 0xC1, 0xFC, 0x00, 0x00, 0x00, 0x0F, 0xC3, 0xFC, 0x00, 0x00, 0x00, 0x0F, 0xC7, 0xF8, 0x00,
    0x00, 0x00, 0x0F, 0xCF, 0xF0, 0x00, 0x00, 0x00, 0x0F, 0xCF, 0xE0, 0x00, 0x00, 0x00, 0x0F, 0xDF,
    0xC0, 0x00, 0x00, 0x00, 0x0F, 0xFF, 0xC0, 0x00, 0x00, 0x00, 0x0F, 0xFF, 0x80, 0x00, 0x00, 0x00,
    0x0F, 0xFF, 0xC0, 0x00, 0x00, 0x00, 0x0F, 0xFF, 0xE0, 0x00, 0x00, 0x00, 0x0F, 0xDF, 0xE0, 0x00,
    0x00, 0x00, 0x0F, 0xCF, 0xF0, 0x00, 0x00, 0x00, 0x0F, 0xC7, 0xF8, 0x00, 0x00, 0x00, 0x0F, 0xC3,
    0xFC, 0x00, 0x00, 0x00, 0x0F, 0xC3, 0xFE, 0x00, 0x00, 0x00, 0x0F, 0xC1, 0xFE, 0x00, 0x00, 0x00,
    0x0F, 0xC0, 0xFF, 0x00, 0x00, 0x00, 0x0F, 0xC0, 0x7F, 0x80, 0x00, 0x00, 0x0F, 0xC0, 0x7F, 0xC0,
    0x00, 0x00, 0x0F, 0xC0, 0x3F, 0xC0, 0x00, 0x00, 0x0F, 0xC0, 0x1F, 0xE0, 0x00, 0x00, 0x0F, 0xC0,
    0x0F, 0xF0, 0x00, 0x00, 0x0F, 0xC0, 0x0F, 0xF8, 0x00, 0x00, 0x00, 0x00, 0x00, 0x00, 0x00, 0x00,
    0x00, 0x00, 0x00, 0x00, 0x00, 0x00, 0x00, 0x00, 0x00, 0x00, 0x00, 0x00, 0x00, 0x00, 0x00, 0x00,
    0x00, 0x00, 0x00, 0x00, 0x00, 0x00, 0x00, 0x00, 0x00, 0x00, 0x00, 0x00, 0x00, 0x00, 0x00, 0x00,
    0x00, 0x00, 0x00, 0x00, 0x00, 0x00, 0x00, 0x00, 0x00, 0x00, 0x00, 0x00, 0x00, 0x00, 0x00, 0x00,
  } },
  { 0x004C, 30, {
    0x00, 0x00, 0x00, 0x00, 0x00, 0x00, 0x00, 0x00, 0x00, 0x00, 0x00, 0x00, 0x00, 0x00, 0x00, 0x00,
    0x00, 0x00, 0x00, 0x00, 0x00, 0x00, 0x00, 0x00, 0x00, 0x00, 0x00, 0x00, 0x00, 0x00, 0x00, 0x00,
    0x00, 0x00, 0x00, 0x00, 0x00, 0x00, 0x00, 0x00, 0x00, 0x00, 0x00, 0x00, 0x00, 0x00, 0x00, 0x00,
    0x00, 0x00, 0x00, 0x00, 0x00, 0x00, 0x01, 0xF8, 0x00, 0x00, 0x00, 0x00, 0x01, 0xF8, 0x00, 0x00,
    0x00, 0x00, 0x01, 0xF8, 0x00, 0x00, 0x00, 0x00, 0x01, 0xF8, 0x00, 0x00, 0x00, 0x00, 0x01, 0xF8,
    0x00, 0x00, 0x00, 0x00, 0x01, 0xF8, 0x00, 0x00, 0x00, 0x00, 0x01, 0xF8, 0x00, 0x00, 0x00, 0x00,
    0x01, 0xF8, 0x00, 0x00, 0x00, 0x00, 0x01, 0xF8, 0x00, 0x00, 0x00, 0x00, 0x01, 0xF8, 0x00, 0x00,
    0x00, 0x00, 0x01, 0xF8, 0x00, 0x00, 0x00, 0x00, 0x01, 0xF8, 0x00, 0x00, 0x00, 0x00, 0x01, 0xF8,
    0x00, 0x00, 0x00, 0x00, 0x01, 0xF8, 0x00, 0x00, 0x00, 0x00, 0x01, 0xF8, 0x00, 0x00, 0x00, 0x00,
    0x01, 0xF8, 0x00, 0x00, 0x00, 0x00, 0x01, 0xF8, 0x00, 0x00, 0x00, 0x00, 0x01, 0xF8, 0x00, 0x00,
    0x00, 0x00, 0x01, 0xF8, 0x00, 0x00, 0x00, 0x00, 0x01, 0xF8, 0x00, 0x00, 0x00, 0x00, 0x01, 0xF8,
    0x00, 0x00, 0x00, 0x00, 0x01, 0xF8, 0x00, 0x00, 0x00, 0x00, 0x01, 0xF8, 0x00, 0x00, 0x00, 0x00,
    0x01, 0xF8, 0x00, 0x00, 0x00, 0x00, 0x01, 0xF8, 0x00, 0x00, 0x00, 0x00, 0x01, 0xFF, 0xFF, 0x00,
    0x00, 0x00, 0x01, 0xFF, 0xFF, 0x00, 0x00, 0x00, 0x01, 0xFF, 0xFF, 0x00, 0x00, 0x00, 0x01, 0xFF,
    0xFF, 0x00, 0x00, 0x00, 0x01, 0xFF, 0xFF, 0x00, 0x00, 0x00, 0x00, 0x00, 0x00, 0x00, 0x00, 0x00,
    0x00, 0x00, 0x00, 0x00, 0x00, 0x00, 0x00, 0x00, 0x00, 0x00, 0x00, 0x00, 0x00, 0x00, 0x00, 0x00,
    0x00, 0x00, 0x00, 0x00, 0x00, 0x00, 0x00, 0x00, 0x00, 0x00, 0x00, 0x00, 0x00, 0x00, 0x00, 0x00,
    0x00, 0x00, 0x00, 0x00, 0x00, 0x00, 0x00, 0x00, 0x00, 0x00, 0x00, 0x00, 0x00, 0x00, 0x00, 0x00,
  } },
  { 0x004D, 30, {
    0x00, 0x00, 0x00, 0x00, 0x00, 0x00, 0x00, 0x00, 0x00, 0x00, 0x00, 0x00, 0x00, 0x00, 0x00, 0x00,
    0x00, 0x00, 0x00, 0x00, 0x00, 0x00, 0x00, 0x00, 0x00, 0x00, 0x00, 0x00, 0x00, 0x00, 0x00, 0x00,
    0x00, 0x00, 0x00, 0x00, 0x00, 0x00, 0x00, 0x00, 0x00, 0x00, 0x00, 0x00, 0x00, 0x00, 0x00, 0x00,
    0x00, 0x00, 0x00, 0x00, 0x00, 0x00, 0xFF, 0x00, 0x03, 0xFE, 0x00, 0x00, 0xFF, 0x80, 0x07, 0xFE,
    0x00, 0x00, 0xFF, 0x80, 0x07, 0xFE, 0x00, 0x00, 0xFF, 0x80, 0x07, 0xFE, 0x00, 0x00, 0xFF, 0xC0,
    0x0F, 0xFE, 0x00, 0x00, 0xFF, 0xC0, 0x0F, 0xFE, 0x00, 0x00, 0xFF, 0xC0, 0x0F, 0xFE, 0x00, 0x00,
    0xFF, 0xE0, 0x1F, 0xFE, 0x00, 0x00, 0xFF, 0xE0, 0x1F, 0xFE, 0x00, 0x00, 0xF7, 0xE0, 0x1F, 0x7E,
    0x00, 0x00, 0xF7, 0xF0, 0x3F, 0x7E, 0x00, 0x00, 0xF7, 0xF0, 0x3F, 0x7E, 0x00, 0x00, 0xF3, 0xF0,
    0x3E, 0x7E, 0x00, 0x00, 0xF3, 0xF0, 0x7E, 0x7E, 0x00, 0x00, 0xF3, 0xF8, 0x7E, 0x7E, 0x00, 0x00,
    0xF1, 0xF8, 0x7C, 0x7E, 0x00, 0x00, 0xF1, 0xF8, 0xFC, 0x7E, 0x00, 0x00, 0xF1, 0xFC, 0xFC, 0x7E,
    0x00, 0x00, 0xF0, 0xFC, 0xF8, 0x7E, 0x00, 0x00, 0xF0, 0xFD, 0xF8, 0x7E, 0x00, 0x00, 0xF0, 0x7F,
    0xF0, 0x7E, 0x00, 0x00, 0xF0, 0x7F, 0xF0, 0x7E, 0x00, 0x00, 0xF0, 0x7F, 0xF0, 0x7E, 0x00, 0x00,
    0xF0, 0x3F, 0xE0, 0x7E, 0x00, 0x00, 0xF0, 0x3F, 0xE0, 0x7E, 0x00, 0x00, 0xF0, 0x3F, 0xE0, 0x7E,
    0x00, 0x00, 0xF0, 0x1F, 0xC0, 0x7E, 0x00, 0x00, 0xF0, 0x1F, 0xC0, 0x7E, 0x00, 0x00, 0xF0, 0x1F,
    0xC0, 0x7E, 0x00, 0x00, 0xF0, 0x0F, 0x80, 0x7E, 0x00, 0x00, 0x00, 0x00, 0x00, 0x00, 0x00, 0x00,
    0x00, 0x00, 0x00, 0x00, 0x00, 0x00, 0x00, 0x00, 0x00, 0x00, 0x00, 0x00, 0x00, 0x00, 0x00, 0x00,
    0x00, 0x00, 0x00, 0x00, 0x00, 0x00, 0x00, 0x00, 0x00, 0x00, 0x00, 0x00, 0x00, 0x00, 0x00, 0x00,
    0x00, 0x00, 0x00, 0x00, 0x00, 0x00, 0x00, 0x00, 0x00, 0x00, 0x00, 0x00, 0x00, 0x00, 0x00, 0x00,
  } },
  { 0x004E, 30, {
    0x00, 0x00, 0x00, 0x00, 0x00, 0x00, 0x00, 0x00, 0x00, 0x00, 0x00, 0x00, 0x00, 0x00, 0x00, 0x00,
    0x00, 0x00, 0x00, 0x00, 0x00, 0x00, 0x00, 0x00, 0x00, 0x00, 0x00, 0x00, 0x00, 0x00, 0x00, 0x00,
    0x00, 0x00, 0x00, 0x00, 0x00, 0x00, 0x00, 0x00, 0x00, 0x00, 0x00, 0x00, 0x00, 0x00, 0x00, 0x00,
    0x00, 0x00, 0x00, 0x00, 0x00, 0x00, 0x7F, 0x80, 0x03, 0xF0, 0x00, 0x00, 0x7F, 0x80, 0x03, 0xF0,
    0x00, 0x00, 0x7F, 0xC0, 0x03, 0xF0, 0x00, 0x00, 0x7F, 0xE0, 0x03, 0xF0, 0x00, 0x00, 0x7F, 0xE0,
    0x03, 0xF0, 0x00, 0x00, 0x7F, 0xF0, 0x03, 0xF0, 0x00, 0x00, 0x7F, 0xF8, 0x03, 0xF0, 0x00, 0x00,
    0x7F, 0xF8, 0x03, 0xF0, 0x00, 0x00, 0x7F, 0xFC, 0x03, 0xF0, 0x00, 0x00, 0x7E, 0xFE, 0x03, 0xF0,
    0x00, 0x00, 0x7E, 0xFE, 0x03, 0xF0, 0x00, 0x00, 0x7E, 0x7F, 0x03, 0xF0, 0x00, 0x00, 0x7E, 0x3F,
    0x03, 0xF0, 0x00, 0x00, 0x7E, 0x3F, 0x83, 0xF0, 0x00, 0x00, 0x7E, 0x1F, 0xC3, 0xF0, 0x00, 0x00,
    0x7E, 0x0F, 0xC3, 0xF0, 0x00, 0x00, 0x7E, 0x0F, 0xE3, 0xF0, 0x00, 0x00, 0x7E, 0x07, 0xF3, 0xF0,
    0x00, 0x00, 0x7E, 0x03, 0xF3, 0xF0, 0x00, 0x00, 0x7E, 0x03, 0xFB, 0xF0, 0x00, 0x00, 0x7E, 0x01,
    0xFF, 0xF0, 0x00, 0x00, 0x7E, 0x00, 0xFF, 0xF0, 0x00, 0x00, 0x7E, 0x00, 0xFF, 0xF0, 0x00, 0x00,
    0x7E, 0x00, 0x7F, 0xF0, 0x00, 0x00, 0x7E, 0x00, 0x3F, 0xF0, 0x00, 0x00, 0x7E, 0x00, 0x3F, 0xF0,
    0x00, 0x00, 0x7E, 0x00, 0x1F, 0xF0, 0x00, 0x00, 0x7E, 0x00, 0x1F, 0xF0, 0x00, 0x00, 0x7E, 0x00,
    0x0F, 0xF0, 0x00, 0x00, 0x7E, 0x00, 0x07, 0xF0, 0x00, 0x00, 0x00, 0x00, 0x00, 0x00, 0x00, 0x00,
    0x00, 0x00, 0x00, 0x00, 0x00, 0x00, 0x00, 0x00, 0x00, 0x00, 0x00, 0x00, 0x00, 0x00, 0x00, 0x00,
    0x00, 0x00, 0x00, 0x00, 0x00, 0x00, 0x00, 0x00, 0x00, 0x00, 0x00, 0x00, 0x00, 0x00, 0x00, 0x00,
    0x00, 0x00, 0x00, 0x00, 0x00, 0x00, 0x00, 0x00, 0x00, 0x00, 0x00, 0x00, 0x00, 0x00, 0x00, 0x00,
  } },
  { 0x004F, 30, {
    0x00, 0x00, 0x00, 0x00, 0x00, 0x00, 0x00, 0x00, 0x00, 0x00, 0x00, 0x00, 0x00, 0x00, 0x00, 0x00,
    0x00, 0x00, 0x00, 0x00, 0x00, 0x00, 0x00, 0x00, 0x00, 0x00, 0x00, 0x00, 0x00, 0x00, 0x00, 0x00,
    0x00, 0x00, 0x00, 0x00, 0x00, 0x00, 0x00, 0x00, 0x00, 0x00, 0x00, 0x00, 0x00, 0x00, 0x00, 0x00,
    0x00, 0x00, 0x00, 0x00, 0x00, 0x00, 0x00, 0x1F, 0xF0, 0x00, 0x00, 0x00, 0x00, 0xFF, 0xFC, 0x00,
    0x00, 0x00, 0x01, 0xFF, 0xFF, 0x00, 0x00, 0x00, 0x07, 0xFF, 0xFF, 0x80, 0x00, 0x00, 0x07, 0xFF,
    0xFF, 0xC0, 0x00, 0x00, 0x0F, 0xFF, 0xFF, 0xC0, 0x00, 0x00, 0x1F, 0xF0, 0x1F, 0xE0, 0x00, 0x00,
    0x1F, 0xC0, 0x0F, 0xF0, 0x00, 0x00, 0x3F, 0x80, 0x07, 0xF0, 0x00, 0x00, 0x3F, 0x80, 0x03, 0xF0,
    0x00, 0x00, 0x7F, 0x00, 0x03, 0xF8, 0x00, 0x00, 0x7F, 0x00, 0x03, 0xF8, 0x00, 0x00, 0x7E, 0x00,
    0x01, 0xF8, 0x00, 0x00, 0x7E, 0x00, 0x01, 0xF8, 0x00, 0x00, 0x7E, 0x00, 0x01, 0xF8, 0x00, 0x00,
    0x7E, 0x00, 0x01, 0xF8, 0x00, 0x00, 0x7E, 0x00, 0x01, 0xF8, 0x00, 0x00, 0x7E, 0x00, 0x01, 0xF8,
    0x00, 0x00, 0x7F, 0x00, 0x03, 0xF8, 0x00, 0x00, 0x7F, 0x00, 0x03, 0xF8, 0x00, 0x00, 0x3F, 0x00,
    0x03, 0xF0, 0x00, 0x00, 0x3F, 0x80, 0x07, 0xF0, 0x00, 0x00, 0x3F, 0xC0, 0x0F, 0xE0, 0x00, 0x00,
    0x1F, 0xE0, 0x1F, 0xE0, 0x00, 0x00, 0x0F, 0xFF, 0xFF, 0xC0, 0x00, 0x00, 0x0F, 0xFF, 0xFF, 0xC0,
    0x00, 0x00, 0x07, 0xFF, 0xFF, 0x80, 0x00, 0x00, 0x03, 0xFF, 0xFE, 0x00, 0x00, 0x00, 0x00, 0xFF,
    0xFC, 0x00, 0x00, 0x00, 0x00, 0x3F, 0xF0, 0x00, 0x00, 0x00, 0x00, 0x00, 0x00, 0x00, 0x00, 0x00,
    0x00, 0x00, 0x00, 0x00, 0x00, 0x00, 0x00, 0x00, 0x00, 0x00, 0x00, 0x00, 0x00, 0x00, 0x00, 0x00,
    0x00, 0x00, 0x00, 0x00, 0x00, 0x00, 0x00, 0x00, 0x00, 0x00, 0x00, 0x00, 0x00, 0x00, 0x00, 0x00,
    0x00, 0x00, 0x00, 0x00, 0x00, 0x00, 0x00, 0x00, 0x00, 0x00, 0x00, 0x00, 0x00, 0x00, 0x00, 0x00,
  } },
  { 0x0050, 30, {
    0x00, 0x00, 0x00, 0x00, 0x00, 0x00, 0x00, 0x00, 0x00, 0x00, 0x00, 0x00, 0x00, 0x00, 0x00, 0x00,
    0x00, 0x00, 0x00, 0x00, 0x00, 0x00, 0x00, 0x00, 0x00, 0x00, 0x00, 0x00, 0x00, 0x00, 0x00, 0x00,
    0x00, 0x00, 0x00, 0x00, 0x00, 0x00, 0x00, 0x00, 0x00, 0x00, 0x00, 0x00, 0x00, 0x00, 0x00, 0x00,
    0x00, 0x00, 0x00, 0x00, 0x00, 0x00, 0x07, 0xFF, 0xF8, 0x00, 0x00, 0x00, 0x07, 0xFF, 0xFE, 0x00,
    0x00, 0x00, 0x07, 0xFF, 0xFF, 0x00, 0x00, 0x00, 0x07, 0xFF, 0xFF, 0x80, 0x00, 0x00, 0x07, 0xFF,
    0xFF, 0xC0, 0x00, 0x00, 0x07, 0xF0, 0x7F, 0xE0, 0x00, 0x00, 0x07, 0xF0, 0x1F, 0xE0, 0x00, 0x00,
    0x07, 0xF0, 0x1F, 0xE0, 0x00, 0x00, 0x07, 0xF0, 0x0F, 0xE0, 0x00, 0x00, 0x07, 0xF0, 0x0F, 0xE0,
    0x00, 0x00, 0x07, 0xF0, 0x0F, 0xE0, 0x00, 0x00, 0x07, 0xF0, 0x0F, 0xE0, 0x00, 0x00, 0x07, 0xF0,
    0x1F, 0xE0, 0x00, 0x00, 0x07, 0xF0, 0x1F, 0xC0, 0x00, 0x00, 0x07, 0xF0, 0x7F, 0xC0, 0x00, 0x00,
    0x07, 0xFF, 0xFF, 0x80, 0x00, 0x00, 0x07, 0xFF, 0xFF, 0x00, 0x00, 0x00, 0x07, 0xFF, 0xFE, 0x00,
    0x00, 0x00, 0x07, 0xFF, 0xFC, 0x00, 0x00, 0x00, 0x07, 0xFF, 0xE0, 0x00, 0x00, 0x00, 0x07, 0xF0,
    0x00, 0x00, 0x00, 0x00, 0x07, 0xF0, 0x00, 0x00, 0x00, 0x00, 0x07, 0xF0, 0x00, 0x00, 0x00, 0x00,
    0x07, 0xF0, 0x00, 0x00, 0x00, 0x00, 0x07, 0xF0, 0x00, 0x00, 0x00, 0x00, 0x07, 0xF0, 0x00, 0x00,
    0x00, 0x00, 0x07, 0xF0, 0x00, 0x00, 0x00, 0x00, 0x07, 0xF0, 0x00, 0x00, 0x00, 0x00, 0x07, 0xF0,
    0x00, 0x00, 0x00, 0x00, 0x07, 0xF0, 0x00, 0x00, 0x00, 0x00, 0x00, 0x00, 0x00, 0x00, 0x00, 0x00,
    0x00, 0x00, 0x00, 0x00, 0x00, 0x00, 0x00, 0x00, 0x00, 0x00, 0x00, 0x00, 0x00, 0x00, 0x00, 0x00,
    0x00, 0x00, 0x00, 0x00, 0x00, 0x00, 0x00, 0x00, 0x00, 0x00, 0x00, 0x00, 0x00, 0x00, 0x00, 0x00,
    0x00, 0x00, 0x00, 0x00, 0x00, 0x00, 0x00, 0x00, 0x00, 0x00, 0x00, 0x00, 0x00, 0x00, 0x00, 0x00,
  } },
  { 0x0051, 30, {
    0x00, 0x00, 0x00, 0x00, 0x00, 0x00, 0x00, 0x00, 0x00, 0x00, 0x00, 0x00, 0x00, 0x00, 0x00, 0x00,
    0x00, 0x00, 0x00, 0x00, 0x00, 0x00, 0x00, 0x00, 0x00, 0x00, 0x00, 0x00, 0x00, 0x00, 0x00, 0x00,
    0x00, 0x00, 0x00, 0x00, 0x00, 0x00, 0x00, 0x00, 0x00, 0x00, 0x00, 0x3F, 0xE0, 0x00, 0x00, 0x00,
    0x01, 0xFF, 0xF8, 0x00, 0x00, 0x00, 0x03, 0xFF, 0xFE, 0x00, 0x00, 0x00, 0x0F, 0xFF, 0xFF, 0x00,
    0x00, 0x00, 0x0F, 0xFF, 0xFF, 0x80, 0x00, 0x00, 0x1F, 0xFF, 0xFF, 0x80, 0x00, 0x00, 0x3F, 0xE0,
    0x3F, 0xC0, 0x00, 0x00, 0x3F, 0x80, 0x1F, 0xE0, 0x00, 0x00, 0x7F, 0x00, 0x0F, 0xE0, 0x00, 0x00,
    0x7F, 0x00, 0x0F, 0xE0, 0x00, 0x00, 0xFE, 0x00, 0x07, 0xF0, 0x00, 0x00, 0xFE, 0x00, 0x07, 0xF0,
    0x00, 0x00, 0xFE, 0x00, 0x07, 0xF0, 0x00, 0x00, 0xFE, 0x00, 0x07, 0xF0, 0x00, 0x00, 0xFE, 0x00,
    0x07, 0xF0, 0x00, 0x00, 0xFE, 0x00, 0x07, 0xF0, 0x00, 0x00, 0xFE, 0x00, 0x07, 0xF0, 0x00, 0x00,
    0xFE, 0x00, 0x07, 0xF0, 0x00, 0x00, 0xFE, 0x00, 0x07, 0xF0, 0x00, 0x00, 0xFE, 0x00, 0x07, 0xF0,
    0x00, 0x00, 0x7F, 0x00, 0x0F, 0xE0, 0x00, 0x00, 0x7F, 0x00, 0x0F, 0xE0, 0x00, 0x00, 0x7F, 0x80,
    0x1F, 0xE0, 0x00, 0x00, 0x3F, 0xE0, 0x3F, 0xC0, 0x00, 0x00, 0x1F, 0xFF, 0xFF, 0x80, 0x00, 0x00,
    0x1F, 0xFF, 0xFF, 0x80, 0x00, 0x00, 0x0F, 0xFF, 0xFF, 0x00, 0x00, 0x00, 0x07, 0xFF, 0xFF, 0x80,
    0x00, 0x00, 0x01, 0xFF, 0xFF, 0xC0, 0x00, 0x00, 0x00, 0x7F, 0xFF, 0xE0, 0x00, 0x00, 0x00, 0x00,
    0x1F, 0xF0, 0x00, 0x00, 0x00, 0x00, 0x0F, 0xF8, 0x00, 0x00, 0x00, 0x00, 0x0F, 0xFC, 0x00, 0x00,
    0x00, 0x00, 0x07, 0xFE, 0x00, 0x00, 0x00, 0x00, 0x00, 0x00, 0x00, 0x00, 0x00, 0x00, 0x00, 0x00,
    0x00, 0x00, 0x00, 0x00, 0x00, 0x00, 0x00, 0x00, 0x00, 0x00, 0x00, 0x00, 0x00, 0x00, 0x00, 0x00,
    0x00, 0x00, 0x00, 0x00, 0x00, 0x00, 0x00, 0x00, 0x00, 0x00, 0x00, 0x00, 0x00, 0x00, 0x00, 0x00,
  } },
  { 0x0052, 30, {
    0x00, 0x00, 0x00, 0x00, 0x00, 0x00, 0x00, 0x00, 0x00, 0x00, 0x00, 0x00, 0x00, 0x00, 0x00, 0x00,
    0x00, 0x00, 0x00, 0x00, 0x00, 0x00, 0x00, 0x00, 0x00, 0x00, 0x00, 0x00, 0x00, 0x00, 0x00, 0x00,
    0x00, 0x00, 0x00, 0x00, 0x00, 0x00, 0x00, 0x00, 0x00, 0x00, 0x00, 0x00, 0x00, 0x00, 0x00, 0x00,
    0x00, 0x00, 0x00, 0x00, 0x00, 0x00, 0x0F, 0xFF, 0xF0, 0x00, 0x00, 0x00, 0x0F, 0xFF, 0xFC, 0x00,
    0x00, 0x00, 0x0F, 0xFF, 0xFE, 0x00, 0x00, 0x00, 0x0F, 0xFF, 0xFF, 0x00, 0x00, 0x00, 0x0F, 0xFF,
    0xFF, 0x80, 0x00, 0x00, 0x0F, 0xC0, 0xFF, 0x80, 0x00, 0x00, 0x0F, 0xC0, 0x7F, 0x80, 0x00, 0x00,
    0x0F, 0xC0, 0x3F, 0x80, 0x00, 0x00, 0x0F, 0xC0, 0x3F, 0x80, 0x00, 0x00, 0x0F, 0xC0, 0x3F, 0x80,
    0x00, 0x00, 0x0F, 0xC0, 0x7F, 0x80, 0x00, 0x00, 0x0F, 0xC0, 0x7F, 0x00, 0x00, 0x00, 0x0F, 0xC1,
    0xFF, 0x00, 0x00, 0x00, 0x0F, 0xFF, 0xFE, 0x00, 0x00, 0x00, 0x0F, 0xFF, 0xFC, 0x00, 0x00, 0x00,
    0x0F, 0xFF, 0xF0, 0x00, 0x00, 0x00, 0x0F, 0xFF, 0xE0, 0x00, 0x00, 0x00, 0x0F, 0xFF, 0xF0, 0x00,
    0x00, 0x00, 0x0F, 0xC7, 0xF8, 0x00, 0x00, 0x00, 0x0F, 0xC1, 0xFC, 0x00, 0x00, 0x00, 0x0F, 0xC1,
    0xFE, 0x00, 0x00, 0x00, 0x0F, 0xC0, 0xFE, 0x00, 0x00, 0x00, 0x0F, 0xC0, 0xFF, 0x00, 0x00, 0x00,
    0x0F, 0xC0, 0x7F, 0x00, 0x00, 0x00, 0x0F, 0xC0, 0x3F, 0x80, 0x00, 0x00, 0x0F, 0xC0, 0x3F, 0xC0,
    0x00, 0x00, 0x0F, 0xC0, 0x1F, 0xC0, 0x00, 0x00, 0x0F, 0xC0, 0x1F, 0xE0, 0x00, 0x00, 0x0F, 0xC0,
    0x0F, 0xE0, 0x00, 0x00, 0x0F, 0xC0, 0x0F, 0xF0, 0x00, 0x00, 0x00, 0x00, 0x00, 0x00, 0x00, 0x00,
    0x00, 0x00, 0x00, 0x00, 0x00, 0x00, 0x00, 0x00, 0x00, 0x00, 0x00, 0x00, 0x00, 0x00, 0x00, 0x00,
    0x00, 0x00, 0x00, 0x00, 0x00, 0x00, 0x00, 0x00, 0x00, 0x00, 0x00, 0x00, 0x00, 0x00, 0x00, 0x00,
    0x00, 0x00, 0x00, 0x00, 0x00, 0x00, 0x00, 0x00, 0x00, 0x00, 0x00, 0x00, 0x00, 0x00, 0x00, 0x00,
  } },
  { 0x0053, 30, {
    0x00, 0x00, 0x00, 0x00, 0x00, 0x00, 0x00, 0x00, 0x00, 0x00, 0x00, 0x00, 0x00, 0x00, 0x00, 0x00,
    0x00, 0x00, 0x00, 0x00, 0x00, 0x00, 0x00, 0x00, 0x00, 0x00, 0x00, 0x00, 0x00, 0x00, 0x00, 0x00,
    0x00, 0x00, 0x00, 0x00, 0x00, 0x00, 0x00, 0x00, 0x00, 0x00, 0x00, 0x00, 0x00, 0x00, 0x00, 0x00,
    0x00, 0x00, 0x00, 0x00, 0x00, 0x00, 0x00, 0x1F, 0xFE, 0x00, 0x00, 0x00, 0x00, 0x7F, 0xFF, 0x00,
    0x00, 0x00, 0x00, 0xFF, 0xFF, 0x00, 0x00, 0x00, 0x01, 0xFF, 0xFF, 0x00, 0x00, 0x00, 0x03, 0xFF,
    0xFF, 0x00, 0x00, 0x00, 0x07, 0xFE, 0x0F, 0x00, 0x00, 0x00, 0x07, 0xF8, 0x01, 0x00, 0x00, 0x00,
    0x07, 0xF0, 0x00, 0x00, 0x00, 0x00, 0x07, 0xF0, 0x00, 0x00, 0x00, 0x00, 0x07, 0xF8, 0x00, 0x00,
    0x00, 0x00, 0x07, 0xF8, 0x00, 0x00, 0x00, 0x00, 0x07, 0xFE, 0x00, 0x00, 0x00, 0x00, 0x03, 0xFF,
    0x80, 0x00, 0x00, 0x00, 0x01, 0xFF, 0xE0, 0x00, 0x00, 0x00, 0x01, 0xFF, 0xF8, 0x00, 0x00, 0x00,
    0x00, 0x7F, 0xFC, 0x00, 0x00, 0x00, 0x00, 0x3F, 0xFE, 0x00, 0x00, 0x00, 0x00, 0x0F, 0xFF, 0x00,
    0x00, 0x00, 0x00, 0x01, 0xFF, 0x80, 0x00, 0x00, 0x00, 0x00, 0xFF, 0x80, 0x00, 0x00, 0x00, 0x00,
    0x7F, 0x80, 0x00, 0x00, 0x00, 0x00, 0x3F, 0x80, 0x00, 0x00, 0x04, 0x00, 0x3F, 0x80, 0x00, 0x00,
    0x07, 0x00, 0x7F, 0x80, 0x00, 0x00, 0x07, 0xC1, 0xFF, 0x80, 0x00, 0x00, 0x07, 0xFF, 0xFF, 0x00,
    0x00, 0x00, 0x07, 0xFF, 0xFF, 0x00, 0x00, 0x00, 0x07, 0xFF, 0xFE, 0x00, 0x00, 0x00, 0x07, 0xFF,
    0xF8, 0x00, 0x00, 0x00, 0x00, 0xFF, 0xE0, 0x00, 0x00, 0x00, 0x00, 0x00, 0x00, 0x00, 0x00, 0x00,
    0x00, 0x00, 0x00, 0x00, 0x00, 0x00, 0x00, 0x00, 0x00, 0x00, 0x00, 0x00, 0x00, 0x00, 0x00, 0x00,
    0x00, 0x00, 0x00, 0x00, 0x00, 0x00, 0x00, 0x00, 0x00, 0x00, 0x00, 0x00, 0x00, 0x00, 0x00, 0x00,
    0x00, 0x00, 0x00, 0x00, 0x00, 0x00, 0x00, 0x00, 0x00, 0x00, 0x00, 0x00, 0x00, 0x00, 0x00, 0x00,
  } },
  { 0x0054, 30, {
    0x00, 0x00, 0x00, 0x00, 0x00, 0x00, 0x00, 0x00, 0x00, 0x00, 0x00, 0x00, 0x00, 0x00, 0x00, 0x00,
    0x00, 0x00, 0x00, 0x00, 0x00, 0x00, 0x00, 0x00, 0x00, 0x00, 0x00, 0x00, 0x00, 0x00, 0x00, 0x00,
    0x00, 0x00, 0x00, 0x00, 0x00, 0x00, 0x00, 0x00, 0x00, 0x00, 0x00, 0x00, 0x00, 0x00, 0x00, 0x00,
    0x00, 0x00, 0x00, 0x00, 0x00, 0x00, 0x0F, 0xFF, 0xFF, 0xC0, 0x00, 0x00, 0x0F, 0xFF, 0xFF, 0xC0,
    0x00, 0x00, 0x0F, 0xFF, 0xFF, 0xC0, 0x00, 0x00, 0x0F, 0xFF, 0xFF, 0xC0, 0x00, 0x00, 0x0F, 0xFF,
    0xFF, 0xC0, 0x00, 0x00, 0x00, 0x0F, 0xC0, 0x00, 0x00, 0x00, 0x00, 0x0F, 0xC0, 0x00, 0x00, 0x00,
    0x00, 0x0F, 0xC0, 0x00, 0x00, 0x00, 0x00, 0x0F, 0xC0, 0x00, 0x00, 0x00, 0x00, 0x0F, 0xC0, 0x00,
    0x00, 0x00, 0x00, 0x0F, 0xC0, 0x00, 0x00, 0x00, 0x00, 0x0F, 0xC0, 0x00, 0x00, 0x00, 0x00, 0x0F,
    0xC0, 0x00, 0x00, 0x00, 0x00, 0x0F, 0xC0, 0x00, 0x00, 0x00, 0x00, 0x0F, 0xC0, 0x00, 0x00, 0x00,
    0x00, 0x0F, 0xC0, 0x00, 0x00, 0x00, 0x00, 0x0F, 0xC0, 0x00, 0x00, 0x00, 0x00, 0x0F, 0xC0, 0x00,
    0x00, 0x00, 0x00, 0x0F, 0xC0, 0x00, 0x00, 0x00, 0x00, 0x0F, 0xC0, 0x00, 0x00, 0x00, 0x00, 0x0F,
    0xC0, 0x00, 0x00, 0x00, 0x00, 0x0F, 0xC0, 0x00, 0x00, 0x00, 0x00, 0x0F, 0xC0, 0x00, 0x00, 0x00,
    0x00, 0x0F, 0xC0, 0x00, 0x00, 0x00, 0x00, 0x0F, 0xC0, 0x00, 0x00, 0x00, 0x00, 0x0F, 0xC0, 0x00,
    0x00, 0x00, 0x00, 0x0F, 0xC0, 0x00, 0x00, 0x00, 0x00, 0x0F, 0xC0, 0x00, 0x00, 0x00, 0x00, 0x0F,
    0xC0, 0x00, 0x00, 0x00, 0x00, 0x0F, 0xC0, 0x00, 0x00, 0x00, 0x00, 0x00, 0x00, 0x00, 0x00, 0x00,
    0x00, 0x00, 0x00, 0x00, 0x00, 0x00, 0x00, 0x00, 0x00, 0x00, 0x00, 0x00, 0x00, 0x00, 0x00, 0x00,
    0x00, 0x00, 0x00, 0x00, 0x00, 0x00, 0x00, 0x00, 0x00, 0x00, 0x00, 0x00, 0x00, 0x00, 0x00, 0x00,
    0x00, 0x00, 0x00, 0x00, 0x00, 0x00, 0x00, 0x00, 0x00, 0x00, 0x00, 0x00, 0x00, 0x00, 0x00, 0x00,
  } },
  { 0x0055, 30, {
    0x00, 0x00, 0x00, 0x00, 0x00, 0x00, 0x00, 0x00, 0x00, 0x00, 0x00, 0x00, 0x00, 0x00, 0x00, 0x00,
    0x00, 0x00, 0x00, 0x00, 0x00, 0x00, 0x00, 0x00, 0x00, 0x00, 0x00, 0x00, 0x00, 0x00, 0x00, 0x00,
    0x00, 0x00, 0x00, 0x00, 0x00, 0x00, 0x00, 0x00, 0x00, 0x00, 0x00, 0x00, 0x00, 0x00, 0x00, 0x00,
    0x00, 0x00, 0x00, 0x00, 0x00, 0x00, 0x1F, 0x80, 0x07, 0xE0, 0x00, 0x00, 0x1F, 0x80, 0x07, 0xE0,
    0x00, 0x00, 0x1F, 0x80, 0x07, 0xE0, 0x00, 0x00, 0x1F, 0x80, 0x07, 0xE0, 0x00, 0x00, 0x1F, 0x80,
    0x07, 0xE0, 0x00, 0x00, 0x1F, 0x80, 0x07, 0xE0, 0x00, 0x00, 0x1F, 0x80, 0x07, 0xE0, 0x00, 0x00,
    0x1F, 0x80, 0x07, 0xE0, 0x00, 0x00, 0x1F, 0x80, 0x07, 0xE0, 0x00, 0x00, 0x1F, 0x80, 0x07, 0xE0,
    0x00, 0x00, 0x1F, 0x80, 0x07, 0xE0, 0x00, 0x00, 0x1F, 0x80, 0x07, 0xE0, 0x00, 0x00, 0x1F, 0x80,
    0x07, 0xE0, 0x00, 0x00, 0x1F, 0x80, 0x07, 0xE0, 0x00, 0x00, 0x1F, 0x80, 0x07, 0xE0, 0x00, 0x00,
    0x1F, 0x80, 0x07, 0xE0, 0x00, 0x00, 0x1F, 0x80, 0x07, 0xE0, 0x00, 0x00, 0x1F, 0x80, 0x07, 0xE0,
    0x00, 0x00, 0x1F, 0x80, 0x07, 0xE0, 0x00, 0x00, 0x1F, 0x80, 0x07, 0xE0, 0x00, 0x00, 0x1F, 0xC0,
    0x0F, 0xE0, 0x00, 0x00, 0x1F, 0xC0, 0x0F, 0xE0, 0x00, 0x00, 0x1F, 0xE0, 0x1F, 0xC0, 0x00, 0x00,
    0x0F, 0xF0, 0x3F, 0xC0, 0x00, 0x00, 0x0F, 0xFF, 0xFF, 0xC0, 0x00, 0x00, 0x07, 0xFF, 0xFF, 0x80,
    0x00, 0x00, 0x03, 0xFF, 0xFF, 0x00, 0x00, 0x00, 0x01, 0xFF, 0xFE, 0x00, 0x00, 0x00, 0x00, 0xFF,
    0xFC, 0x00, 0x00, 0x00, 0x00, 0x3F, 0xF0, 0x00, 0x00, 0x00, 0x00, 0x00, 0x00, 0x00, 0x00, 0x00,
    0x00, 0x00, 0x00, 0x00, 0x00, 0x00, 0x00, 0x00, 0x00, 0x00, 0x00, 0x00, 0x00, 0x00, 0x00, 0x00,
    0x00, 0x00, 0x00, 0x00, 0x00, 0x00, 0x00, 0x00, 0x00, 0x00, 0x00, 0x00, 0x00, 0x00, 0x00, 0x00,
    0x00, 0x00, 0x00, 0x00, 0x00, 0x00, 0x00, 0x00, 0x00, 0x00, 0x00, 0x00, 0x00, 0x00, 0x00, 0x00,
  } },
  { 0x0056, 30, {
    0x00, 0x00, 0x00, 0x00, 0x00, 0x00, 0x00, 0x00, 0x00, 0x00, 0x00, 0x00, 0x00, 0x00, 0x00, 0x00,
    0x00, 0x00, 0x00, 0x00, 0x00, 0x00, 0x00, 0x00, 0x00, 0x00, 0x00, 0x00, 0x00, 0x00, 0x00, 0x00,
    0x00, 0x00, 0x00, 0x00, 0x00, 0x00, 0x00, 0x00, 0x00, 0x00, 0x00, 0x00, 0x00, 0x00, 0x00, 0x00,
    0x00, 0x00, 0x00, 0x00, 0x00, 0x00, 0x7F, 0x00, 0x03, 0xF8, 0x00, 0x00, 0x7F, 0x80, 0x03, 0xF8,
    0x00, 0x00, 0x3F, 0x80, 0x07, 0xF0, 0x00, 0x00, 0x3F, 0x80, 0x07, 0xF0, 0x00, 0x00, 0x3F, 0xC0,
    0x07, 0xF0, 0x00, 0x00, 0x1F, 0xC0, 0x0F, 0xE0, 0x00, 0x00, 0x1F, 0xC0, 0x0F, 0xE0, 0x00, 0x00,
    0x1F, 0xC0, 0x0F, 0xE0, 0x00, 0x00, 0x0F, 0xE0, 0x1F, 0xC0, 0x00, 0x00, 0x0F, 0xE0, 0x1F, 0xC0,
    0x00, 0x00, 0x0F, 0xE0, 0x1F, 0xC0, 0x00, 0x00, 0x07, 0xF0, 0x1F, 0x80, 0x00, 0x00, 0x07, 0xF0,
    0x3F, 0x80, 0x00, 0x00, 0x07, 0xF0, 0x3F, 0x80, 0x00, 0x00, 0x03, 0xF8, 0x3F, 0x00, 0x00, 0x00,
    0x03, 0xF8, 0x7F, 0x00, 0x00, 0x00, 0x03, 0xF8, 0x7E, 0x00, 0x00, 0x00, 0x01, 0xF8, 0x7E, 0x00,
    0x00, 0x00, 0x01, 0xFC, 0xFE, 0x00, 0x00, 0x00, 0x01, 0xFC, 0xFC, 0x00, 0x00, 0x00, 0x00, 0xFC,
    0xFC, 0x00, 0x00, 0x00, 0x00, 0xFF, 0xFC, 0x00, 0x00, 0x00, 0x00, 0x7F, 0xF8, 0x00, 0x00, 0x00,
    0x00, 0x7F, 0xF8, 0x00, 0x00, 0x00, 0x00, 0x7F, 0xF8, 0x00, 0x00, 0x00, 0x00, 0x3F, 0xF0, 0x00,
    0x00, 0x00, 0x00, 0x3F, 0xF0, 0x00, 0x00, 0x00, 0x00, 0x3F, 0xF0, 0x00, 0x00, 0x00, 0x00, 0x1F,
    0xE0, 0x00, 0x00, 0x00, 0x00, 0x1F, 0xE0, 0x00, 0x00, 0x00, 0x00, 0x00, 0x00, 0x00, 0x00, 0x00,
    0x00, 0x00, 0x00, 0x00, 0x00, 0x00, 0x00, 0x00, 0x00, 0x00, 0x00, 0x00, 0x00, 0x00, 0x00, 0x00,
    0x00, 0x00, 0x00, 0x00, 0x00, 0x00, 0x00, 0x00, 0x00, 0x00, 0x00, 0x00, 0x00, 0x00, 0x00, 0x00,
    0x00, 0x00, 0x00, 0x00, 0x00, 0x00, 0x00, 0x00, 0x00, 0x00, 0x00, 0x00, 0x00, 0x00, 0x00, 0x00,
  } },
  { 0x0057, 30, {
    0x00, 0x00, 0x00, 0x00, 0x00, 0x00, 0x00, 0x00, 0x00, 0x00, 0x00, 0x00, 0x00, 0x00, 0x00, 0x00,
    0x00, 0x00, 0x00, 0x00, 0x00, 0x00, 0x00, 0x00, 0x00, 0x00, 0x00, 0x00, 0x00, 0x00, 0x00, 0x00,
    0x00, 0x00, 0x00, 0x00, 0x00, 0x00, 0x00, 0x00, 0x00, 0x00, 0x00, 0x00, 0x00, 0x00, 0x00, 0x00,
    0x00, 0x00, 0x00, 0x00, 0x00, 0x00, 0x00, 0x1F, 0xE0, 0x07, 0xE0, 0x00, 0x80, 0x1F, 0xE0, 0x07,
    0xE0, 0x00, 0x80, 0x3F, 0xE0, 0x0F, 0xE0, 0x00, 0x80, 0x3F, 0xE0, 0x0F, 0xE0, 0x00, 0x80, 0x3F,
    0xF0, 0x0F, 0xC0, 0x00, 0xC0, 0x3F, 0xF0, 0x0F, 0xC0, 0x00, 0xC0, 0x7F, 0xF0, 0x0F, 0xC0, 0x00,
    0xC0, 0x7F, 0xF0, 0x1F, 0xC0, 0x00, 0xC0, 0x7F, 0xF8, 0x1F, 0x80, 0x00, 0xC0, 0xFF, 0xF8, 0x1F,
    0x80, 0x00, 0xE0, 0xFF, 0xF8, 0x1F, 0x80, 0x00, 0xE0, 0xFC, 0xF8, 0x3F, 0x00, 0x00, 0xE0, 0xFC,
    0xFC, 0x3F, 0x00, 0x00, 0xE1, 0xFC, 0xFC, 0x3F, 0x00, 0x00, 0xF1, 0xF8, 0xFC, 0x3F, 0x00, 0x00,
    0xF1, 0xF8, 0x7C, 0x7E, 0x00, 0x00, 0xF3, 0xF8, 0x7E, 0x7E, 0x00, 0x00, 0xF3, 0xF8, 0x7E, 0x7E,
    0x00, 0x00, 0xF3, 0xF0, 0x7E, 0x7E, 0x00, 0x00, 0xFB, 0xF0, 0x3E, 0xFC, 0x00, 0x00, 0xFF, 0xF0,
    0x3F, 0xFC, 0x00, 0x00, 0xFF, 0xF0, 0x3F, 0xFC, 0x00, 0x00, 0xFF, 0xE0, 0x3F, 0xFC, 0x00, 0x00,
    0xFF, 0xE0, 0x1F, 0xF8, 0x00, 0x00, 0xFF, 0xE0, 0x1F, 0xF8, 0x00, 0x00, 0xFF, 0xC0, 0x1F, 0xF8,
    0x00, 0x00, 0xFF, 0xC0, 0x1F, 0xF8, 0x00, 0x00, 0xFF, 0xC0, 0x0F, 0xF0, 0x00, 0x00, 0x7F, 0xC0,
    0x0F, 0xF0, 0x00, 0x00, 0x7F, 0x80, 0x0F, 0xF0, 0x00, 0x00, 0x00, 0x00, 0x00, 0x00, 0x00, 0x00,
    0x00, 0x00, 0x00, 0x00, 0x00, 0x00, 0x00, 0x00, 0x00, 0x00, 0x00, 0x00, 0x00, 0x00, 0x00, 0x00,
    0x00, 0x00, 0x00, 0x00, 0x00, 0x00, 0x00, 0x00, 0x00, 0x00, 0x00, 0x00, 0x00, 0x00, 0x00, 0x00,
    0x00, 0x00, 0x00, 0x00, 0x00, 0x00, 0x00, 0x00, 0x00, 0x00, 0x00, 0x00, 0x00, 0x00, 0x00, 0x00,
  } },
  { 0x0058, 30, {
    0x00, 0x00, 0x00, 0x00, 0x00, 0x00, 0x00, 0x00, 0x00, 0x00, 0x00, 0x00, 0x00, 0x00, 0x00, 0x00,
    0x00, 0x00, 0x00, 0x00, 0x00, 0x00, 0x00, 0x00, 0x00, 0x00, 0x00, 0x00, 0x00, 0x00, 0x00, 0x00,
    0x00, 0x00, 0x00, 0x00, 0x00, 0x00, 0x00, 0x00, 0x00, 0x00, 0x00, 0x00, 0x00, 0x00, 0x00, 0x00,
    0x00, 0x00, 0x00, 0x00, 0x00, 0x00, 0x3F, 0xC0, 0x0F, 0xF0, 0x00, 0x00, 0x1F, 0xE0, 0x0F, 0xE0,
    0x00, 0x00, 0x1F, 0xE0, 0x1F, 0xE0, 0x00, 0x00, 0x0F, 0xE0, 0x1F, 0xC0, 0x00, 0x00, 0x0F, 0xF0,
    0x3F, 0x80, 0x00, 0x00, 0x07, 0xF0, 0x3F, 0x80, 0x00, 0x00, 0x07, 0xF8, 0x7F, 0x00, 0x00, 0x00,
    0x03, 0xF8, 0xFF, 0x00, 0x00, 0x00, 0x01, 0xFC, 0xFE, 0x00, 0x00, 0x00, 0x01, 0xFD, 0xFC, 0x00,
    0x00, 0x00, 0x00, 0xFF, 0xFC, 0x00, 0x00, 0x00, 0x00, 0xFF, 0xF8, 0x00, 0x00, 0x00, 0x00, 0x7F,
    0xF8, 0x00, 0x00, 0x00, 0x00, 0x7F, 0xF0, 0x00, 0x00, 0x00, 0x00, 0x3F, 0xE0, 0x00, 0x00, 0x00,
    0x00, 0x3F, 0xE0, 0x00, 0x00, 0x00, 0x00, 0x7F, 0xF0, 0x00, 0x00, 0x00, 0x00, 0x7F, 0xF8, 0x00,
    0x00, 0x00, 0x00, 0xFF, 0xF8, 0x00, 0x00, 0x00, 0x01, 0xFD, 0xFC, 0x00, 0x00, 0x00, 0x01, 0xFD,
    0xFC, 0x00, 0x00, 0x00, 0x03, 0xF8, 0xFE, 0x00, 0x00, 0x00, 0x03, 0xF8, 0xFF, 0x00, 0x00, 0x00,
    0x07, 0xF0, 0x7F, 0x00, 0x00, 0x00, 0x0F, 0xF0, 0x7F, 0x80, 0x00, 0x00, 0x0F, 0xE0, 0x3F, 0x80,
    0x00, 0x00, 0x1F, 0xE0, 0x3F, 0xC0, 0x00, 0x00, 0x3F, 0xC0, 0x1F, 0xE0, 0x00, 0x00, 0x3F, 0xC0,
    0x1F, 0xE0, 0x00, 0x00, 0x7F, 0x80, 0x0F, 0xF0, 0x00, 0x00, 0x00, 0x00, 0x00, 0x00, 0x00, 0x00,
    0x00, 0x00, 0x00, 0x00, 0x00, 0x00, 0x00, 0x00, 0x00, 0x00, 0x00, 0x00, 0x00, 0x00, 0x00, 0x00,
    0x00, 0x00, 0x00, 0x00, 0x00, 0x00, 0x00, 0x00, 0x00, 0x00, 0x00, 0x00, 0x00, 0x00, 0x00, 0x00,
    0x00, 0x00, 0x00, 0x00, 0x00, 0x00, 0x00, 0x00, 0x00, 0x00, 0x00, 0x00, 0x00, 0x00, 0x00, 0x00,
  } },
  { 0x0059, 30, {
    0x00, 0x00, 0x00, 0x00, 0x00, 0x00, 0x00, 0x00, 0x00, 0x00, 0x00, 0x00, 0x00, 0x00, 0x00, 0x00,
    0x00, 0x00, 0x00, 0x00, 0x00, 0x00, 0x00, 0x00, 0x00, 0x00, 0x00, 0x00, 0x00, 0x00, 0x00, 0x00,
    0x00, 0x00, 0x00, 0x00, 0x00, 0x00, 0x00, 0x00, 0x00, 0x00, 0x00, 0x00, 0x00, 0x00, 0x00, 0x00,
    0x00, 0x00, 0x00, 0x00, 0x00, 0x00, 0x3F, 0xC0, 0x0F, 0xE0, 0x00, 0x00, 0x3F, 0xC0, 0x1F, 0xC0,
    0x00, 0x00, 0x1F, 0xC0, 0x1F, 0xC0, 0x00, 0x00, 0x1F, 0xE0, 0x1F, 0x80, 0x00, 0x00, 0x0F, 0xE0,
    0x3F, 0x80, 0x00, 0x00, 0x0F, 0xF0, 0x3F, 0x00, 0x00, 0x00, 0x07, 0xF0, 0x7F, 0x00, 0x00, 0x00,
    0x07, 0xF8, 0x7E, 0x00, 0x00, 0x00, 0x03, 0xF8, 0xFE, 0x00, 0x00, 0x00, 0x03, 0xF8, 0xFC, 0x00,
    0x00, 0x00, 0x01, 0xFC, 0xFC, 0x00, 0x00, 0x00, 0x01, 0xFD, 0xF8, 0x00, 0x00, 0x00, 0x00, 0xFF,
    0xF8, 0x00, 0x00, 0x00, 0x00, 0xFF, 0xF0, 0x00, 0x00, 0x00, 0x00, 0x7F, 0xF0, 0x00, 0x00, 0x00,
    0x00, 0x7F, 0xE0, 0x00, 0x00, 0x00, 0x00, 0x7F, 0xE0, 0x00, 0x00, 0x00, 0x00, 0x3F, 0xC0, 0x00,
    0x00, 0x00, 0x00, 0x3F, 0xC0, 0x00, 0x00, 0x00, 0x00, 0x1F, 0x80, 0x00, 0x00, 0x00, 0x00, 0x1F,
    0x80, 0x00, 0x00, 0x00, 0x00, 0x1F, 0x80, 0x00, 0x00, 0x00, 0x00, 0x1F, 0x80, 0x00, 0x00, 0x00,
    0x00, 0x1F, 0x80, 0x00, 0x00, 0x00, 0x00, 0x1F, 0x80, 0x00, 0x00, 0x00, 0x00, 0x1F, 0x80, 0x00,
    0x00, 0x00, 0x00, 0x1F, 0x80, 0x00, 0x00, 0x00, 0x00, 0x1F, 0x80, 0x00, 0x00, 0x00, 0x00, 0x1F,
    0x80, 0x00, 0x00, 0x00, 0x00, 0x1F, 0x80, 0x00, 0x00, 0x00, 0x00, 0x00, 0x00, 0x00, 0x00, 0x00,
    0x00, 0x00, 0x00, 0x00, 0x00, 0x00, 0x00, 0x00, 0x00, 0x00, 0x00, 0x00, 0x00, 0x00, 0x00, 0x00,
    0x00, 0x00, 0x00, 0x00, 0x00, 0x00, 0x00, 0x00, 0x00, 0x00, 0x00, 0x00, 0x00, 0x00, 0x00, 0x00,
    0x00, 0x00, 0x00, 0x00, 0x00, 0x00, 0x00, 0x00, 0x00, 0x00, 0x00, 0x00, 0x00, 0x00, 0x00, 0x00,
  } },
  { 0x005A, 30, {
    0x00, 0x00, 0x00, 0x00, 0x00, 0x00, 0x00, 0x00, 0x00, 0x00, 0x00, 0x00, 0x00, 0x00, 0x00, 0x00,
    0x00, 0x00, 0x00, 0x00, 0x00, 0x00, 0x00, 0x00, 0x00, 0x00, 0x00, 0x00, 0x00, 0x00, 0x00, 0x00,
    0x00, 0x00, 0x00, 0x00, 0x00, 0x00, 0x00, 0x00, 0x00, 0x00, 0x00, 0x00, 0x00, 0x00, 0x00, 0x00,
    0x00, 0x00, 0x00, 0x00, 0x00, 0x00, 0x0F, 0xFF, 0xFF, 0xC0, 0x00, 0x00, 0x0F, 0xFF, 0xFF, 0xC0,
    0x00, 0x00, 0x0F, 0xFF, 0xFF, 0xC0, 0x00, 0x00, 0x0F, 0xFF, 0xFF, 0xC0, 0x00, 0x00, 0x0F, 0xFF,
    0xFF, 0x80, 0x00, 0x00, 0x00, 0x00, 0x7F, 0x80, 0x00, 0x00, 0x00, 0x00, 0x7F, 0x00, 0x00, 0x00,
    0x00, 0x00, 0xFE, 0x00, 0x00, 0x00, 0x00, 0x01, 0xFE, 0x00, 0x00, 0x00, 0x00, 0x01, 0xFC, 0x00,
    0x00, 0x00, 0x00, 0x03, 0xF8, 0x00, 0x00, 0x00, 0x00, 0x07, 0xF8, 0x00, 0x00, 0x00, 0x00, 0x0F,
    0xF0, 0x00, 0x00, 0x00, 0x00, 0x0F, 0xE0, 0x00, 0x00, 0x00, 0x00, 0x1F, 0xC0, 0x00, 0x00, 0x00,
    0x00, 0x3F, 0xC0, 0x00, 0x00, 0x00, 0x00, 0x3F, 0x80, 0x00, 0x00, 0x00, 0x00, 0x7F, 0x00, 0x00,
    0x00, 0x00, 0x00, 0xFF, 0x00, 0x00, 0x00, 0x00, 0x01, 0xFE, 0x00, 0x00, 0x00, 0x00, 0x01, 0xFC,
    0x00, 0x00, 0x00, 0x00, 0x03, 0xFC, 0x00, 0x00, 0x00, 0x00, 0x07, 0xF8, 0x00, 0x00, 0x00, 0x00,
    0x07, 0xF0, 0x00, 0x00, 0x00, 0x00, 0x0F, 0xF0, 0x00, 0x00, 0x00, 0x00, 0x1F, 0xFF, 0xFF, 0xC0,
    0x00, 0x00, 0x1F, 0xFF, 0xFF, 0xC0, 0x00, 0x00, 0x1F, 0xFF, 0xFF, 0xC0, 0x00, 0x00, 0x1F, 0xFF,
    0xFF, 0xC0, 0x00, 0x00, 0x1F, 0xFF, 0xFF, 0xC0, 0x00, 0x00, 0x00, 0x00, 0x00, 0x00, 0x00, 0x00,
    0x00, 0x00, 0x00, 0x00, 0x00, 0x00, 0x00, 0x00, 0x00, 0x00, 0x00, 0x00, 0x00, 0x00, 0x00, 0x00,
    0x00, 0x00, 0x00, 0x00, 0x00, 0x00, 0x00, 0x00, 0x00, 0x00, 0x00, 0x00, 0x00, 0x00, 0x00, 0x00,
    0x00, 0x00, 0x00, 0x00, 0x00, 0x00, 0x00, 0x00, 0x00, 0x00, 0x00, 0x00, 0x00, 0x00, 0x00, 0x00,
  } },
  { 0x005B, 30, {
    0x00, 0x00, 0x00, 0x00, 0x00, 0x00, 0x00, 0x00, 0x00, 0x00, 0x00, 0x00, 0x00, 0x00, 0x00, 0x00,
    0x00, 0x00, 0x00, 0x00, 0x00, 0x00, 0x00, 0x00, 0x00, 0x00, 0x00, 0x00, 0x00, 0x00, 0x00, 0x1F,
    0xF0, 0x00, 0x00, 0x00, 0x00, 0x1F, 0xF0, 0x00, 0x00, 0x00, 0x00, 0x1F, 0xF0, 0x00, 0x00, 0x00,
    0x00, 0x1F, 0xF0, 0x00, 0x00, 0x00, 0x00, 0x1F, 0x00, 0x00, 0x00, 0x00, 0x00, 0x1F, 0x00, 0x00,
    0x00, 0x00, 0x00, 0x1F, 0x00, 0x00, 0x00, 0x00, 0x00, 0x1F, 0x00, 0x00, 0x00, 0x00, 0x00, 0x1F,
    0x00, 0x00, 0x00, 0x00, 0x00, 0x1F, 0x00, 0x00, 0x00, 0x00, 0x00, 0x1F, 0x00, 0x00, 0x00, 0x00,
    0x00, 0x1F, 0x00, 0x00, 0x00, 0x00, 0x00, 0x1F, 0x00, 0x00, 0x00, 0x00, 0x00, 0x1F, 0x00, 0x00,
    0x00, 0x00, 0x00, 0x1F, 0x00, 0x00, 0x00, 0x00, 0x00, 0x1F, 0x00, 0x00, 0x00, 0x00, 0x00, 0x1F,
    0x00, 0x00, 0x00, 0x00, 0x00, 0x1F, 0x00, 0x00, 0x00, 0x00, 0x00, 0x1F, 0x00, 0x00, 0x00, 0x00,
    0x00, 0x1F, 0x00, 0x00, 0x00, 0x00, 0x00, 0x1F, 0x00, 0x00, 0x00, 0x00, 0x00, 0x1F, 0x00, 0x00,
    0x00, 0x00, 0x00, 0x1F, 0x00, 0x00, 0x00, 0x00, 0x00, 0x1F, 0x00, 0x00, 0x00, 0x00, 0x00, 0x1F,
    0x00, 0x00, 0x00, 0x00, 0x00, 0x1F, 0x00, 0x00, 0x00, 0x00, 0x00, 0x1F, 0x00, 0x00, 0x00, 0x00,
    0x00, 0x1F, 0x00, 0x00, 0x00, 0x00, 0x00, 0x1F, 0x00, 0x00, 0x00, 0x00, 0x00, 0x1F, 0x00, 0x00,
    0x00, 0x00, 0x00, 0x1F, 0x00, 0x00, 0x00, 0x00, 0x00, 0x1F, 0x00, 0x00, 0x00, 0x00, 0x00, 0x1F,
    0x00, 0x00, 0x00, 0x00, 0x00, 0x1F, 0xF0, 0x00, 0x00, 0x00, 0x00, 0x1F, 0xF0, 0x00, 0x00, 0x00,
    0x00, 0x1F, 0xF0, 0x00, 0x00, 0x00, 0x00, 0x1F, 0xF0, 0x00, 0x00, 0x00, 0x00, 0x00, 0x00, 0x00,
    0x00, 0x00, 0x00, 0x00, 0x00, 0x00, 0x00, 0x00, 0x00, 0x00, 0x00, 0x00, 0x00, 0x00, 0x00, 0x00,
    0x00, 0x00, 0x00, 0x00, 0x00, 0x00, 0x00, 0x00, 0x00, 0x00, 0x00, 0x00, 0x00, 0x00, 0x00, 0x00,
  } },
  { 0x005C, 30, {
    0x00, 0x00, 0x00, 0x00, 0x00, 0x00, 0x00, 0x00, 0x00, 0x00, 0x00, 0x00, 0x00, 0x00, 0x00, 0x00,
    0x00, 0x00, 0x00, 0x00, 0x00, 0x00, 0x00, 0x00, 0x00, 0x00, 0x00, 0x00, 0x00, 0x00, 0x00, 0x00,
    0x00, 0x00, 0x00, 0x00, 0x00, 0x00, 0x00, 0x00, 0x00, 0x00, 0x07, 0xE0, 0x00, 0x00, 0x00, 0x00,
    0x07, 0xF0, 0x00, 0x00, 0x00, 0x00, 0x03, 0xF0, 0x00, 0x00, 0x00, 0x00, 0x03, 0xF0, 0x00, 0x00,
    0x00, 0x00, 0x03, 0xF8, 0x00, 0x00, 0x00, 0x00, 0x01, 0xF8, 0x00, 0x00, 0x00, 0x00, 0x01, 0xFC,
    0x00, 0x00, 0x00, 0x00, 0x00, 0xFC, 0x00, 0x00, 0x00, 0x00, 0x00, 0xFC, 0x00, 0x00, 0x00, 0x00,
    0x00, 0xFE, 0x00, 0x00, 0x00, 0x00, 0x00, 0x7E, 0x00, 0x00, 0x00, 0x00, 0x00, 0x7F, 0x00, 0x00,
    0x00, 0x00, 0x00, 0x7F, 0x00, 0x00, 0x00, 0x00, 0x00, 0x3F, 0x00, 0x00, 0x00, 0x00, 0x00, 0x3F,
    0x80, 0x00, 0x00, 0x00, 0x00, 0x1F, 0x80, 0x00, 0x00, 0x00, 0x00, 0x1F, 0xC0, 0x00, 0x00, 0x00,
    0x00, 0x1F, 0xC0, 0x00, 0x00, 0x00, 0x00, 0x0F, 0xC0, 0x00, 0x00, 0x00, 0x00, 0x0F, 0xE0, 0x00,
    0x00, 0x00, 0x00, 0x07, 0xE0, 0x00, 0x00, 0x00, 0x00, 0x07, 0xF0, 0x00, 0x00, 0x00, 0x00, 0x07,
    0xF0, 0x00, 0x00, 0x00, 0x00, 0x03, 0xF0, 0x00, 0x00, 0x00, 0x00, 0x03, 0xF8, 0x00, 0x00, 0x00,
    0x00, 0x01, 0xF8, 0x00, 0x00, 0x00, 0x00, 0x01, 0xF8, 0x00, 0x00, 0x00, 0x00, 0x01, 0xFC, 0x00,
    0x00, 0x00, 0x00, 0x00, 0xFC, 0x00, 0x00, 0x00, 0x00, 0x00, 0xFE, 0x00, 0x00, 0x00, 0x00, 0x00,
    0x7E, 0x00, 0x00, 0x00, 0x00, 0x00, 0x7E, 0x00, 0x00, 0x00, 0x00, 0x00, 0x7F, 0x00, 0x00, 0x00,
    0x00, 0x00, 0x3F, 0x00, 0x00, 0x00, 0x00, 0x00, 0x00, 0x00, 0x00, 0x00, 0x00, 0x00, 0x00, 0x00,
    0x00, 0x00, 0x00, 0x00, 0x00, 0x00, 0x00, 0x00, 0x00, 0x00, 0x00, 0x00, 0x00, 0x00, 0x00, 0x00,
    0x00, 0x00, 0x00, 0x00, 0x00, 0x00, 0x00, 0x00, 0x00, 0x00, 0x00, 0x00, 0x00, 0x00, 0x00, 0x00,
  } },
  { 0x005D, 30, {
    0x00, 0x00, 0x00, 0x00, 0x00, 0x00, 0x00, 0x00, 0x00, 0x00, 0x00, 0x00, 0x00, 0x00, 0x00, 0x00,
    0x00, 0x00, 0x00, 0x00, 0x00, 0x00, 0x00, 0x00, 0x00, 0x00, 0x00, 0x00, 0x00, 0x00, 0x00, 0x7F,
    0xC0, 0x00, 0x00, 0x00, 0x00, 0x7F, 0xC0, 0x00, 0x00, 0x00, 0x00, 0x7F, 0xC0, 0x00, 0x00, 0x00,
    0x00, 0x7F, 0xC0, 0x00, 0x00, 0x00, 0x00, 0x07, 0xC0, 0x00, 0x00, 0x00, 0x00, 0x07, 0xC0, 0x00,
    0x00, 0x00, 0x00, 0x07, 0xC0, 0x00, 0x00, 0x00, 0x00, 0x07, 0xC0, 0x00, 0x00, 0x00, 0x00, 0x07,
    0xC0, 0x00, 0x00, 0x00, 0x00, 0x07, 0xC0, 0x00, 0x00, 0x00, 0x00, 0x07, 0xC0, 0x00, 0x00, 0x00,
    0x00, 0x07, 0xC0, 0x00, 0x00, 0x00, 0x00, 0x07, 0xC0, 0x00, 0x00, 0x00, 0x00, 0x07, 0xC0, 0x00,
    0x00, 0x00, 0x00, 0x07, 0xC0, 0x00, 0x00, 0x00, 0x00, 0x07, 0xC0, 0x00, 0x00, 0x00, 0x00, 0x07,
    0xC0, 0x00, 0x00, 0x00, 0x00, 0x07, 0xC0, 0x00, 0x00, 0x00, 0x00, 0x07, 0xC0, 0x00, 0x00, 0x00,
    0x00, 0x07, 0xC0, 0x00, 0x00, 0x00, 0x00, 0x07, 0xC0, 0x00, 0x00, 0x00, 0x00, 0x07, 0xC0, 0x00,
    0x00, 0x00, 0x00, 0x07, 0xC0, 0x00, 0x00, 0x00, 0x00, 0x07, 0xC0, 0x00, 0x00, 0x00, 0x00, 0x07,
    0xC0, 0x00, 0x00, 0x00, 0x00, 0x07, 0xC0, 0x00, 0x00, 0x00, 0x00, 0x07, 0xC0, 0x00, 0x00, 0x00,
    0x00, 0x07, 0xC0, 0x00, 0x00, 0x00, 0x00, 0x07, 0xC0, 0x00, 0x00, 0x00, 0x00, 0x07, 0xC0, 0x00,
    0x00, 0x00, 0x00, 0x07, 0xC0, 0x00, 0x00, 0x00, 0x00, 0x07, 0xC0, 0x00, 0x00, 0x00, 0x00, 0x07,
    0xC0, 0x00, 0x00, 0x00, 0x00, 0x7F, 0xC0, 0x00, 0x00, 0x00, 0x00, 0x7F, 0xC0, 0x00, 0x00, 0x00,
    0x00, 0x7F, 0xC0, 0x00, 0x00, 0x00, 0x00, 0x7F, 0xC0, 0x00, 0x00, 0x00, 0x00, 0x00, 0x00, 0x00,
    0x00, 0x00, 0x00, 0x00, 0x00, 0x00, 0x00, 0x00, 0x00, 0x00, 0x00, 0x00, 0x00, 0x00, 0x00, 0x00,
    0x00, 0x00, 0x00, 0x00, 0x00, 0x00, 0x00, 0x00, 0x00, 0x00, 0x00, 0x00, 0x00, 0x00, 0x00, 0x00,
  } },
  { 0x005E, 30, {
    0x00, 0x00, 0x00, 0x00, 0x00, 0x00, 0x00, 0x00, 0x00, 0x00, 0x00, 0x00, 0x00, 0x00, 0x00, 0x00,
    0x00, 0x00, 0x00, 0x00, 0x00, 0x00, 0x00, 0x00, 0x00, 0x00, 0x00, 0x00, 0x00, 0x00, 0x00, 0x00,
    0x00, 0x00, 0x00, 0x00, 0x00, 0x00, 0x00, 0x00, 0x00, 0x00, 0x00, 0x00, 0x00, 0x00, 0x00, 0x00,
    0x00, 0x00, 0x00, 0x00, 0x00, 0x00, 0x00, 0x07, 0x80, 0x00, 0x00, 0x00, 0x00, 0x0F, 0x80, 0x00,
    0x00, 0x00, 0x00, 0x1F, 0xC0, 0x00, 0x00, 0x00, 0x00, 0x1F, 0xC0, 0x00, 0x00, 0x00, 0x00, 0x3F,
    0xE0, 0x00, 0x00, 0x00, 0x00, 0x3F, 0xF0, 0x00, 0x00, 0x00, 0x00, 0x7D, 0xF0, 0x00, 0x00, 0x00,
    0x00, 0x78, 0xF8, 0x00, 0x00, 0x00, 0x00, 0xF8, 0xF8, 0x00, 0x00, 0x00, 0x00, 0xF8, 0x7C, 0x00,
    0x00, 0x00, 0x01, 0xF0, 0x7E, 0x00, 0x00, 0x00, 0x01, 0xF0, 0x3E, 0x00, 0x00, 0x00, 0x03, 0xE0,
    0x1F, 0x00, 0x00, 0x00, 0x07, 0xE0, 0x1F, 0x00, 0x00, 0x00, 0x07, 0xC0, 0x0F, 0x80, 0x00, 0x00,
    0x0F, 0xC0, 0x0F, 0xC0, 0x00, 0x00, 0x0F, 0x80, 0x07, 0xC0, 0x00, 0x00, 0x00, 0x00, 0x00, 0x00,
    0x00, 0x00, 0x00, 0x00, 0x00, 0x00, 0x00, 0x00, 0x00, 0x00, 0x00, 0x00, 0x00, 0x00, 0x00, 0x00,
    0x00, 0x00, 0x00, 0x00, 0x00, 0x00, 0x00, 0x00, 0x00, 0x00, 0x00, 0x00, 0x00, 0x00, 0x00, 0x00,
    0x00, 0x00, 0x00, 0x00, 0x00, 0x00, 0x00, 0x00, 0x00, 0x00, 0x00, 0x00, 0x00, 0x00, 0x00, 0x00,
    0x00, 0x00, 0x00, 0x00, 0x00, 0x00, 0x00, 0x00, 0x00, 0x00, 0x00, 0x00, 0x00, 0x00, 0x00, 0x00,
    0x00, 0x00, 0x00, 0x00, 0x00, 0x00, 0x00, 0x00, 0x00, 0x00, 0x00, 0x00, 0x00, 0x00, 0x00, 0x00,
    0x00, 0x00, 0x00, 0x00, 0x00, 0x00, 0x00, 0x00, 0x00, 0x00, 0x00, 0x00, 0x00, 0x00, 0x00, 0x00,
    0x00, 0x00, 0x00, 0x00, 0x00, 0x00, 0x00, 0x00, 0x00, 0x00, 0x00, 0x00, 0x00, 0x00, 0x00, 0x00,
    0x00, 0x00, 0x00, 0x00, 0x00, 0x00, 0x00, 0x00, 0x00, 0x00, 0x00, 0x00, 0x00, 0x00, 0x00, 0x00,
  } },
  { 0x005F, 30, {
    0x00, 0x00, 0x00, 0x00, 0x00, 0x00, 0x00, 0x00, 0x00, 0x00, 0x00, 0x00, 0x00, 0x00, 0x00, 0x00,
    0x00, 0x00, 0x00, 0x00, 0x00, 0x00, 0x00, 0x00, 0x00, 0x00, 0x00, 0x00, 0x00, 0x00, 0x00, 0x00,
    0x00, 0x00, 0x00, 0x00, 0x00, 0x00, 0x00, 0x00, 0x00, 0x00, 0x00, 0x00, 0x00, 0x00, 0x00, 0x00,
    0x00, 0x00, 0x00, 0x00, 0x00, 0x00, 0x00, 0x00, 0x00, 0x00, 0x00, 0x00, 0x00, 0x00, 0x00, 0x00,
    0x00, 0x00, 0x00, 0x00, 0x00, 0x00, 0x00, 0x00, 0x00, 0x00, 0x00, 0x00, 0x00, 0x00, 0x00, 0x00,
    0x00, 0x00, 0x00, 0x00, 0x00, 0x00, 0x00, 0x00, 0x00, 0x00, 0x00, 0x00, 0x00, 0x00, 0x00, 0x00,
    0x00, 0x00, 0x00, 0x00, 0x00, 0x00, 0x00, 0x00, 0x00, 0x00, 0x00, 0x00, 0x00, 0x00, 0x00, 0x00,
    0x00, 0x00, 0x00, 0x00, 0x00, 0x00, 0x00, 0x00, 0x00, 0x00, 0x00, 0x00, 0x00, 0x00, 0x00, 0x00,
    0x00, 0x00, 0x00, 0x00, 0x00, 0x00, 0x00, 0x00, 0x00, 0x00, 0x00, 0x00, 0x00, 0x00, 0x00, 0x00,
    0x00, 0x00, 0x00, 0x00, 0x00, 0x00, 0x00, 0x00, 0x00, 0x00, 0x00, 0x00, 0x03, 0xFF, 0xFE, 0x00,
    0x00, 0x00, 0x03, 0xFF, 0xFE, 0x00, 0x00, 0x00, 0x03, 0xFF, 0xFE, 0x00, 0x00, 0x00, 0x00, 0x00,
    0x00, 0x00, 0x00, 0x00, 0x00, 0x00, 0x00, 0x00, 0x00, 0x00, 0x00, 0x00, 0x00, 0x00, 0x00, 0x00,
    0x00, 0x00, 0x00, 0x00, 0x00, 0x00, 0x00, 0x00, 0x00, 0x00, 0x00, 0x00, 0x00, 0x00, 0x00, 0x00,
    0x00, 0x00, 0x00, 0x00, 0x00, 0x00, 0x00, 0x00, 0x00, 0x00, 0x00, 0x00, 0x00, 0x00, 0x00, 0x00,
    0x00, 0x00, 0x00, 0x00, 0x00, 0x00, 0x00, 0x00, 0x00, 0x00, 0x00, 0x00, 0x00, 0x00, 0x00, 0x00,
    0x00, 0x00, 0x00, 0x00, 0x00, 0x00, 0x00, 0x00, 0x00, 0x00, 0x00, 0x00, 0x00, 0x00, 0x00, 0x00,
    0x00, 0x00, 0x00, 0x00, 0x00, 0x00, 0x00, 0x00, 0x00, 0x00, 0x00, 0x00, 0x00, 0x00, 0x00, 0x00,
    0x00, 0x00, 0x00, 0x00, 0x00, 0x00, 0x00, 0x00, 0x00, 0x00, 0x00, 0x00, 0x00, 0x00, 0x00, 0x00,
  } },
  { 0x0060, 30, {
    0x00, 0x00, 0x00, 0x00, 0x00, 0x00, 0x00, 0x00, 0x00, 0x00, 0x00, 0x00, 0x00, 0x00, 0x00, 0x00,
    0x00, 0x00, 0x00, 0x00, 0x00, 0x00, 0x00, 0x00, 0x00, 0x00, 0x00, 0x00, 0x00, 0x00, 0x00, 0x00,
    0x00, 0x00, 0x00, 0x00, 0x00, 0x00, 0x00, 0x00, 0x00, 0x00, 0x00, 0x00, 0x00, 0x00, 0x00, 0x00,
    0x00, 0x7E, 0x00, 0x00, 0x00, 0x00, 0x00, 0x3F, 0x00, 0x00, 0x00, 0x00, 0x00, 0x1F, 0x80, 0x00,
    0x00, 0x00, 0x00, 0x0F, 0xC0, 0x00, 0x00, 0x00, 0x00, 0x07, 0xC0, 0x00, 0x00, 0x00, 0x00, 0x03,
    0xE0, 0x00, 0x00, 0x00, 0x00, 0x01, 0xF0, 0x00, 0x00, 0x00, 0x00, 0x00, 0x00, 0x00, 0x00, 0x00,
    0x00, 0x00, 0x00, 0x00, 0x00, 0x00, 0x00, 0x00, 0x00, 0x00, 0x00, 0x00, 0x00, 0x00, 0x00, 0x00,
    0x00, 0x00, 0x00, 0x00, 0x00, 0x00, 0x00, 0x00, 0x00, 0x00, 0x00, 0x00, 0x00, 0x00, 0x00, 0x00,
    0x00, 0x00, 0x00, 0x00, 0x00, 0x00, 0x00, 0x00, 0x00, 0x00, 0x00, 0x00, 0x00, 0x00, 0x00, 0x00,
    0x00, 0x00, 0x00, 0x00, 0x00, 0x00, 0x00, 0x00, 0x00, 0x00, 0x00, 0x00, 0x00, 0x00, 0x00, 0x00,
    0x00, 0x00, 0x00, 0x00, 0x00, 0x00, 0x00, 0x00, 0x00, 0x00, 0x00, 0x00, 0x00, 0x00, 0x00, 0x00,
    0x00, 0x00, 0x00, 0x00, 0x00, 0x00, 0x00, 0x00, 0x00, 0x00, 0x00, 0x00, 0x00, 0x00, 0x00, 0x00,
    0x00, 0x00, 0x00, 0x00, 0x00, 0x00, 0x00, 0x00, 0x00, 0x00, 0x00, 0x00, 0x00, 0x00, 0x00, 0x00,
    0x00, 0x00, 0x00, 0x00, 0x00, 0x00, 0x00, 0x00, 0x00, 0x00, 0x00, 0x00, 0x00, 0x00, 0x00, 0x00,
    0x00, 0x00, 0x00, 0x00, 0x00, 0x00, 0x00, 0x00, 0x00, 0x00, 0x00, 0x00, 0x00, 0x00, 0x00, 0x00,
    0x00, 0x00, 0x00, 0x00, 0x00, 0x00, 0x00, 0x00, 0x00, 0x00, 0x00, 0x00, 0x00, 0x00, 0x00, 0x00,
    0x00, 0x00, 0x00, 0x00, 0x00, 0x00, 0x00, 0x00, 0x00, 0x00, 0x00, 0x00, 0x00, 0x00, 0x00, 0x00,
    0x00, 0x00, 0x00, 0x00, 0x00, 0x00, 0x00, 0x00, 0x00, 0x00, 0x00, 0x00, 0x00, 0x00, 0x00, 0x00,
  } },
  { 0x0061, 30, {
    0x00, 0x00, 0x00, 0x00, 0x00, 0x00, 0x00, 0x00, 0x00, 0x00, 0x00, 0x00, 0x00, 0x00, 0x00, 0x00,
    0x00, 0x00, 0x00, 0x00, 0x00, 0x00, 0x00, 0x00, 0x00, 0x00, 0x00, 0x00, 0x00, 0x00, 0x00, 0x00,
    0x00, 0x00, 0x00, 0x00, 0x00, 0x00, 0x00, 0x00, 0x00, 0x00, 0x00, 0x00, 0x00, 0x00, 0x00, 0x00,
    0x00, 0x00, 0x00, 0x00, 0x00, 0x00, 0x00, 0x00, 0x00, 0x00, 0x00, 0x00, 0x00, 0x00, 0x00, 0x00,
    0x00, 0x00, 0x00, 0x00, 0x00, 0x00, 0x00, 0x00, 0x00, 0x00, 0x00, 0x00, 0x00, 0x00, 0x00, 0x7F,
    0xC0, 0x00, 0x00, 0x00, 0x03, 0xFF, 0xF0, 0x00, 0x00, 0x00, 0x03, 0xFF, 0xF8, 0x00, 0x00, 0x00,
    0x03, 0xFF, 0xFC, 0x00, 0x00, 0x00, 0x03, 0xFF, 0xFC, 0x00, 0x00, 0x00, 0x03, 0x00, 0xFE, 0x00,
    0x00, 0x00, 0x00, 0x00, 0xFE, 0x00, 0x00, 0x00, 0x00, 0x00, 0x7E, 0x00, 0x00, 0x00, 0x00, 0x07,
    0xFE, 0x00, 0x00, 0x00, 0x00, 0xFF, 0xFE, 0x00, 0x00, 0x00, 0x03, 0xFF, 0xFE, 0x00, 0x00, 0x00,
    0x07, 0xFF, 0xFE, 0x00, 0x00, 0x00, 0x07, 0xF0, 0x7E, 0x00, 0x00, 0x00, 0x0F, 0xE0, 0x7E, 0x00,
    0x00, 0x00, 0x0F, 0xC0, 0xFE, 0x00, 0x00, 0x00, 0x0F, 0xC0, 0xFE, 0x00, 0x00, 0x00, 0x0F, 0xE1,
    0xFE, 0x00, 0x00, 0x00, 0x0F, 0xFF, 0xFE, 0x00, 0x00, 0x00, 0x0F, 0xFF, 0xFE, 0x00, 0x00, 0x00,
    0x07, 0xFF, 0x7E, 0x00, 0x00, 0x00, 0x03, 0xFE, 0x7E, 0x00, 0x00, 0x00, 0x01, 0xFC, 0x7E, 0x00,
    0x00, 0x00, 0x00, 0x00, 0x00, 0x00, 0x00, 0x00, 0x00, 0x00, 0x00, 0x00, 0x00, 0x00, 0x00, 0x00,
    0x00, 0x00, 0x00, 0x00, 0x00, 0x00, 0x00, 0x00, 0x00, 0x00, 0x00, 0x00, 0x00, 0x00, 0x00, 0x00,
    0x00, 0x00, 0x00, 0x00, 0x00, 0x00, 0x00, 0x00, 0x00, 0x00, 0x00, 0x00, 0x00, 0x00, 0x00, 0x00,
    0x00, 0x00, 0x00, 0x00, 0x00, 0x00, 0x00, 0x00, 0x00, 0x00, 0x00, 0x00, 0x00, 0x00, 0x00, 0x00,
    0x00, 0x00, 0x00, 0x00, 0x00, 0x00, 0x00, 0x00, 0x00, 0x00, 0x00, 0x00, 0x00, 0x00, 0x00, 0x00,
  } },
  { 0x0062, 30, {
    0x00, 0x00, 0x00, 0x00, 0x00, 0x00, 0x00, 0x00, 0x00, 0x00, 0x00, 0x00, 0x00, 0x00, 0x00, 0x00,
    0x00, 0x00, 0x00, 0x00, 0x00, 0x00, 0x00, 0x00, 0x00, 0x00, 0x00, 0x00, 0x00, 0x00, 0x00, 0x00,
    0x00, 0x00, 0x00, 0x00, 0x00, 0x00, 0x00, 0x00, 0x00, 0x00, 0x00, 0x00, 0x00, 0x00, 0x00, 0x00,
    0x07, 0xE0, 0x00, 0x00, 0x00, 0x00, 0x07, 0xE0, 0x00, 0x00, 0x00, 0x00, 0x07, 0xE0, 0x00, 0x00,
    0x00, 0x00, 0x07, 0xE0, 0x00, 0x00, 0x00, 0x00, 0x07, 0xE0, 0x00, 0x00, 0x00, 0x00, 0x07, 0xE0,
    0x00, 0x00, 0x00, 0x00, 0x07, 0xE0, 0x00, 0x00, 0x00, 0x00, 0x07, 0xE0, 0x00, 0x00, 0x00, 0x00,
    0x07, 0xE0, 0x00, 0x00, 0x00, 0x00, 0x07, 0xE0, 0x00, 0x00, 0x00, 0x00, 0x07, 0xE3, 0xF8, 0x00,
    0x00, 0x00, 0x07, 0xE7, 0xFE, 0x00, 0x00, 0x00, 0x07, 0xEF, 0xFF, 0x00, 0x00, 0x00, 0x07, 0xFF,
    0xFF, 0x00, 0x00, 0x00, 0x07, 0xFF, 0xFF, 0x80, 0x00, 0x00, 0x07, 0xFC, 0x3F, 0x80, 0x00, 0x00,
    0x07, 0xF0, 0x1F, 0xC0, 0x00, 0x00, 0x07, 0xF0, 0x1F, 0xC0, 0x00, 0x00, 0x07, 0xE0, 0x0F, 0xC0,
    0x00, 0x00, 0x07, 0xE0, 0x0F, 0xC0, 0x00, 0x00, 0x07, 0xE0, 0x0F, 0xC0, 0x00, 0x00, 0x07, 0xE0,
    0x0F, 0xC0, 0x00, 0x00, 0x07, 0xE0, 0x0F, 0xC0, 0x00, 0x00, 0x07, 0xE0, 0x1F, 0xC0, 0x00, 0x00,
    0x07, 0xF0, 0x1F, 0xC0, 0x00, 0x00, 0x07, 0xF0, 0x3F, 0x80, 0x00, 0x00, 0x07, 0xF8, 0x7F, 0x80,
    0x00, 0x00, 0x07, 0xFF, 0xFF, 0x80, 0x00, 0x00, 0x07, 0xFF, 0xFF, 0x00, 0x00, 0x00, 0x07, 0xFF,
    0xFE, 0x00, 0x00, 0x00, 0x07, 0xEF, 0xFC, 0x00, 0x00, 0x00, 0x07, 0xE3, 0xF0, 0x00, 0x00, 0x00,
    0x00, 0x00, 0x00, 0x00, 0x00, 0x00, 0x00, 0x00, 0x00, 0x00, 0x00, 0x00, 0x00, 0x00, 0x00, 0x00,
    0x00, 0x00, 0x00, 0x00, 0x00, 0x00, 0x00, 0x00, 0x00, 0x00, 0x00, 0x00, 0x00, 0x00, 0x00, 0x00,
    0x00, 0x00, 0x00, 0x00, 0x00, 0x00, 0x00, 0x00, 0x00, 0x00, 0x00, 0x00, 0x00, 0x00, 0x00, 0x00,
  } },
  { 0x0063, 30, {
    0x00, 0x00, 0x00, 0x00, 0x00, 0x00, 0x00, 0x00, 0x00, 0x00, 0x00, 0x00, 0x00, 0x00, 0x00, 0x00,
    0x00, 0x00, 0x00, 0x00, 0x00, 0x00, 0x00, 0x00, 0x00, 0x00, 0x00, 0x00, 0x00, 0x00, 0x00, 0x00,
    0x00, 0x00, 0x00, 0x00, 0x00, 0x00, 0x00, 0x00, 0x00, 0x00, 0x00, 0x00, 0x00, 0x00, 0x00, 0x00,
    0x00, 0x00, 0x00, 0x00, 0x00, 0x00, 0x00, 0x00, 0x00, 0x00, 0x00, 0x00, 0x00, 0x00, 0x00, 0x00,
    0x00, 0x00, 0x00, 0x00, 0x00, 0x00, 0x00, 0x00, 0x00, 0x00, 0x00, 0x00, 0x00, 0x00, 0x00, 0x03,
    0xFE, 0x00, 0x00, 0x00, 0x00, 0x0F, 0xFF, 0x00, 0x00, 0x00, 0x00, 0x1F, 0xFF, 0x00, 0x00, 0x00,
    0x00, 0x3F, 0xFF, 0x00, 0x00, 0x00, 0x00, 0x7F, 0xFF, 0x00, 0x00, 0x00, 0x00, 0xFF, 0x03, 0x00,
    0x00, 0x00, 0x00, 0xFE, 0x01, 0x00, 0x00, 0x00, 0x01, 0xFC, 0x00, 0x00, 0x00, 0x00, 0x01, 0xFC,
    0x00, 0x00, 0x00, 0x00, 0x01, 0xF8, 0x00, 0x00, 0x00, 0x00, 0x01, 0xF8, 0x00, 0x00, 0x00, 0x00,
    0x01, 0xF8, 0x00, 0x00, 0x00, 0x00, 0x01, 0xF8, 0x00, 0x00, 0x00, 0x00, 0x01, 0xFC, 0x00, 0x00,
    0x00, 0x00, 0x01, 0xFC, 0x00, 0x00, 0x00, 0x00, 0x01, 0xFE, 0x01, 0x00, 0x00, 0x00, 0x00, 0xFF,
    0x03, 0x00, 0x00, 0x00, 0x00, 0xFF, 0xFF, 0x00, 0x00, 0x00, 0x00, 0x7F, 0xFF, 0x00, 0x00, 0x00,
    0x00, 0x3F, 0xFF, 0x00, 0x00, 0x00, 0x00, 0x1F, 0xFF, 0x00, 0x00, 0x00, 0x00, 0x07, 0xFE, 0x00,
    0x00, 0x00, 0x00, 0x00, 0x00, 0x00, 0x00, 0x00, 0x00, 0x00, 0x00, 0x00, 0x00, 0x00, 0x00, 0x00,
    0x00, 0x00, 0x00, 0x00, 0x00, 0x00, 0x00, 0x00, 0x00, 0x00, 0x00, 0x00, 0x00, 0x00, 0x00, 0x00,
    0x00, 0x00, 0x00, 0x00, 0x00, 0x00, 0x00, 0x00, 0x00, 0x00, 0x00, 0x00, 0x00, 0x00, 0x00, 0x00,
    0x00, 0x00, 0x00, 0x00, 0x00, 0x00, 0x00, 0x00, 0x00, 0x00, 0x00, 0x00, 0x00, 0x00, 0x00, 0x00,
    0x00, 0x00, 0x00, 0x00, 0x00, 0x00, 0x00, 0x00, 0x00, 0x00, 0x00, 0x00, 0x00, 0x00, 0x00, 0x00,
  } },
  { 0x0064, 30, {
    0x00, 0x00, 0x00, 0x00, 0x00, 0x00, 0x00, 0x00, 0x00, 0x00, 0x00, 0x00, 0x00, 0x00, 0x00, 0x00,
    0x00, 0x00, 0x00, 0x00, 0x00, 0x00, 0x00, 0x00, 0x00, 0x00, 0x00, 0x00, 0x00, 0x00, 0x00, 0x00,
    0x00, 0x00, 0x00, 0x00, 0x00, 0x00, 0x00, 0x00, 0x00, 0x00, 0x00, 0x00, 0x00, 0x00, 0x00, 0x00,
    0x00, 0x00, 0x1F, 0x80, 0x00, 0x00, 0x00, 0x00, 0x1F, 0x80, 0x00, 0x00, 0x00, 0x00, 0x1F, 0x80,
    0x00, 0x00, 0x00, 0x00, 0x1F, 0x80, 0x00, 0x00, 0x00, 0x00, 0x1F, 0x80, 0x00, 0x00, 0x00, 0x00,
    0x1F, 0x80, 0x00, 0x00, 0x00, 0x00, 0x1F, 0x80, 0x00, 0x00, 0x00, 0x00, 0x1F, 0x80, 0x00, 0x00,
    0x00, 0x00, 0x1F, 0x80, 0x00, 0x00, 0x00, 0x00, 0x1F, 0x80, 0x00, 0x00, 0x00, 0x3F, 0x9F, 0x80,
    0x00, 0x00, 0x00, 0xFF, 0xDF, 0x80, 0x00, 0x00, 0x01, 0xFF, 0xFF, 0x80, 0x00, 0x00, 0x03, 0xFF,
    0xFF, 0x80, 0x00, 0x00, 0x07, 0xFF, 0xFF, 0x80, 0x00, 0x00, 0x07, 0xF8, 0x7F, 0x80, 0x00, 0x00,
    0x07, 0xE0, 0x3F, 0x80, 0x00, 0x00, 0x0F, 0xE0, 0x3F, 0x80, 0x00, 0x00, 0x0F, 0xE0, 0x1F, 0x80,
    0x00, 0x00, 0x0F, 0xC0, 0x1F, 0x80, 0x00, 0x00, 0x0F, 0xC0, 0x1F, 0x80, 0x00, 0x00, 0x0F, 0xC0,
    0x1F, 0x80, 0x00, 0x00, 0x0F, 0xC0, 0x1F, 0x80, 0x00, 0x00, 0x0F, 0xC0, 0x1F, 0x80, 0x00, 0x00,
    0x0F, 0xE0, 0x3F, 0x80, 0x00, 0x00, 0x0F, 0xE0, 0x3F, 0x80, 0x00, 0x00, 0x07, 0xF0, 0xFF, 0x80,
    0x00, 0x00, 0x07, 0xFF, 0xFF, 0x80, 0x00, 0x00, 0x03, 0xFF, 0xFF, 0x80, 0x00, 0x00, 0x03, 0xFF,
    0xDF, 0x80, 0x00, 0x00, 0x01, 0xFF, 0x9F, 0x80, 0x00, 0x00, 0x00, 0x7F, 0x1F, 0x80, 0x00, 0x00,
    0x00, 0x00, 0x00, 0x00, 0x00, 0x00, 0x00, 0x00, 0x00, 0x00, 0x00, 0x00, 0x00, 0x00, 0x00, 0x00,
    0x00, 0x00, 0x00, 0x00, 0x00, 0x00, 0x00, 0x00, 0x00, 0x00, 0x00, 0x00, 0x00, 0x00, 0x00, 0x00,
    0x00, 0x00, 0x00, 0x00, 0x00, 0x00, 0x00, 0x00, 0x00, 0x00, 0x00, 0x00, 0x00, 0x00, 0x00, 0x00,
  } },
  { 0x0065, 30, {
    0x00, 0x00, 0x00, 0x00, 0x00, 0x00, 0x00, 0x00, 0x00, 0x00, 0x00, 0x00, 0x00, 0x00, 0x00, 0x00,
    0x00, 0x00, 0x00, 0x00, 0x00, 0x00, 0x00, 0x00, 0x00, 0x00, 0x00, 0x00, 0x00, 0x00, 0x00, 0x00,
    0x00, 0x00, 0x00, 0x00, 0x00, 0x00, 0x00, 0x00, 0x00, 0x00, 0x00, 0x00, 0x00, 0x00, 0x00, 0x00,
    0x00, 0x00, 0x00, 0x00, 0x00, 0x00, 0x00, 0x00, 0x00, 0x00, 0x00, 0x00, 0x00, 0x00, 0x00, 0x00,
    0x00, 0x00, 0x00, 0x00, 0x00, 0x00, 0x00, 0x00, 0x00, 0x00, 0x00, 0x00, 0x00, 0x00, 0x00, 0x0F,
    0xE0, 0x00, 0x00, 0x00, 0x00, 0x3F, 0xF8, 0x00, 0x00, 0x00, 0x00, 0xFF, 0xFC, 0x00, 0x00, 0x00,
    0x01, 0xFF, 0xFE, 0x00, 0x00, 0x00, 0x01, 0xFE, 0xFF, 0x00, 0x00, 0x00, 0x03, 0xF8, 0x3F, 0x00,
    0x00, 0x00, 0x03, 0xF0, 0x3F, 0x80, 0x00, 0x00, 0x07, 0xF0, 0x1F, 0x80, 0x00, 0x00, 0x07, 0xE0,
    0x1F, 0x80, 0x00, 0x00, 0x07, 0xFF, 0xFF, 0x80, 0x00, 0x00, 0x07, 0xFF, 0xFF, 0x80, 0x00, 0x00,
    0x07, 0xFF, 0xFF, 0x80, 0x00, 0x00, 0x07, 0xFF, 0xFF, 0x80, 0x00, 0x00, 0x07, 0xE0, 0x00, 0x00,
    0x00, 0x00, 0x07, 0xF0, 0x00, 0x00, 0x00, 0x00, 0x07, 0xF0, 0x00, 0x00, 0x00, 0x00, 0x03, 0xF8,
    0x06, 0x00, 0x00, 0x00, 0x03, 0xFF, 0xFE, 0x00, 0x00, 0x00, 0x01, 0xFF, 0xFE, 0x00, 0x00, 0x00,
    0x00, 0xFF, 0xFE, 0x00, 0x00, 0x00, 0x00, 0x7F, 0xFE, 0x00, 0x00, 0x00, 0x00, 0x1F, 0xF8, 0x00,
    0x00, 0x00, 0x00, 0x00, 0x00, 0x00, 0x00, 0x00, 0x00, 0x00, 0x00, 0x00, 0x00, 0x00, 0x00, 0x00,
    0x00, 0x00, 0x00, 0x00, 0x00, 0x00, 0x00, 0x00, 0x00, 0x00, 0x00, 0x00, 0x00, 0x00, 0x00, 0x00,
    0x00, 0x00, 0x00, 0x00, 0x00, 0x00, 0x00, 0x00, 0x00, 0x00, 0x00, 0x00, 0x00, 0x00, 0x00, 0x00,
    0x00, 0x00, 0x00, 0x00, 0x00, 0x00, 0x00, 0x00, 0x00, 0x00, 0x00, 0x00, 0x00, 0x00, 0x00, 0x00,
    0x00, 0x00, 0x00, 0x00, 0x00, 0x00, 0x00, 0x00, 0x00, 0x00, 0x00, 0x00, 0x00, 0x00, 0x00, 0x00,
  } },
  { 0x0066, 30, {
    0x00, 0x00, 0x00, 0x00, 0x00, 0x00, 0x00, 0x00, 0x00, 0x00, 0x00, 0x00, 0x00, 0x00, 0x00, 0x00,
    0x00, 0x00, 0x00, 0x00, 0x00, 0x00, 0x00, 0x00, 0x00, 0x00, 0x00, 0x00, 0x00, 0x00, 0x00, 0x00,
    0x00, 0x00, 0x00, 0x00, 0x00, 0x00, 0x00, 0x00, 0x00, 0x00, 0x00, 0x00, 0x00, 0x00, 0x00, 0x00,
    0x00, 0x00, 0xFE, 0x00, 0x00, 0x00, 0x00, 0x03, 0xFE, 0x00, 0x00, 0x00, 0x00, 0x07, 0xFE, 0x00,
    0x00, 0x00, 0x00, 0x0F, 0xFE, 0x00, 0x00, 0x00, 0x00, 0x0F, 0xFE, 0x00, 0x00, 0x00, 0x00, 0x1F,
    0xE2, 0x00, 0x00, 0x00, 0x00, 0x1F, 0xC0, 0x00, 0x00, 0x00, 0x00, 0x1F, 0xC0, 0x00, 0x00, 0x00,
    0x00, 0x1F, 0xC0, 0x00, 0x00, 0x00, 0x00, 0x1F, 0xC0, 0x00, 0x00, 0x00, 0x00, 0xFF, 0xFC, 0x00,
    0x00, 0x00, 0x00, 0xFF, 0xFC, 0x00, 0x00, 0x00, 0x00, 0xFF, 0xFC, 0x00, 0x00, 0x00, 0x00, 0xFF,
    0xFC, 0x00, 0x00, 0x00, 0x00, 0xFF, 0xFC, 0x00, 0x00, 0x00, 0x00, 0x1F, 0xC0, 0x00, 0x00, 0x00,
    0x00, 0x1F, 0xC0, 0x00, 0x00, 0x00, 0x00, 0x1F, 0xC0, 0x00, 0x00, 0x00, 0x00, 0x1F, 0xC0, 0x00,
    0x00, 0x00, 0x00, 0x1F, 0xC0, 0x00, 0x00, 0x00, 0x00, 0x1F, 0xC0, 0x00, 0x00, 0x00, 0x00, 0x1F,
    0xC0, 0x00, 0x00, 0x00, 0x00, 0x1F, 0xC0, 0x00, 0x00, 0x00, 0x00, 0x1F, 0xC0, 0x00, 0x00, 0x00,
    0x00, 0x1F, 0xC0, 0x00, 0x00, 0x00, 0x00, 0x1F, 0xC0, 0x00, 0x00, 0x00, 0x00, 0x1F, 0xC0, 0x00,
    0x00, 0x00, 0x00, 0x1F, 0xC0, 0x00, 0x00, 0x00, 0x00, 0x1F, 0xC0, 0x00, 0x00, 0x00, 0x00, 0x1F,
    0xC0, 0x00, 0x00, 0x00, 0x00, 0x1F, 0xC0, 0x00, 0x00, 0x00, 0x00, 0x1F, 0xC0, 0x00, 0x00, 0x00,
    0x00, 0x00, 0x00, 0x00, 0x00, 0x00, 0x00, 0x00, 0x00, 0x00, 0x00, 0x00, 0x00, 0x00, 0x00, 0x00,
    0x00, 0x00, 0x00, 0x00, 0x00, 0x00, 0x00, 0x00, 0x00, 0x00, 0x00, 0x00, 0x00, 0x00, 0x00, 0x00,
    0x00, 0x00, 0x00, 0x00, 0x00, 0x00, 0x00, 0x00, 0x00, 0x00, 0x00, 0x00, 0x00, 0x00, 0x00, 0x00,
  } },
  { 0x0067, 30, {
    0x00, 0x00, 0x00, 0x00, 0x00, 0x00, 0x00, 0x00, 0x00, 0x00, 0x00, 0x00, 0x00, 0x00, 0x00, 0x00,
    0x00, 0x00, 0x00, 0x00, 0x00, 0x00, 0x00, 0x00, 0x00, 0x00, 0x00, 0x00, 0x00, 0x00, 0x00, 0x00,
    0x00, 0x00, 0x00, 0x00, 0x00, 0x00, 0x00, 0x00, 0x00, 0x00, 0x00, 0x00, 0x00, 0x00, 0x00, 0x00,
    0x00, 0x3F, 0x1F, 0x80, 0x00, 0x00, 0x00, 0xFF, 0xDF, 0x80, 0x00, 0x00, 0x01, 0xFF, 0xFF, 0x80,
    0x00, 0x00, 0x03, 0xFF, 0xFF, 0x80, 0x00, 0x00, 0x07, 0xFF, 0xFF, 0x80, 0x00, 0x00, 0x07, 0xF8,
    0x7F, 0x80, 0x00, 0x00, 0x07, 0xF0, 0x3F, 0x80, 0x00, 0x00, 0x0F, 0xE0, 0x3F, 0x80, 0x00, 0x00,
    0x0F, 0xE0, 0x1F, 0x80, 0x00, 0x00, 0x0F, 0xC0, 0x1F, 0x80, 0x00, 0x00, 0x0F, 0xC0, 0x1F, 0x80,
    0x00, 0x00, 0x0F, 0xC0, 0x1F, 0x80, 0x00, 0x00, 0x0F, 0xC0, 0x1F, 0x80, 0x00, 0x00, 0x0F, 0xC0,
    0x1F, 0x80, 0x00, 0x00, 0x0F, 0xE0, 0x3F, 0x80, 0x00, 0x00, 0x0F, 0xE0, 0x3F, 0x80, 0x00, 0x00,
    0x07, 0xF0, 0x7F, 0x80, 0x00, 0x00, 0x07, 0xFF, 0xFF, 0x80, 0x00, 0x00, 0x03, 0xFF, 0xFF, 0x80,
    0x00, 0x00, 0x03, 0xFF, 0xDF, 0x80, 0x00, 0x00, 0x01, 0xFF, 0x9F, 0x80, 0x00, 0x00, 0x00, 0x7F,
    0x1F, 0x80, 0x00, 0x00, 0x00, 0x00, 0x1F, 0x80, 0x00, 0x00, 0x00, 0x00, 0x3F, 0x80, 0x00, 0x00,
    0x00, 0x00, 0x3F, 0x00, 0x00, 0x00, 0x02, 0x00, 0x7F, 0x00, 0x00, 0x00, 0x03, 0x80, 0xFF, 0x00,
    0x00, 0x00, 0x03, 0xFF, 0xFE, 0x00, 0x00, 0x00, 0x03, 0xFF, 0xFC, 0x00, 0x00, 0x00, 0x03, 0xFF,
    0xF8, 0x00, 0x00, 0x00, 0x03, 0xFF, 0xF0, 0x00, 0x00, 0x00, 0x01, 0xFF, 0x80, 0x00, 0x00, 0x00,
    0x00, 0x00, 0x00, 0x00, 0x00, 0x00, 0x00, 0x00, 0x00, 0x00, 0x00, 0x00, 0x00, 0x00, 0x00, 0x00,
    0x00, 0x00, 0x00, 0x00, 0x00, 0x00, 0x00, 0x00, 0x00, 0x00, 0x00, 0x00, 0x00, 0x00, 0x00, 0x00,
    0x00, 0x00, 0x00, 0x00, 0x00, 0x00, 0x00, 0x00, 0x00, 0x00, 0x00, 0x00, 0x00, 0x00, 0x00, 0x00,
  } },
  { 0x0068, 30, {
    0x00, 0x00, 0x00, 0x00, 0x00, 0x00, 0x00, 0x00, 0x00, 0x00, 0x00, 0x00, 0x00, 0x00, 0x00, 0x00,
    0x00, 0x00, 0x00, 0x00, 0x00, 0x00, 0x00, 0x00, 0x00, 0x00, 0x00, 0x00, 0x00, 0x00, 0x00, 0x00,
    0x00, 0x00, 0x00, 0x00, 0x00, 0x00, 0x00, 0x00, 0x00, 0x00, 0x00, 0x00, 0x00, 0x00, 0x00, 0x00,
    0x07, 0xE0, 0x00, 0x00, 0x00, 0x00, 0x07, 0xE0, 0x00, 0x00, 0x00, 0x00, 0x07, 0xE0, 0x00, 0x00,
    0x00, 0x00, 0x07, 0xE0, 0x00, 0x00, 0x00, 0x00, 0x07, 0xE0, 0x00, 0x00, 0x00, 0x00, 0x07, 0xE0,
    0x00, 0x00, 0x00, 0x00, 0x07, 0xE0, 0x00, 0x00, 0x00, 0x00, 0x07, 0xE0, 0x00, 0x00, 0x00, 0x00,
    0x07, 0xE0, 0x00, 0x00, 0x00, 0x00, 0x07, 0xE0, 0x00, 0x00, 0x00, 0x00, 0x07, 0xE1, 0xF8, 0x00,
    0x00, 0x00, 0x07, 0xE7, 0xFE, 0x00, 0x00, 0x00, 0x07, 0xEF, 0xFF, 0x00, 0x00, 0x00, 0x07, 0xFF,
    0xFF, 0x00, 0x00, 0x00, 0x07, 0xFF, 0xFF, 0x80, 0x00, 0x00, 0x07, 0xF8, 0x7F, 0x80, 0x00, 0x00,
    0x07, 0xF0, 0x3F, 0x80, 0x00, 0x00, 0x07, 0xF0, 0x1F, 0x80, 0x00, 0x00, 0x07, 0xE0, 0x1F, 0x80,
    0x00, 0x00, 0x07, 0xE0, 0x1F, 0x80, 0x00, 0x00, 0x07, 0xE0, 0x1F, 0x80, 0x00, 0x00, 0x07, 0xE0,
    0x1F, 0x80, 0x00, 0x00, 0x07, 0xE0, 0x1F, 0x80, 0x00, 0x00, 0x07, 0xE0, 0x1F, 0x80, 0x00, 0x00,
    0x07, 0xE0, 0x1F, 0x80, 0x00, 0x00, 0x07, 0xE0, 0x1F, 0x80, 0x00, 0x00, 0x07, 0xE0, 0x1F, 0x80,
    0x00, 0x00, 0x07, 0xE0, 0x1F, 0x80, 0x00, 0x00, 0x07, 0xE0, 0x1F, 0x80, 0x00, 0x00, 0x07, 0xE0,
    0x1F, 0x80, 0x00, 0x00, 0x07, 0xE0, 0x1F, 0x80, 0x00, 0x00, 0x07, 0xE0, 0x1F, 0x80, 0x00, 0x00,
    0x00, 0x00, 0x00, 0x00, 0x00, 0x00, 0x00, 0x00, 0x00, 0x00, 0x00, 0x00, 0x00, 0x00, 0x00, 0x00,
    0x00, 0x00, 0x00, 0x00, 0x00, 0x00, 0x00, 0x00, 0x00, 0x00, 0x00, 0x00, 0x00, 0x00, 0x00, 0x00,
    0x00, 0x00, 0x00, 0x00, 0x00, 0x00, 0x00, 0x00, 0x00, 0x00, 0x00, 0x00, 0x00, 0x00, 0x00, 0x00,
  } },
  { 0x0069, 30, {
    0x00, 0x00, 0x00, 0x00, 0x00, 0x00, 0x00, 0x00, 0x00, 0x00, 0x00, 0x00, 0x00, 0x00, 0x00, 0x00,
    0x00, 0x00, 0x00, 0x00, 0x00, 0x00, 0x00, 0x00, 0x00, 0x00, 0x00, 0x00, 0x00, 0x00, 0x00, 0x00,
    0x00, 0x00, 0x00, 0x00, 0x00, 0x00, 0x00, 0x00, 0x00, 0x00, 0x00, 0x00, 0x00, 0x00, 0x00, 0x00,
    0x00, 0x0F, 0x80, 0x00, 0x00, 0x00, 0x00, 0x1F, 0xC0, 0x00, 0x00, 0x00, 0x00, 0x1F, 0xC0, 0x00,
    0x00, 0x00, 0x00, 0x1F, 0xC0, 0x00, 0x00, 0x00, 0x00, 0x1F, 0xC0, 0x00, 0x00, 0x00, 0x00, 0x0F,
    0x80, 0x00, 0x00, 0x00, 0x00, 0x02, 0x00, 0x00, 0x00, 0x00, 0x00, 0x00, 0x00, 0x00, 0x00, 0x00,
    0x00, 0x00, 0x00, 0x00, 0x00, 0x00, 0x00, 0x00, 0x00, 0x00, 0x00, 0x00, 0x00, 0x1F, 0x80, 0x00,
    0x00, 0x00, 0x00, 0x1F, 0x80, 0x00, 0x00, 0x00, 0x00, 0x1F, 0x80, 0x00, 0x00, 0x00, 0x00, 0x1F,
    0x80, 0x00, 0x00, 0x00, 0x00, 0x1F, 0x80, 0x00, 0x00, 0x00, 0x00, 0x1F, 0x80, 0x00, 0x00, 0x00,
    0x00, 0x1F, 0x80, 0x00, 0x00, 0x00, 0x00, 0x1F, 0x80, 0x00, 0x00, 0x00, 0x00, 0x1F, 0x80, 0x00,
    0x00, 0x00, 0x00, 0x1F, 0x80, 0x00, 0x00, 0x00, 0x00, 0x1F, 0x80, 0x00, 0x00, 0x00, 0x00, 0x1F,
    0x80, 0x00, 0x00, 0x00, 0x00, 0x1F, 0x80, 0x00, 0x00, 0x00, 0x00, 0x1F, 0x80, 0x00, 0x00, 0x00,
    0x00, 0x1F, 0x80, 0x00, 0x00, 0x00, 0x00, 0x1F, 0x80, 0x00, 0x00, 0x00, 0x00, 0x1F, 0x80, 0x00,
    0x00, 0x00, 0x00, 0x1F, 0x80, 0x00, 0x00, 0x00, 0x00, 0x1F, 0x80, 0x00, 0x00, 0x00, 0x00, 0x1F,
    0x80, 0x00, 0x00, 0x00, 0x00, 0x1F, 0x80, 0x00, 0x00, 0x00, 0x00, 0x1F, 0x80, 0x00, 0x00, 0x00,
    0x00, 0x00, 0x00, 0x00, 0x00, 0x00, 0x00, 0x00, 0x00, 0x00, 0x00, 0x00, 0x00, 0x00, 0x00, 0x00,
    0x00, 0x00, 0x00, 0x00, 0x00, 0x00, 0x00, 0x00, 0x00, 0x00, 0x00, 0x00, 0x00, 0x00, 0x00, 0x00,
    0x00, 0x00, 0x00, 0x00, 0x00, 0x00, 0x00, 0x00, 0x00, 0x00, 0x00, 0x00, 0x00, 0x00, 0x00, 0x00,
  } },
  { 0x006A, 30, {
    0x00, 0x00, 0x00, 0x00, 0x00, 0x00, 0x00, 0x00, 0x00, 0x00, 0x00, 0x00, 0x00, 0x00, 0x00, 0x00,
    0x00, 0x00, 0x00, 0x07, 0xC0, 0x00, 0x00, 0x00, 0x00, 0x0F, 0xE0, 0x00, 0x00, 0x00, 0x00, 0x0F,
    0xE0, 0x00, 0x00, 0x00, 0x00, 0x0F, 0xE0, 0x00, 0x00, 0x00, 0x00, 0x0F, 0xE0, 0x00, 0x00, 0x00,
    0x00, 0x07, 0xC0, 0x00, 0x00, 0x00, 0x00, 0x01, 0x00, 0x00, 0x00, 0x00, 0x00, 0x00, 0x00, 0x00,
    0x00, 0x00, 0x00, 0x00, 0x00, 0x00, 0x00, 0x00, 0x00, 0x00, 0x00, 0x00, 0x00, 0x00, 0x00, 0x0F,
    0xC0, 0x00, 0x00, 0x00, 0x00, 0x0F, 0xC0, 0x00, 0x00, 0x00, 0x00, 0x0F, 0xC0, 0x00, 0x00, 0x00,
    0x00, 0x0F, 0xC0, 0x00, 0x00, 0x00, 0x00, 0x0F, 0xC0, 0x00, 0x00, 0x00, 0x00, 0x0F, 0xC0, 0x00,
    0x00, 0x00, 0x00, 0x0F, 0xC0, 0x00, 0x00, 0x00, 0x00, 0x0F, 0xC0, 0x00, 0x00, 0x00, 0x00, 0x0F,
    0xC0, 0x00, 0x00, 0x00, 0x00, 0x0F, 0xC0, 0x00, 0x00, 0x00, 0x00, 0x0F, 0xC0, 0x00, 0x00, 0x00,
    0x00, 0x0F, 0xC0, 0x00, 0x00, 0x00, 0x00, 0x0F, 0xC0, 0x00, 0x00, 0x00, 0x00, 0x0F, 0xC0, 0x00,
    0x00, 0x00, 0x00, 0x0F, 0xC0, 0x00, 0x00, 0x00, 0x00, 0x0F, 0xC0, 0x00, 0x00, 0x00, 0x00, 0x0F,
    0xC0, 0x00, 0x00, 0x00, 0x00, 0x0F, 0xC0, 0x00, 0x00, 0x00, 0x00, 0x0F, 0xC0, 0x00, 0x00, 0x00,
    0x00, 0x0F, 0xC0, 0x00, 0x00, 0x00, 0x00, 0x0F, 0xC0, 0x00, 0x00, 0x00, 0x00, 0x0F, 0xC0, 0x00,
    0x00, 0x00, 0x00, 0x0F, 0xC0, 0x00, 0x00, 0x00, 0x00, 0x0F, 0xC0, 0x00, 0x00, 0x00, 0x00, 0x1F,
    0xC0, 0x00, 0x00, 0x00, 0x00, 0x1F, 0xC0, 0x00, 0x00, 0x00, 0x01, 0x3F, 0x80, 0x00, 0x00, 0x00,
    0x01, 0xFF, 0x80, 0x00, 0x00, 0x00, 0x01, 0xFF, 0x00, 0x00, 0x00, 0x00, 0x01, 0xFF, 0x00, 0x00,
    0x00, 0x00, 0x01, 0xFE, 0x00, 0x00, 0x00, 0x00, 0x00, 0xF8, 0x00, 0x00, 0x00, 0x00, 0x00, 0x00,
    0x00, 0x00, 0x00, 0x00, 0x00, 0x00, 0x00, 0x00, 0x00, 0x00, 0x00, 0x00, 0x00, 0x00, 0x00, 0x00,
  } },
  { 0x006B, 30, {
    0x00, 0x00, 0x00, 0x00, 0x00, 0x00, 0x00, 0x00, 0x00, 0x00, 0x00, 0x00, 0x00, 0x00, 0x00, 0x00,
    0x00, 0x00, 0x00, 0x00, 0x00, 0x00, 0x00, 0x00, 0x00, 0x00, 0x00, 0x00, 0x00, 0x00, 0x00, 0x00,
    0x00, 0x00, 0x00, 0x00, 0x00, 0x00, 0x00, 0x00, 0x00, 0x00, 0x00, 0x00, 0x00, 0x00, 0x00, 0x00,
    0x03, 0xF0, 0x00, 0x00, 0x00, 0x00, 0x03, 0xF0, 0x00, 0x00, 0x00, 0x00, 0x03, 0xF0, 0x00, 0x00,
    0x00, 0x00, 0x03, 0xF0, 0x00, 0x00, 0x00, 0x00, 0x03, 0xF0, 0x00, 0x00, 0x00, 0x00, 0x03, 0xF0,
    0x00, 0x00, 0x00, 0x00, 0x03, 0xF0, 0x00, 0x00, 0x00, 0x00, 0x03, 0xF0, 0x00, 0x00, 0x00, 0x00,
    0x03, 0xF0, 0x00, 0x00, 0x00, 0x00, 0x03, 0xF0, 0x00, 0x00, 0x00, 0x00, 0x03, 0xF0, 0x3F, 0x80,
    0x00, 0x00, 0x03, 0xF0, 0x7F, 0x80, 0x00, 0x00, 0x03, 0xF0, 0x7F, 0x00, 0x00, 0x00, 0x03, 0xF0,
    0xFE, 0x00, 0x00, 0x00, 0x03, 0xF1, 0xFC, 0x00, 0x00, 0x00, 0x03, 0xF1, 0xFC, 0x00, 0x00, 0x00,
    0x03, 0xF3, 0xF8, 0x00, 0x00, 0x00, 0x03, 0xF7, 0xF0, 0x00, 0x00, 0x00, 0x03, 0xF7, 0xF0, 0x00,
    0x00, 0x00, 0x03, 0xFF, 0xE0, 0x00, 0x00, 0x00, 0x03, 0xFF, 0xC0, 0x00, 0x00, 0x00, 0x03, 0xFF,
    0xE0, 0x00, 0x00, 0x00, 0x03, 0xFF, 0xF0, 0x00, 0x00, 0x00, 0x03, 0xF7, 0xF0, 0x00, 0x00, 0x00,
    0x03, 0xF3, 0xF8, 0x00, 0x00, 0x00, 0x03, 0xF3, 0xFC, 0x00, 0x00, 0x00, 0x03, 0xF1, 0xFC, 0x00,
    0x00, 0x00, 0x03, 0xF0, 0xFE, 0x00, 0x00, 0x00, 0x03, 0xF0, 0xFF, 0x00, 0x00, 0x00, 0x03, 0xF0,
    0x7F, 0x00, 0x00, 0x00, 0x03, 0xF0, 0x3F, 0x80, 0x00, 0x00, 0x03, 0xF0, 0x3F, 0xC0, 0x00, 0x00,
    0x00, 0x00, 0x00, 0x00, 0x00, 0x00, 0x00, 0x00, 0x00, 0x00, 0x00, 0x00, 0x00, 0x00, 0x00, 0x00,
    0x00, 0x00, 0x00, 0x00, 0x00, 0x00, 0x00, 0x00, 0x00, 0x00, 0x00, 0x00, 0x00, 0x00, 0x00, 0x00,
    0x00, 0x00, 0x00, 0x00, 0x00, 0x00, 0x00, 0x00, 0x00, 0x00, 0x00, 0x00, 0x00, 0x00, 0x00, 0x00,
  } },
  { 0x006C, 30, {
    0x00, 0x00, 0x00, 0x00, 0x00, 0x00, 0x00, 0x00, 0x00, 0x00, 0x00, 0x00, 0x00, 0x00, 0x00, 0x00,
    0x00, 0x00, 0x00, 0x00, 0x00, 0x00, 0x00, 0x00, 0x00, 0x00, 0x00, 0x00, 0x00, 0x00, 0x00, 0x00,
    0x00, 0x00, 0x00, 0x00, 0x00, 0x00, 0x00, 0x00, 0x00, 0x00, 0x00, 0x00, 0x00, 0x00, 0x00, 0x00,
    0x00, 0x0F, 0xC0, 0x00, 0x00, 0x00, 0x00, 0x0F, 0xC0, 0x00, 0x00, 0x00, 0x00, 0x0F, 0xC0, 0x00,
    0x00, 0x00, 0x00, 0x0F, 0xC0, 0x00, 0x00, 0x00, 0x00, 0x0F, 0xC0, 0x00, 0x00, 0x00, 0x00, 0x0F,
    0xC0, 0x00, 0x00, 0x00, 0x00, 0x0F, 0xC0, 0x00, 0x00, 0x00, 0x00, 0x0F, 0xC0, 0x00, 0x00, 0x00,
    0x00, 0x0F, 0xC0, 0x00, 0x00, 0x00, 0x00, 0x0F, 0xC0, 0x00, 0x00, 0x00, 0x00, 0x0F, 0xC0, 0x00,
    0x00, 0x00, 0x00, 0x0F, 0xC0, 0x00, 0x00, 0x00, 0x00, 0x0F, 0xC0, 0x00, 0x00, 0x00, 0x00, 0x0F,
    0xC0, 0x00, 0x00, 0x00, 0x00, 0x0F, 0xC0, 0x00, 0x00, 0x00, 0x00, 0x0F, 0xC0, 0x00, 0x00, 0x00,
    0x00, 0x0F, 0xC0, 0x00, 0x00, 0x00, 0x00, 0x0F, 0xC0, 0x00, 0x00, 0x00, 0x00, 0x0F, 0xC0, 0x00,
    0x00, 0x00, 0x00, 0x0F, 0xC0, 0x00, 0x00, 0x00, 0x00, 0x0F, 0xC0, 0x00, 0x00, 0x00, 0x00, 0x0F,
    0xC0, 0x00, 0x00, 0x00, 0x00, 0x0F, 0xC0, 0x00, 0x00, 0x00, 0x00, 0x0F, 0xC0, 0x00, 0x00, 0x00,
    0x00, 0x0F, 0xC0, 0x00, 0x00, 0x00, 0x00, 0x0F, 0xC0, 0x00, 0x00, 0x00, 0x00, 0x0F, 0xC0, 0x00,
    0x00, 0x00, 0x00, 0x0F, 0xC0, 0x00, 0x00, 0x00, 0x00, 0x0F, 0xC0, 0x00, 0x00, 0x00, 0x00, 0x0F,
    0xC0, 0x00, 0x00, 0x00, 0x00, 0x0F, 0xC0, 0x00, 0x00, 0x00, 0x00, 0x0F, 0xC0, 0x00, 0x00, 0x00,
    0x00, 0x00, 0x00, 0x00, 0x00, 0x00, 0x00, 0x00, 0x00, 0x00, 0x00, 0x00, 0x00, 0x00, 0x00, 0x00,
    0x00, 0x00, 0x00, 0x00, 0x00, 0x00, 0x00, 0x00, 0x00, 0x00, 0x00, 0x00, 0x00, 0x00, 0x00, 0x00,
    0x00, 0x00, 0x00, 0x00, 0x00, 0x00, 0x00, 0x00, 0x00, 0x00, 0x00, 0x00, 0x00, 0x00, 0x00, 0x00,
  } },
  { 0x006D, 30, {
    0x00, 0x00, 0x00, 0x00, 0x00, 0x00, 0x00, 0x00, 0x00, 0x00, 0x00, 0x00, 0x00, 0x00, 0x00, 0x00,
    0x00, 0x00, 0x00, 0x00, 0x00, 0x00, 0x00, 0x00, 0x00, 0x00, 0x00, 0x00, 0x00, 0x00, 0x00, 0x00,
    0x00, 0x00, 0x00, 0x00, 0x00, 0x00, 0x00, 0x00, 0x00, 0x00, 0x00, 0x00, 0x00, 0x00, 0x00, 0x00,
    0x00, 0x00, 0x00, 0x00, 0x00, 0x00, 0x00, 0x00, 0x00, 0x00, 0x00, 0x00, 0x00, 0x00, 0x00, 0x00,
    0x00, 0x00, 0x00, 0x00, 0x00, 0x00, 0x00, 0x00, 0x00, 0x00, 0x00, 0x00, 0x00, 0x00, 0xF8, 0x7E,
    0x03, 0xF0, 0x00, 0x00, 0xF9, 0xFF, 0x8F, 0xFC, 0x00, 0x00, 0xFB, 0xFF, 0x9F, 0xFE, 0x00, 0x00,
    0xFF, 0xFF, 0xFF, 0xFE, 0x00, 0x00, 0xFF, 0xFF, 0xFF, 0xFF, 0x00, 0x00, 0xFE, 0x3F, 0xF8, 0xFF,
    0x00, 0x00, 0xFC, 0x1F, 0xF0, 0x7F, 0x00, 0x00, 0xFC, 0x0F, 0xF0, 0x3F, 0x00, 0x00, 0xF8, 0x0F,
    0xE0, 0x3F, 0x00, 0x00, 0xF8, 0x0F, 0xE0, 0x3F, 0x00, 0x00, 0xF8, 0x0F, 0xE0, 0x3F, 0x00, 0x00,
    0xF8, 0x0F, 0xE0, 0x3F, 0x00, 0x00, 0xF8, 0x0F, 0xE0, 0x3F, 0x00, 0x00, 0xF8, 0x0F, 0xE0, 0x3F,
    0x00, 0x00, 0xF8, 0x0F, 0xE0, 0x3F, 0x00, 0x00, 0xF8, 0x0F, 0xE0, 0x3F, 0x00, 0x00, 0xF8, 0x0F,
    0xE0, 0x3F, 0x00, 0x00, 0xF8, 0x0F, 0xE0, 0x3F, 0x00, 0x00, 0xF8, 0x0F, 0xE0, 0x3F, 0x00, 0x00,
    0xF8, 0x0F, 0xE0, 0x3F, 0x00, 0x00, 0xF8, 0x0F, 0xE0, 0x3F, 0x00, 0x00, 0xF8, 0x0F, 0xE0, 0x3F,
    0x00, 0x00, 0x00, 0x00, 0x00, 0x00, 0x00, 0x00, 0x00, 0x00, 0x00, 0x00, 0x00, 0x00, 0x00, 0x00,
    0x00, 0x00, 0x00, 0x00, 0x00, 0x00, 0x00, 0x00, 0x00, 0x00, 0x00, 0x00, 0x00, 0x00, 0x00, 0x00,
    0x00, 0x00, 0x00, 0x00, 0x00, 0x00, 0x00, 0x00, 0x00, 0x00, 0x00, 0x00, 0x00, 0x00, 0x00, 0x00,
    0x00, 0x00, 0x00, 0x00, 0x00, 0x00, 0x00, 0x00, 0x00, 0x00, 0x00, 0x00, 0x00, 0x00, 0x00, 0x00,
    0x00, 0x00, 0x00, 0x00, 0x00, 0x00, 0x00, 0x00, 0x00, 0x00, 0x00, 0x00, 0x00, 0x00, 0x00, 0x00,
  } },
  { 0x006E, 30, {
    0x00, 0x00, 0x00, 0x00, 0x00, 0x00, 0x00, 0x00, 0x00, 0x00, 0x00, 0x00, 0x00, 0x00, 0x00, 0x00,
    0x00, 0x00, 0x00, 0x00, 0x00, 0x00, 0x00, 0x00, 0x00, 0x00, 0x00, 0x00, 0x00, 0x00, 0x00, 0x00,
    0x00, 0x00, 0x00, 0x00, 0x00, 0x00, 0x00, 0x00, 0x00, 0x00, 0x00, 0x00, 0x00, 0x00, 0x00, 0x00,
    0x00, 0x00, 0x00, 0x00, 0x00, 0x00, 0x00, 0x00, 0x00, 0x00, 0x00, 0x00, 0x00, 0x00, 0x00, 0x00,
    0x00, 0x00, 0x00, 0x00, 0x00, 0x00, 0x00, 0x00, 0x00, 0x00, 0x00, 0x00, 0x00, 0x00, 0x07, 0xE1,
    0xF8, 0x00, 0x00, 0x00, 0x07, 0xE7, 0xFE, 0x00, 0x00, 0x00, 0x07, 0xEF, 0xFF, 0x00, 0x00, 0x00,
    0x07, 0xFF, 0xFF, 0x00, 0x00, 0x00, 0x07, 0xFF, 0xFF, 0x80, 0x00, 0x00, 0x07, 0xF8, 0x7F, 0x80,
    0x00, 0x00, 0x07, 0xF0, 0x3F, 0x80, 0x00, 0x00, 0x07, 0xF0, 0x3F, 0x80, 0x00, 0x00, 0x07, 0xE0,
    0x1F, 0x80, 0x00, 0x00, 0x07, 0xE0, 0x1F, 0x80, 0x00, 0x00, 0x07, 0xE0, 0x1F, 0x80, 0x00, 0x00,
    0x07, 0xE0, 0x1F, 0x80, 0x00, 0x00, 0x07, 0xE0, 0x1F, 0x80, 0x00, 0x00, 0x07, 0xE0, 0x1F, 0x80,
    0x00, 0x00, 0x07, 0xE0, 0x1F, 0x80, 0x00, 0x00, 0x07, 0xE0, 0x1F, 0x80, 0x00, 0x00, 0x07, 0xE0,
    0x1F, 0x80, 0x00, 0x00, 0x07, 0xE0, 0x1F, 0x80, 0x00, 0x00, 0x07, 0xE0, 0x1F, 0x80, 0x00, 0x00,
    0x07, 0xE0, 0x1F, 0x80, 0x00, 0x00, 0x07, 0xE0, 0x1F, 0x80, 0x00, 0x00, 0x07, 0xE0, 0x1F, 0x80,
    0x00, 0x00, 0x00, 0x00, 0x00, 0x00, 0x00, 0x00, 0x00, 0x00, 0x00, 0x00, 0x00, 0x00, 0x00, 0x00,
    0x00, 0x00, 0x00, 0x00, 0x00, 0x00, 0x00, 0x00, 0x00, 0x00, 0x00, 0x00, 0x00, 0x00, 0x00, 0x00,
    0x00, 0x00, 0x00, 0x00, 0x00, 0x00, 0x00, 0x00, 0x00, 0x00, 0x00, 0x00, 0x00, 0x00, 0x00, 0x00,
    0x00, 0x00, 0x00, 0x00, 0x00, 0x00, 0x00, 0x00, 0x00, 0x00, 0x00, 0x00, 0x00, 0x00, 0x00, 0x00,
    0x00, 0x00, 0x00, 0x00, 0x00, 0x00, 0x00, 0x00, 0x00, 0x00, 0x00, 0x00, 0x00, 0x00, 0x00, 0x00,
  } },
  { 0x006F, 30, {
    0x00, 0x00, 0x00, 0x00, 0x00, 0x00, 0x00, 0x00, 0x00, 0x00, 0x00, 0x00, 0x00, 0x00, 0x00, 0x00,
    0x00, 0x00, 0x00, 0x00, 0x00, 0x00, 0x00, 0x00, 0x00, 0x00, 0x00, 0x00, 0x00, 0x00, 0x00, 0x00,
    0x00, 0x00, 0x00, 0x00, 0x00, 0x00, 0x00, 0x00, 0x00, 0x00, 0x00, 0x00, 0x00, 0x00, 0x00, 0x00,
    0x00, 0x00, 0x00, 0x00, 0x00, 0x00, 0x00, 0x00, 0x00, 0x00, 0x00, 0x00, 0x00, 0x00, 0x00, 0x00,
    0x00, 0x00, 0x00, 0x00, 0x00, 0x00, 0x00, 0x00, 0x00, 0x00, 0x00, 0x00, 0x00, 0x00, 0x00, 0x1F,
    0xF0, 0x00, 0x00, 0x00, 0x00, 0x7F, 0xFC, 0x00, 0x00, 0x00, 0x01, 0xFF, 0xFE, 0x00, 0x00, 0x00,
    0x03, 0xFF, 0xFF, 0x00, 0x00, 0x00, 0x03, 0xFF, 0xFF, 0x80, 0x00, 0x00, 0x07, 0xF8, 0x3F, 0x80,
    0x00, 0x00, 0x07, 0xE0, 0x1F, 0xC0, 0x00, 0x00, 0x0F, 0xE0, 0x1F, 0xC0, 0x00, 0x00, 0x0F, 0xE0,
    0x0F, 0xC0, 0x00, 0x00, 0x0F, 0xC0, 0x0F, 0xC0, 0x00, 0x00, 0x0F, 0xC0, 0x0F, 0xC0, 0x00, 0x00,
    0x0F, 0xC0, 0x0F, 0xC0, 0x00, 0x00, 0x0F, 0xC0, 0x0F, 0xC0, 0x00, 0x00, 0x0F, 0xC0, 0x1F, 0xC0,
    0x00, 0x00, 0x0F, 0xE0, 0x1F, 0xC0, 0x00, 0x00, 0x07, 0xE0, 0x1F, 0x80, 0x00, 0x00, 0x07, 0xF8,
    0x3F, 0x80, 0x00, 0x00, 0x07, 0xFF, 0xFF, 0x00, 0x00, 0x00, 0x03, 0xFF, 0xFF, 0x00, 0x00, 0x00,
    0x01, 0xFF, 0xFE, 0x00, 0x00, 0x00, 0x00, 0xFF, 0xF8, 0x00, 0x00, 0x00, 0x00, 0x1F, 0xE0, 0x00,
    0x00, 0x00, 0x00, 0x00, 0x00, 0x00, 0x00, 0x00, 0x00, 0x00, 0x00, 0x00, 0x00, 0x00, 0x00, 0x00,
    0x00, 0x00, 0x00, 0x00, 0x00, 0x00, 0x00, 0x00, 0x00, 0x00, 0x00, 0x00, 0x00, 0x00, 0x00, 0x00,
    0x00, 0x00, 0x00, 0x00, 0x00, 0x00, 0x00, 0x00, 0x00, 0x00, 0x00, 0x00, 0x00, 0x00, 0x00, 0x00,
    0x00, 0x00, 0x00, 0x00, 0x00, 0x00, 0x00, 0x00, 0x00, 0x00, 0x00, 0x00, 0x00, 0x00, 0x00, 0x00,
    0x00, 0x00, 0x00, 0x00, 0x00, 0x00, 0x00, 0x00, 0x00, 0x00, 0x00, 0x00, 0x00, 0x00, 0x00, 0x00,
  } },
  { 0x0070, 30, {
    0x00, 0x00, 0x00, 0x00, 0x00, 0x00, 0x00, 0x00, 0x00, 0x00, 0x00, 0x00, 0x00, 0x00, 0x00, 0x00,
    0x00, 0x00, 0x00, 0x00, 0x00, 0x00, 0x00, 0x00, 0x00, 0x00, 0x00, 0x00, 0x00, 0x00, 0x00, 0x00,
    0x00, 0x00, 0x00, 0x00, 0x00, 0x00, 0x00, 0x00, 0x00, 0x00, 0x00, 0x00, 0x00, 0x00, 0x00, 0x00,
    0x07, 0xE3, 0xF8, 0x00, 0x00, 0x00, 0x07, 0xE7, 0xFE, 0x00, 0x00, 0x00, 0x07, 0xEF, 0xFF, 0x00,
    0x00, 0x00, 0x07, 0xFF, 0xFF, 0x00, 0x00, 0x00, 0x07, 0xFF, 0xFF, 0x80, 0x00, 0x00, 0x07, 0xFC,
    0x3F, 0x80, 0x00, 0x00, 0x07, 0xF0, 0x1F, 0xC0, 0x00, 0x00, 0x07, 0xF0, 0x1F, 0xC0, 0x00, 0x00,
    0x07, 0xE0, 0x0F, 0xC0, 0x00, 0x00, 0x07, 0xE0, 0x0F, 0xC0, 0x00, 0x00, 0x07, 0xE0, 0x0F, 0xC0,
    0x00, 0x00, 0x07, 0xE0, 0x0F, 0xC0, 0x00, 0x00, 0x07, 0xE0, 0x0F, 0xC0, 0x00, 0x00, 0x07, 0xE0,
    0x1F, 0xC0, 0x00, 0x00, 0x07, 0xF0, 0x1F, 0xC0, 0x00, 0x00, 0x07, 0xF0, 0x3F, 0x80, 0x00, 0x00,
    0x07, 0xF8, 0x7F, 0x80, 0x00, 0x00, 0x07, 0xFF, 0xFF, 0x80, 0x00, 0x00, 0x07, 0xFF, 0xFF, 0x00,
    0x00, 0x00, 0x07, 0xFF, 0xFE, 0x00, 0x00, 0x00, 0x07, 0xEF, 0xFC, 0x00, 0x00, 0x00, 0x07, 0xE3,
    0xF0, 0x00, 0x00, 0x00, 0x07, 0xE0, 0x00, 0x00, 0x00, 0x00, 0x07, 0xE0, 0x00, 0x00, 0x00, 0x00,
    0x07, 0xE0, 0x00, 0x00, 0x00, 0x00, 0x07, 0xE0, 0x00, 0x00, 0x00, 0x00, 0x07, 0xE0, 0x00, 0x00,
    0x00, 0x00, 0x07, 0xE0, 0x00, 0x00, 0x00, 0x00, 0x07, 0xE0, 0x00, 0x00, 0x00, 0x00, 0x07, 0xE0,
    0x00, 0x00, 0x00, 0x00, 0x07, 0xE0, 0x00, 0x00, 0x00, 0x00, 0x07, 0xE0, 0x00, 0x00, 0x00, 0x00,
    0x00, 0x00, 0x00, 0x00, 0x00, 0x00, 0x00, 0x00, 0x00, 0x00, 0x00, 0x00, 0x00, 0x00, 0x00, 0x00,
    0x00, 0x00, 0x00, 0x00, 0x00, 0x00, 0x00, 0x00, 0x00, 0x00, 0x00, 0x00, 0x00, 0x00, 0x00, 0x00,
    0x00, 0x00, 0x00, 0x00, 0x00, 0x00, 0x00, 0x00, 0x00, 0x00, 0x00, 0x00, 0x00, 0x00, 0x00, 0x00,
  } },
  { 0x0071, 30, {
    0x00, 0x00, 0x00, 0x00, 0x00, 0x00, 0x00, 0x00, 0x00, 0x00, 0x00, 0x00, 0x00, 0x00, 0x00, 0x00,
    0x00, 0x00, 0x00, 0x00, 0x00, 0x00, 0x00, 0x00, 0x00, 0x00, 0x00, 0x00, 0x00, 0x00, 0x00, 0x00,
    0x00, 0x00, 0x00, 0x00, 0x00, 0x00, 0x00, 0x00, 0x00, 0x00, 0x00, 0x00, 0x00, 0x00, 0x00, 0x00,
    0x00, 0x3F, 0x9F, 0x80, 0x00, 0x00, 0x00, 0xFF, 0xDF, 0x80, 0x00, 0x00, 0x01, 0xFF, 0xFF, 0x80,
    0x00, 0x00, 0x03, 0xFF, 0xFF, 0x80, 0x00, 0x00, 0x07, 0xFF, 0xFF, 0x80, 0x00, 0x00, 0x07, 0xF8,
    0x7F, 0x80, 0x00, 0x00, 0x07, 0xF0, 0x3F, 0x80, 0x00, 0x00, 0x0F, 0xE0, 0x3F, 0x80, 0x00, 0x00,
    0x0F, 0xE0, 0x1F, 0x80, 0x00, 0x00, 0x0F, 0xC0, 0x1F, 0x80, 0x00, 0x00, 0x0F, 0xC0, 0x1F, 0x80,
    0x00, 0x00, 0x0F, 0xC0, 0x1F, 0x80, 0x00, 0x00, 0x0F, 0xC0, 0x1F, 0x80, 0x00, 0x00, 0x0F, 0xC0,
    0x1F, 0x80, 0x00, 0x00, 0x0F, 0xE0, 0x3F, 0x80, 0x00, 0x00, 0x0F, 0xE0, 0x3F, 0x80, 0x00, 0x00,
    0x07, 0xF0, 0x7F, 0x80, 0x00, 0x00, 0x07, 0xFF, 0xFF, 0x80, 0x00, 0x00, 0x03, 0xFF, 0xFF, 0x80,
    0x00, 0x00, 0x03, 0xFF, 0xDF, 0x80, 0x00, 0x00, 0x01, 0xFF, 0x9F, 0x80, 0x00, 0x00, 0x00, 0x7F,
    0x1F, 0x80, 0x00, 0x00, 0x00, 0x00, 0x1F, 0x80, 0x00, 0x00, 0x00, 0x00, 0x1F, 0x80, 0x00, 0x00,
    0x00, 0x00, 0x1F, 0x80, 0x00, 0x00, 0x00, 0x00, 0x1F, 0x80, 0x00, 0x00, 0x00, 0x00, 0x1F, 0x80,
    0x00, 0x00, 0x00, 0x00, 0x1F, 0x80, 0x00, 0x00, 0x00, 0x00, 0x1F, 0x80, 0x00, 0x00, 0x00, 0x00,
    0x1F, 0x80, 0x00, 0x00, 0x00, 0x00, 0x1F, 0x80, 0x00, 0x00, 0x00, 0x00, 0x1F, 0x80, 0x00, 0x00,
    0x00, 0x00, 0x00, 0x00, 0x00, 0x00, 0x00, 0x00, 0x00, 0x00, 0x00, 0x00, 0x00, 0x00, 0x00, 0x00,
    0x00, 0x00, 0x00, 0x00, 0x00, 0x00, 0x00, 0x00, 0x00, 0x00, 0x00, 0x00, 0x00, 0x00, 0x00, 0x00,
    0x00, 0x00, 0x00, 0x00, 0x00, 0x00, 0x00, 0x00, 0x00, 0x00, 0x00, 0x00, 0x00, 0x00, 0x00, 0x00,
  } },
  { 0x0072, 30, {
    0x00, 0x00, 0x00, 0x00, 0x00, 0x00, 0x00, 0x00, 0x00, 0x00, 0x00, 0x00, 0x00, 0x00, 0x00, 0x00,
    0x00, 0x00, 0x00, 0x00, 0x00, 0x00, 0x00, 0x00, 0x00, 0x00, 0x00, 0x00, 0x00, 0x00, 0x00, 0x00,
    0x00, 0x00, 0x00, 0x00, 0x00, 0x00, 0x00, 0x00, 0x00, 0x00, 0x00, 0x00, 0x00, 0x00, 0x00, 0x00,
    0x00, 0x00, 0x00, 0x00, 0x00, 0x00, 0x00, 0x00, 0x00, 0x00, 0x00, 0x00, 0x00, 0x00, 0x00, 0x00,
    0x00, 0x00, 0x00, 0x00, 0x00, 0x00, 0x00, 0x00, 0x00, 0x00, 0x00, 0x00, 0x00, 0x00, 0x00, 0x7E,
    0x3C, 0x00, 0x00, 0x00, 0x00, 0x7E, 0xFC, 0x00, 0x00, 0x00, 0x00, 0x7E, 0xFC, 0x00, 0x00, 0x00,
    0x00, 0x7F, 0xFC, 0x00, 0x00, 0x00, 0x00, 0x7F, 0xFC, 0x00, 0x00, 0x00, 0x00, 0x7F, 0xC4, 0x00,
    0x00, 0x00, 0x00, 0x7F, 0x80, 0x00, 0x00, 0x00, 0x00, 0x7F, 0x00, 0x00, 0x00, 0x00, 0x00, 0x7F,
    0x00, 0x00, 0x00, 0x00, 0x00, 0x7E, 0x00, 0x00, 0x00, 0x00, 0x00, 0x7E, 0x00, 0x00, 0x00, 0x00,
    0x00, 0x7E, 0x00, 0x00, 0x00, 0x00, 0x00, 0x7E, 0x00, 0x00, 0x00, 0x00, 0x00, 0x7E, 0x00, 0x00,
    0x00, 0x00, 0x00, 0x7E, 0x00, 0x00, 0x00, 0x00, 0x00, 0x7E, 0x00, 0x00, 0x00, 0x00, 0x00, 0x7E,
    0x00, 0x00, 0x00, 0x00, 0x00, 0x7E, 0x00, 0x00, 0x00, 0x00, 0x00, 0x7E, 0x00, 0x00, 0x00, 0x00,
    0x00, 0x7E, 0x00, 0x00, 0x00, 0x00, 0x00, 0x7E, 0x00, 0x00, 0x00, 0x00, 0x00, 0x7E, 0x00, 0x00,
    0x00, 0x00, 0x00, 0x00, 0x00, 0x00, 0x00, 0x00, 0x00, 0x00, 0x00, 0x00, 0x00, 0x00, 0x00, 0x00,
    0x00, 0x00, 0x00, 0x00, 0x00, 0x00, 0x00, 0x00, 0x00, 0x00, 0x00, 0x00, 0x00, 0x00, 0x00, 0x00,
    0x00, 0x00, 0x00, 0x00, 0x00, 0x00, 0x00, 0x00, 0x00, 0x00, 0x00, 0x00, 0x00, 0x00, 0x00, 0x00,
    0x00, 0x00, 0x00, 0x00, 0x00, 0x00, 0x00, 0x00, 0x00, 0x00, 0x00, 0x00, 0x00, 0x00, 0x00, 0x00,
    0x00, 0x00, 0x00, 0x00, 0x00, 0x00, 0x00, 0x00, 0x00, 0x00, 0x00, 0x00, 0x00, 0x00, 0x00, 0x00,
  } },
  { 0x0073, 30, {
    0x00, 0x00, 0x00, 0x00, 0x00, 0x00, 0x00, 0x00, 0x00, 0x00, 0x00, 0x00, 0x00, 0x00, 0x00, 0x00,
    0x00, 0x00, 0x00, 0x00, 0x00, 0x00, 0x00, 0x00, 0x00, 0x00, 0x00, 0x00, 0x00, 0x00, 0x00, 0x00,
    0x00, 0x00, 0x00, 0x00, 0x00, 0x00, 0x00, 0x00, 0x00, 0x00, 0x00, 0x00, 0x00, 0x00, 0x00, 0x00,
    0x00, 0x00, 0x00, 0x00, 0x00, 0x00, 0x00, 0x00, 0x00, 0x00, 0x00, 0x00, 0x00, 0x00, 0x00, 0x00,
    0x00, 0x00, 0x00, 0x00, 0x00, 0x00, 0x00, 0x00, 0x00, 0x00, 0x00, 0x00, 0x00, 0x00, 0x00, 0x0F,
    0xFC, 0x00, 0x00, 0x00, 0x00, 0x3F, 0xFC, 0x00, 0x00, 0x00, 0x00, 0xFF, 0xFC, 0x00, 0x00, 0x00,
    0x00, 0xFF, 0xFC, 0x00, 0x00, 0x00, 0x01, 0xFF, 0x7C, 0x00, 0x00, 0x00, 0x01, 0xF8, 0x00, 0x00,
    0x00, 0x00, 0x01, 0xF8, 0x00, 0x00, 0x00, 0x00, 0x01, 0xFE, 0x00, 0x00, 0x00, 0x00, 0x01, 0xFF,
    0xC0, 0x00, 0x00, 0x00, 0x01, 0xFF, 0xF0, 0x00, 0x00, 0x00, 0x00, 0xFF, 0xF8, 0x00, 0x00, 0x00,
    0x00, 0x7F, 0xFC, 0x00, 0x00, 0x00, 0x00, 0x1F, 0xFE, 0x00, 0x00, 0x00, 0x00, 0x03, 0xFE, 0x00,
    0x00, 0x00, 0x00, 0x00, 0xFE, 0x00, 0x00, 0x00, 0x00, 0x00, 0x7E, 0x00, 0x00, 0x00, 0x01, 0x80,
    0x7E, 0x00, 0x00, 0x00, 0x01, 0xFB, 0xFE, 0x00, 0x00, 0x00, 0x01, 0xFF, 0xFC, 0x00, 0x00, 0x00,
    0x01, 0xFF, 0xF8, 0x00, 0x00, 0x00, 0x01, 0xFF, 0xF0, 0x00, 0x00, 0x00, 0x00, 0xFF, 0xC0, 0x00,
    0x00, 0x00, 0x00, 0x00, 0x00, 0x00, 0x00, 0x00, 0x00, 0x00, 0x00, 0x00, 0x00, 0x00, 0x00, 0x00,
    0x00, 0x00, 0x00, 0x00, 0x00, 0x00, 0x00, 0x00, 0x00, 0x00, 0x00, 0x00, 0x00, 0x00, 0x00, 0x00,
    0x00, 0x00, 0x00, 0x00, 0x00, 0x00, 0x00, 0x00, 0x00, 0x00, 0x00, 0x00, 0x00, 0x00, 0x00, 0x00,
    0x00, 0x00, 0x00, 0x00, 0x00, 0x00, 0x00, 0x00, 0x00, 0x00, 0x00, 0x00, 0x00, 0x00, 0x00, 0x00,
    0x00, 0x00, 0x00, 0x00, 0x00, 0x00, 0x00, 0x00, 0x00, 0x00, 0x00, 0x00, 0x00, 0x00, 0x00, 0x00,
  } },
  { 0x0074, 30, {
    0x00, 0x00, 0x00, 0x00, 0x00, 0x00, 0x00, 0x00, 0x00, 0x00, 0x00, 0x00, 0x00, 0x00, 0x00, 0x00,
    0x00, 0x00, 0x00, 0x00, 0x00, 0x00, 0x00, 0x00, 0x00, 0x00, 0x00, 0x00, 0x00, 0x00, 0x00, 0x00,
    0x00, 0x00, 0x00, 0x00, 0x00, 0x00, 0x00, 0x00, 0x00, 0x00, 0x00, 0x00, 0x00, 0x00, 0x00, 0x00,
    0x00, 0x00, 0x00, 0x00, 0x00, 0x00, 0x00, 0x00, 0x00, 0x00, 0x00, 0x00, 0x00, 0x03, 0x80, 0x00,
    0x00, 0x00, 0x00, 0x1F, 0x80, 0x00, 0x00, 0x00, 0x00, 0x1F, 0x80, 0x00, 0x00, 0x00, 0x00, 0x1F,
    0x80, 0x00, 0x00, 0x00, 0x00, 0x1F, 0x80, 0x00, 0x00, 0x00, 0x00, 0x1F, 0x80, 0x00, 0x00, 0x00,
    0x00, 0xFF, 0xFC, 0x00, 0x00, 0x00, 0x00, 0xFF, 0xFC, 0x00, 0x00, 0x00, 0x00, 0xFF, 0xFC, 0x00,
    0x00, 0x00, 0x00, 0xFF, 0xFC, 0x00, 0x00, 0x00, 0x00, 0xFF, 0xFC, 0x00, 0x00, 0x00, 0x00, 0x1F,
    0x80, 0x00, 0x00, 0x00, 0x00, 0x1F, 0x80, 0x00, 0x00, 0x00, 0x00, 0x1F, 0x80, 0x00, 0x00, 0x00,
    0x00, 0x1F, 0x80, 0x00, 0x00, 0x00, 0x00, 0x1F, 0x80, 0x00, 0x00, 0x00, 0x00, 0x1F, 0x80, 0x00,
    0x00, 0x00, 0x00, 0x1F, 0x80, 0x00, 0x00, 0x00, 0x00, 0x1F, 0x80, 0x00, 0x00, 0x00, 0x00, 0x1F,
    0x80, 0x00, 0x00, 0x00, 0x00, 0x1F, 0x80, 0x00, 0x00, 0x00, 0x00, 0x1F, 0x80, 0x00, 0x00, 0x00,
    0x00, 0x1F, 0xC4, 0x00, 0x00, 0x00, 0x00, 0x1F, 0xFC, 0x00, 0x00, 0x00, 0x00, 0x1F, 0xFC, 0x00,
    0x00, 0x00, 0x00, 0x0F, 0xFC, 0x00, 0x00, 0x00, 0x00, 0x07, 0xFC, 0x00, 0x00, 0x00, 0x00, 0x03,
    0xFC, 0x00, 0x00, 0x00, 0x00, 0x00, 0x00, 0x00, 0x00, 0x00, 0x00, 0x00, 0x00, 0x00, 0x00, 0x00,
    0x00, 0x00, 0x00, 0x00, 0x00, 0x00, 0x00, 0x00, 0x00, 0x00, 0x00, 0x00, 0x00, 0x00, 0x00, 0x00,
    0x00, 0x00, 0x00, 0x00, 0x00, 0x00, 0x00, 0x00, 0x00, 0x00, 0x00, 0x00, 0x00, 0x00, 0x00, 0x00,
    0x00, 0x00, 0x00, 0x00, 0x00, 0x00, 0x00, 0x00, 0x00, 0x00, 0x00, 0x00, 0x00, 0x00, 0x00, 0x00,
  } },
  { 0x0075, 30, {
    0x00, 0x00, 0x00, 0x00, 0x00, 0x00, 0x00, 0x00, 0x00, 0x00, 0x00, 0x00, 0x00, 0x00, 0x00, 0x00,
    0x00, 0x00, 0x00, 0x00, 0x00, 0x00, 0x00, 0x00, 0x00, 0x00, 0x00, 0x00, 0x00, 0x00, 0x00, 0x00,
    0x00, 0x00, 0x00, 0x00, 0x00, 0x00, 0x00, 0x00, 0x00, 0x00, 0x00, 0x00, 0x00, 0x00, 0x00, 0x00,
    0x00, 0x00, 0x00, 0x00, 0x00, 0x00, 0x00, 0x00, 0x00, 0x00, 0x00, 0x00, 0x00, 0x00, 0x00, 0x00,
    0x00, 0x00, 0x00, 0x00, 0x00, 0x00, 0x00, 0x00, 0x00, 0x00, 0x00, 0x00, 0x00, 0x00, 0x0F, 0xC0,
    0x3F, 0x00, 0x00, 0x00, 0x0F, 0xC0, 0x3F, 0x00, 0x00, 0x00, 0x0F, 0xC0, 0x3F, 0x00, 0x00, 0x00,
    0x0F, 0xC0, 0x3F, 0x00, 0x00, 0x00, 0x0F, 0xC0, 0x3F, 0x00, 0x00, 0x00, 0x0F, 0xC0, 0x3F, 0x00,
    0x00, 0x00, 0x0F, 0xC0, 0x3F, 0x00, 0x00, 0x00, 0x0F, 0xC0, 0x3F, 0x00, 0x00, 0x00, 0x0F, 0xC0,
    0x3F, 0x00, 0x00, 0x00, 0x0F, 0xC0, 0x3F, 0x00, 0x00, 0x00, 0x0F, 0xC0, 0x3F, 0x00, 0x00, 0x00,
    0x0F, 0xC0, 0x3F, 0x00, 0x00, 0x00, 0x0F, 0xC0, 0x3F, 0x00, 0x00, 0x00, 0x0F, 0xC0, 0x3F, 0x00,
    0x00, 0x00, 0x0F, 0xC0, 0x7F, 0x00, 0x00, 0x00, 0x0F, 0xE0, 0x7F, 0x00, 0x00, 0x00, 0x0F, 0xF0,
    0xFF, 0x00, 0x00, 0x00, 0x0F, 0xFF, 0xFF, 0x00, 0x00, 0x00, 0x07, 0xFF, 0xFF, 0x00, 0x00, 0x00,
    0x07, 0xFF, 0xBF, 0x00, 0x00, 0x00, 0x03, 0xFF, 0x3F, 0x00, 0x00, 0x00, 0x00, 0xFE, 0x3F, 0x00,
    0x00, 0x00, 0x00, 0x00, 0x00, 0x00, 0x00, 0x00, 0x00, 0x00, 0x00, 0x00, 0x00, 0x00, 0x00, 0x00,
    0x00, 0x00, 0x00, 0x00, 0x00, 0x00, 0x00, 0x00, 0x00, 0x00, 0x00, 0x00, 0x00, 0x00, 0x00, 0x00,
    0x00, 0x00, 0x00, 0x00, 0x00, 0x00, 0x00, 0x00, 0x00, 0x00, 0x00, 0x00, 0x00, 0x00, 0x00, 0x00,
    0x00, 0x00, 0x00, 0x00, 0x00, 0x00, 0x00, 0x00, 0x00, 0x00, 0x00, 0x00, 0x00, 0x00, 0x00, 0x00,
    0x00, 0x00, 0x00, 0x00, 0x00, 0x00, 0x00, 0x00, 0x00, 0x00, 0x00, 0x00, 0x00, 0x00, 0x00, 0x00,
  } },
  { 0x0076, 30, {
    0x00, 0x00, 0x00, 0x00, 0x00, 0x00, 0x00, 0x00, 0x00, 0x00, 0x00, 0x00, 0x00, 0x00, 0x00, 0x00,
    0x00, 0x00, 0x00, 0x00, 0x00, 0x00, 0x00, 0x00, 0x00, 0x00, 0x00, 0x00, 0x00, 0x00, 0x00, 0x00,
    0x00, 0x00, 0x00, 0x00, 0x00, 0x00, 0x00, 0x00, 0x00, 0x00, 0x00, 0x00, 0x00, 0x00, 0x00, 0x00,
    0x00, 0x00, 0x00, 0x00, 0x00, 0x00, 0x00, 0x00, 0x00, 0x00, 0x00, 0x00, 0x00, 0x00, 0x00, 0x00,
    0x00, 0x00, 0x00, 0x00, 0x00, 0x00, 0x00, 0x00, 0x00, 0x00, 0x00, 0x00, 0x00, 0x00, 0x1F, 0xC0,
    0x1F, 0xC0, 0x00, 0x00, 0x1F, 0xE0, 0x1F, 0xC0, 0x00, 0x00, 0x0F, 0xE0, 0x1F, 0x80, 0x00, 0x00,
    0x0F, 0xE0, 0x1F, 0x80, 0x00, 0x00, 0x0F, 0xF0, 0x3F, 0x80, 0x00, 0x00, 0x07, 0xF0, 0x3F, 0x00,
    0x00, 0x00, 0x07, 0xF0, 0x3F, 0x00, 0x00, 0x00, 0x03, 0xF8, 0x7E, 0x00, 0x00, 0x00, 0x03, 0xF8,
    0x7E, 0x00, 0x00, 0x00, 0x03, 0xF8, 0x7E, 0x00, 0x00, 0x00, 0x01, 0xF8, 0x7C, 0x00, 0x00, 0x00,
    0x01, 0xFC, 0xFC, 0x00, 0x00, 0x00, 0x01, 0xFC, 0xFC, 0x00, 0x00, 0x00, 0x00, 0xFC, 0xF8, 0x00,
    0x00, 0x00, 0x00, 0xFE, 0xF8, 0x00, 0x00, 0x00, 0x00, 0xFF, 0xF8, 0x00, 0x00, 0x00, 0x00, 0x7F,
    0xF0, 0x00, 0x00, 0x00, 0x00, 0x7F, 0xF0, 0x00, 0x00, 0x00, 0x00, 0x3F, 0xF0, 0x00, 0x00, 0x00,
    0x00, 0x3F, 0xE0, 0x00, 0x00, 0x00, 0x00, 0x3F, 0xE0, 0x00, 0x00, 0x00, 0x00, 0x1F, 0xC0, 0x00,
    0x00, 0x00, 0x00, 0x00, 0x00, 0x00, 0x00, 0x00, 0x00, 0x00, 0x00, 0x00, 0x00, 0x00, 0x00, 0x00,
    0x00, 0x00, 0x00, 0x00, 0x00, 0x00, 0x00, 0x00, 0x00, 0x00, 0x00, 0x00, 0x00, 0x00, 0x00, 0x00,
    0x00, 0x00, 0x00, 0x00, 0x00, 0x00, 0x00, 0x00, 0x00, 0x00, 0x00, 0x00, 0x00, 0x00, 0x00, 0x00,
    0x00, 0x00, 0x00, 0x00, 0x00, 0x00, 0x00, 0x00, 0x00, 0x00, 0x00, 0x00, 0x00, 0x00, 0x00, 0x00,
    0x00, 0x00, 0x00, 0x00, 0x00, 0x00, 0x00, 0x00, 0x00, 0x00, 0x00, 0x00, 0x00, 0x00, 0x00, 0x00,
  } },
  { 0x0077, 30, {
    0x00, 0x00, 0x00, 0x00, 0x00, 0x00, 0x00, 0x00, 0x00, 0x00, 0x00, 0x00, 0x00, 0x00, 0x00, 0x00,
    0x00, 0x00, 0x00, 0x00, 0x00, 0x00, 0x00, 0x00, 0x00, 0x00, 0x00, 0x00, 0x00, 0x00, 0x00, 0x00,
    0x00, 0x00, 0x00, 0x00, 0x00, 0x00, 0x00, 0x00, 0x00, 0x00, 0x00, 0x00, 0x00, 0x00, 0x00, 0x00,
    0x00, 0x00, 0x00, 0x00, 0x00, 0x00, 0x00, 0x00, 0x00, 0x00, 0x00, 0x00, 0x00, 0x00, 0x00, 0x00,
    0x00, 0x00, 0x00, 0x00, 0x00, 0x00, 0x00, 0x00, 0x00, 0x00, 0x00, 0x00, 0x00, 0x00, 0xF0, 0x0F,
    0xE0, 0x7E, 0x00, 0x00, 0xF0, 0x0F, 0xE0, 0x7E, 0x00, 0x00, 0xF8, 0x1F, 0xE0, 0x7E, 0x00, 0x00,
    0xF8, 0x1F, 0xE0, 0xFE, 0x00, 0x00, 0xF8, 0x1F, 0xF0, 0xFC, 0x00, 0x00, 0xF8, 0x1F, 0xF0, 0xFC,
    0x00, 0x00, 0xFC, 0x3F, 0xF0, 0xFC, 0x00, 0x00, 0xFC, 0x3F, 0xF0, 0xF8, 0x00, 0x00, 0xFC, 0x3F,
    0xF1, 0xF8, 0x00, 0x00, 0xFC, 0x3D, 0xF9, 0xF8, 0x00, 0x00, 0x7E, 0x7C, 0xF9, 0xF8, 0x00, 0x00,
    0x7E, 0x7C, 0xF9, 0xF0, 0x00, 0x00, 0x7E, 0x78, 0xF9, 0xF0, 0x00, 0x00, 0x7F, 0x78, 0xFF, 0xF0,
    0x00, 0x00, 0x3F, 0xF8, 0x7F, 0xF0, 0x00, 0x00, 0x3F, 0xF8, 0x7F, 0xE0, 0x00, 0x00, 0x3F, 0xF0,
    0x7F, 0xE0, 0x00, 0x00, 0x1F, 0xF0, 0x3F, 0xE0, 0x00, 0x00, 0x1F, 0xF0, 0x3F, 0xC0, 0x00, 0x00,
    0x1F, 0xF0, 0x3F, 0xC0, 0x00, 0x00, 0x1F, 0xE0, 0x3F, 0xC0, 0x00, 0x00, 0x0F, 0xE0, 0x1F, 0xC0,
    0x00, 0x00, 0x00, 0x00, 0x00, 0x00, 0x00, 0x00, 0x00, 0x00, 0x00, 0x00, 0x00, 0x00, 0x00, 0x00,
    0x00, 0x00, 0x00, 0x00, 0x00, 0x00, 0x00, 0x00, 0x00, 0x00, 0x00, 0x00, 0x00, 0x00, 0x00, 0x00,
    0x00, 0x00, 0x00, 0x00, 0x00, 0x00, 0x00, 0x00, 0x00, 0x00, 0x00, 0x00, 0x00, 0x00, 0x00, 0x00,
    0x00, 0x00, 0x00, 0x00, 0x00, 0x00, 0x00, 0x00, 0x00, 0x00, 0x00, 0x00, 0x00, 0x00, 0x00, 0x00,
    0x00, 0x00, 0x00, 0x00, 0x00, 0x00, 0x00, 0x00, 0x00, 0x00, 0x00, 0x00, 0x00, 0x00, 0x00, 0x00,
  } },
  { 0x0078, 30, {
    0x00, 0x00, 0x00, 0x00, 0x00, 0x00, 0x00, 0x00, 0x00, 0x00, 0x00, 0x00, 0x00, 0x00, 0x00, 0x00,
    0x00, 0x00, 0x00, 0x00, 0x00, 0x00, 0x00, 0x00, 0x00, 0x00, 0x00, 0x00, 0x00, 0x00, 0x00, 0x00,
    0x00, 0x00, 0x00, 0x00, 0x00, 0x00, 0x00, 0x00, 0x00, 0x00, 0x00, 0x00, 0x00, 0x00, 0x00, 0x00,
    0x00, 0x00, 0x00, 0x00, 0x00, 0x00, 0x00, 0x00, 0x00, 0x00, 0x00, 0x00, 0x00, 0x00, 0x00, 0x00,
    0x00, 0x00, 0x00, 0x00, 0x00, 0x00, 0x00, 0x00, 0x00, 0x00, 0x00, 0x00, 0x00, 0x00, 0x1F, 0xE0,
    0x3F, 0x80, 0x00, 0x00, 0x0F, 0xE0, 0x7F, 0x00, 0x00, 0x00, 0x0F, 0xF0, 0x7F, 0x00, 0x00, 0x00,
    0x07, 0xF0, 0xFE, 0x00, 0x00, 0x00, 0x03, 0xF8, 0xFC, 0x00, 0x00, 0x00, 0x03, 0xF9, 0xFC, 0x00,
    0x00, 0x00, 0x01, 0xFD, 0xF8, 0x00, 0x00, 0x00, 0x01, 0xFF, 0xF0, 0x00, 0x00, 0x00, 0x00, 0xFF,
    0xF0, 0x00, 0x00, 0x00, 0x00, 0x7F, 0xE0, 0x00, 0x00, 0x00, 0x00, 0x7F, 0xE0, 0x00, 0x00, 0x00,
    0x00, 0x7F, 0xE0, 0x00, 0x00, 0x00, 0x00, 0x7F, 0xE0, 0x00, 0x00, 0x00, 0x00, 0xFF, 0xF0, 0x00,
    0x00, 0x00, 0x00, 0xFF, 0xF8, 0x00, 0x00, 0x00, 0x01, 0xFF, 0xF8, 0x00, 0x00, 0x00, 0x03, 0xF9,
    0xFC, 0x00, 0x00, 0x00, 0x03, 0xF9, 0xFE, 0x00, 0x00, 0x00, 0x07, 0xF0, 0xFE, 0x00, 0x00, 0x00,
    0x0F, 0xE0, 0xFF, 0x00, 0x00, 0x00, 0x0F, 0xE0, 0x7F, 0x00, 0x00, 0x00, 0x1F, 0xC0, 0x7F, 0x80,
    0x00, 0x00, 0x00, 0x00, 0x00, 0x00, 0x00, 0x00, 0x00, 0x00, 0x00, 0x00, 0x00, 0x00, 0x00, 0x00,
    0x00, 0x00, 0x00, 0x00, 0x00, 0x00, 0x00, 0x00, 0x00, 0x00, 0x00, 0x00, 0x00, 0x00, 0x00, 0x00,
    0x00, 0x00, 0x00, 0x00, 0x00, 0x00, 0x00, 0x00, 0x00, 0x00, 0x00, 0x00, 0x00, 0x00, 0x00, 0x00,
    0x00, 0x00, 0x00, 0x00, 0x00, 0x00, 0x00, 0x00, 0x00, 0x00, 0x00, 0x00, 0x00, 0x00, 0x00, 0x00,
    0x00, 0x00, 0x00, 0x00, 0x00, 0x00, 0x00, 0x00, 0x00, 0x00, 0x00, 0x00, 0x00, 0x00, 0x00, 0x00,
  } },
  { 0x0079, 30, {
    0x00, 0x00, 0x00, 0x00, 0x00, 0x00, 0x00, 0x00, 0x00, 0x00, 0x00, 0x00, 0x00, 0x00, 0x00, 0x00,
    0x00, 0x00, 0x00, 0x00, 0x00, 0x00, 0x00, 0x00, 0x00, 0x00, 0x00, 0x00, 0x00, 0x00, 0x00, 0x00,
    0x00, 0x00, 0x00, 0x00, 0x00, 0x00, 0x00, 0x00, 0x00, 0x00, 0x00, 0x00, 0x00, 0x00, 0x00, 0x00,
    0x0F, 0xE0, 0x1F, 0x80, 0x00, 0x00, 0x0F, 0xE0, 0x1F, 0x80, 0x00, 0x00, 0x07, 0xE0, 0x3F, 0x80,
    0x00, 0x00, 0x07, 0xF0, 0x3F, 0x00, 0x00, 0x00, 0x07, 0xF0, 0x3F, 0x00, 0x00, 0x00, 0x03, 0xF0,
    0x3F, 0x00, 0x00, 0x00, 0x03, 0xF0, 0x7E, 0x00, 0x00, 0x00, 0x01, 0xF8, 0x7E, 0x00, 0x00, 0x00,
    0x01, 0xF8, 0x7C, 0x00, 0x00, 0x00, 0x01, 0xF8, 0xFC, 0x00, 0x00, 0x00, 0x00, 0xFC, 0xFC, 0x00,
    0x00, 0x00, 0x00, 0xFC, 0xF8, 0x00, 0x00, 0x00, 0x00, 0xFC, 0xF8, 0x00, 0x00, 0x00, 0x00, 0x7D,
    0xF8, 0x00, 0x00, 0x00, 0x00, 0x7F, 0xF0, 0x00, 0x00, 0x00, 0x00, 0x3F, 0xF0, 0x00, 0x00, 0x00,
    0x00, 0x3F, 0xF0, 0x00, 0x00, 0x00, 0x00, 0x3F, 0xE0, 0x00, 0x00, 0x00, 0x00, 0x1F, 0xE0, 0x00,
    0x00, 0x00, 0x00, 0x1F, 0xE0, 0x00, 0x00, 0x00, 0x00, 0x1F, 0xC0, 0x00, 0x00, 0x00, 0x00, 0x0F,
    0xC0, 0x00, 0x00, 0x00, 0x00, 0x1F, 0xC0, 0x00, 0x00, 0x00, 0x00, 0x1F, 0x80, 0x00, 0x00, 0x00,
    0x00, 0x1F, 0x80, 0x00, 0x00, 0x00, 0x00, 0x3F, 0x00, 0x00, 0x00, 0x00, 0x04, 0x7F, 0x00, 0x00,
    0x00, 0x00, 0x07, 0xFE, 0x00, 0x00, 0x00, 0x00, 0x07, 0xFE, 0x00, 0x00, 0x00, 0x00, 0x07, 0xFC,
    0x00, 0x00, 0x00, 0x00, 0x07, 0xF8, 0x00, 0x00, 0x00, 0x00, 0x07, 0xE0, 0x00, 0x00, 0x00, 0x00,
    0x00, 0x00, 0x00, 0x00, 0x00, 0x00, 0x00, 0x00, 0x00, 0x00, 0x00, 0x00, 0x00, 0x00, 0x00, 0x00,
    0x00, 0x00, 0x00, 0x00, 0x00, 0x00, 0x00, 0x00, 0x00, 0x00, 0x00, 0x00, 0x00, 0x00, 0x00, 0x00,
    0x00, 0x00, 0x00, 0x00, 0x00, 0x00, 0x00, 0x00, 0x00, 0x00, 0x00, 0x00, 0x00, 0x00, 0x00, 0x00,
  } },
  { 0x007A, 30, {
    0x00, 0x00, 0x00, 0x00, 0x00, 0x00, 0x00, 0x00, 0x00, 0x00, 0x00, 0x00, 0x00, 0x00, 0x00, 0x00,
    0x00, 0x00, 0x00, 0x00, 0x00, 0x00, 0x00, 0x00, 0x00, 0x00, 0x00, 0x00, 0x00, 0x00, 0x00, 0x00,
    0x00, 0x00, 0x00, 0x00, 0x00, 0x00, 0x00, 0x00, 0x00, 0x00, 0x00, 0x00, 0x00, 0x00, 0x00, 0x00,
    0x00, 0x00, 0x00, 0x00, 0x00, 0x00, 0x00, 0x00, 0x00, 0x00, 0x00, 0x00, 0x00, 0x00, 0x00, 0x00,
    0x00, 0x00, 0x00, 0x00, 0x00, 0x00, 0x00, 0x00, 0x00, 0x00, 0x00, 0x00, 0x00, 0x00, 0x01, 0xFF,
    0xFF, 0x00, 0x00, 0x00, 0x01, 0xFF, 0xFF, 0x00, 0x00, 0x00, 0x01, 0xFF, 0xFF, 0x00, 0x00, 0x00,
    0x01, 0xFF, 0xFF, 0x00, 0x00, 0x00, 0x01, 0xFF, 0xFE, 0x00, 0x00, 0x00, 0x00, 0x01, 0xFC, 0x00,
    0x00, 0x00, 0x00, 0x01, 0xFC, 0x00, 0x00, 0x00, 0x00, 0x03, 0xF8, 0x00, 0x00, 0x00, 0x00, 0x07,
    0xF0, 0x00, 0x00, 0x00, 0x00, 0x07, 0xF0, 0x00, 0x00, 0x00, 0x00, 0x0F, 0xE0, 0x00, 0x00, 0x00,
    0x00, 0x1F, 0xC0, 0x00, 0x00, 0x00, 0x00, 0x3F, 0xC0, 0x00, 0x00, 0x00, 0x00, 0x3F, 0x80, 0x00,
    0x00, 0x00, 0x00, 0x7F, 0x00, 0x00, 0x00, 0x00, 0x00, 0xFF, 0x00, 0x00, 0x00, 0x00, 0x00, 0xFE,
    0x00, 0x00, 0x00, 0x00, 0x01, 0xFF, 0xFF, 0x00, 0x00, 0x00, 0x03, 0xFF, 0xFF, 0x00, 0x00, 0x00,
    0x03, 0xFF, 0xFF, 0x00, 0x00, 0x00, 0x03, 0xFF, 0xFF, 0x00, 0x00, 0x00, 0x03, 0xFF, 0xFF, 0x00,
    0x00, 0x00, 0x00, 0x00, 0x00, 0x00, 0x00, 0x00, 0x00, 0x00, 0x00, 0x00, 0x00, 0x00, 0x00, 0x00,
    0x00, 0x00, 0x00, 0x00, 0x00, 0x00, 0x00, 0x00, 0x00, 0x00, 0x00, 0x00, 0x00, 0x00, 0x00, 0x00,
    0x00, 0x00, 0x00, 0x00, 0x00, 0x00, 0x00, 0x00, 0x00, 0x00, 0x00, 0x00, 0x00, 0x00, 0x00, 0x00,
    0x00, 0x00, 0x00, 0x00, 0x00, 0x00, 0x00, 0x00, 0x00, 0x00, 0x00, 0x00, 0x00, 0x00, 0x00, 0x00,
    0x00, 0x00, 0x00, 0x00, 0x00, 0x00, 0x00, 0x00, 0x00, 0x00, 0x00, 0x00, 0x00, 0x00, 0x00, 0x00,
  } },
  { 0x007B, 30, {
    0x00, 0x00, 0x00, 0x00, 0x00, 0x00, 0x00, 0x00, 0x00, 0x00, 0x00, 0x00, 0x00, 0x00, 0x00, 0x00,
    0x00, 0x00, 0x00, 0x00, 0x00, 0x00, 0x00, 0x00, 0x00, 0x00, 0x00, 0x00, 0x00, 0x00, 0x00, 0x00,
    0xF0, 0x00, 0x00, 0x00, 0x00, 0x03, 0xF0, 0x00, 0x00, 0x00, 0x00, 0x07, 0xF0, 0x00, 0x00, 0x00,
    0x00, 0x07, 0xF0, 0x00, 0x00, 0x00, 0x00, 0x0F, 0xE0, 0x00, 0x00, 0x00, 0x00, 0x0F, 0xC0, 0x00,
    0x00, 0x00, 0x00, 0x0F, 0x80, 0x00, 0x00, 0x00, 0x00, 0x0F, 0x80, 0x00, 0x00, 0x00, 0x00, 0x0F,
    0x80, 0x00, 0x00, 0x00, 0x00, 0x0F, 0x80, 0x00, 0x00, 0x00, 0x00, 0x0F, 0x80, 0x00, 0x00, 0x00,
    0x00, 0x0F, 0x80, 0x00, 0x00, 0x00, 0x00, 0x0F, 0x80, 0x00, 0x00, 0x00, 0x00, 0x0F, 0x80, 0x00,
    0x00, 0x00, 0x00, 0x0F, 0x80, 0x00, 0x00, 0x00, 0x00, 0x1F, 0x80, 0x00, 0x00, 0x00, 0x00, 0x3F,
    0x00, 0x00, 0x00, 0x00, 0x00, 0x7F, 0x00, 0x00, 0x00, 0x00, 0x00, 0x7E, 0x00, 0x00, 0x00, 0x00,
    0x00, 0x7E, 0x00, 0x00, 0x00, 0x00, 0x00, 0x7F, 0x00, 0x00, 0x00, 0x00, 0x00, 0x3F, 0x80, 0x00,
    0x00, 0x00, 0x00, 0x1F, 0x80, 0x00, 0x00, 0x00, 0x00, 0x0F, 0x80, 0x00, 0x00, 0x00, 0x00, 0x0F,
    0x80, 0x00, 0x00, 0x00, 0x00, 0x0F, 0x80, 0x00, 0x00, 0x00, 0x00, 0x0F, 0x80, 0x00, 0x00, 0x00,
    0x00, 0x0F, 0x80, 0x00, 0x00, 0x00, 0x00, 0x0F, 0x80, 0x00, 0x00, 0x00, 0x00, 0x0F, 0x80, 0x00,
    0x00, 0x00, 0x00, 0x0F, 0x80, 0x00, 0x00, 0x00, 0x00, 0x0F, 0xC0, 0x00, 0x00, 0x00, 0x00, 0x0F,
    0xE0, 0x00, 0x00, 0x00, 0x00, 0x0F, 0xF0, 0x00, 0x00, 0x00, 0x00, 0x07, 0xF0, 0x00, 0x00, 0x00,
    0x00, 0x03, 0xF0, 0x00, 0x00, 0x00, 0x00, 0x01, 0xF0, 0x00, 0x00, 0x00, 0x00, 0x00, 0x00, 0x00,
    0x00, 0x00, 0x00, 0x00, 0x00, 0x00, 0x00, 0x00, 0x00, 0x00, 0x00, 0x00, 0x00, 0x00, 0x00, 0x00,
    0x00, 0x00, 0x00, 0x00, 0x00, 0x00, 0x00, 0x00, 0x00, 0x00, 0x00, 0x00, 0x00, 0x00, 0x00, 0x00,
  } },
  { 0x007C, 30, {
    0x00, 0x00, 0x00, 0x00, 0x00, 0x00, 0x00, 0x00, 0x00, 0x00, 0x00, 0x00, 0x00, 0x00, 0x00, 0x00,
    0x00, 0x00, 0x00, 0x0F, 0x80, 0x00, 0x00, 0x00, 0x00, 0x0F, 0x80, 0x00, 0x00, 0x00, 0x00, 0x0F,
    0x80, 0x00, 0x00, 0x00, 0x00, 0x0F, 0x80, 0x00, 0x00, 0x00, 0x00, 0x0F, 0x80, 0x00, 0x00, 0x00,
    0x00, 0x0F, 0x80, 0x00, 0x00, 0x00, 0x00, 0x0F, 0x80, 0x00, 0x00, 0x00, 0x00, 0x0F, 0x80, 0x00,
    0x00, 0x00, 0x00, 0x0F, 0x80, 0x00, 0x00, 0x00, 0x00, 0x0F, 0x80, 0x00, 0x00, 0x00, 0x00, 0x0F,
    0x80, 0x00, 0x00, 0x00, 0x00, 0x0F, 0x80, 0x00, 0x00, 0x00, 0x00, 0x0F, 0x80, 0x00, 0x00, 0x00,
    0x00, 0x0F, 0x80, 0x00, 0x00, 0x00, 0x00, 0x0F, 0x80, 0x00, 0x00, 0x00, 0x00, 0x0F, 0x80, 0x00,
    0x00, 0x00, 0x00, 0x0F, 0x80, 0x00, 0x00, 0x00, 0x00, 0x0F, 0x80, 0x00, 0x00, 0x00, 0x00, 0x0F,
    0x80, 0x00, 0x00, 0x00, 0x00, 0x0F, 0x80, 0x00, 0x00, 0x00, 0x00, 0x0F, 0x80, 0x00, 0x00, 0x00,
    0x00, 0x0F, 0x80, 0x00, 0x00, 0x00, 0x00, 0x0F, 0x80, 0x00, 0x00, 0x00, 0x00, 0x0F, 0x80, 0x00,
    0x00, 0x00, 0x00, 0x0F, 0x80, 0x00, 0x00, 0x00, 0x00, 0x0F, 0x80, 0x00, 0x00, 0x00, 0x00, 0x0F,
    0x80, 0x00, 0x00, 0x00, 0x00, 0x0F, 0x80, 0x00, 0x00, 0x00, 0x00, 0x0F, 0x80, 0x00, 0x00, 0x00,
    0x00, 0x0F, 0x80, 0x00, 0x00, 0x00, 0x00, 0x0F, 0x80, 0x00, 0x00, 0x00, 0x00, 0x0F, 0x80, 0x00,
    0x00, 0x00, 0x00, 0x0F, 0x80, 0x00, 0x00, 0x00, 0x00, 0x0F, 0x80, 0x00, 0x00, 0x00, 0x00, 0x0F,
    0x80, 0x00, 0x00, 0x00, 0x00, 0x0F, 0x80, 0x00, 0x00, 0x00, 0x00, 0x0F, 0x80, 0x00, 0x00, 0x00,
    0x00, 0x0F, 0x80, 0x00, 0x00, 0x00, 0x00, 0x0F, 0x80, 0x00, 0x00, 0x00, 0x00, 0x0F, 0x80, 0x00,
    0x00, 0x00, 0x00, 0x0F, 0x80, 0x00, 0x00, 0x00, 0x00, 0x0F, 0x80, 0x00, 0x00, 0x00, 0x00, 0x00,
    0x00, 0x00, 0x00, 0x00, 0x00, 0x00, 0x00, 0x00, 0x00, 0x00, 0x00, 0x00, 0x00, 0x00, 0x00, 0x00,
  } },
  { 0x007D, 30, {
    0x00, 0x00, 0x00, 0x00, 0x00, 0x00, 0x00, 0x00, 0x00, 0x00, 0x00, 0x00, 0x00, 0x00, 0x00, 0x00,
    0x00, 0x00, 0x00, 0x00, 0x00, 0x00, 0x00, 0x00, 0x00, 0x00, 0x00, 0x00, 0x00, 0x00, 0x00, 0x78,
    0x00, 0x00, 0x00, 0x00, 0x00, 0x7E, 0x00, 0x00, 0x00, 0x00, 0x00, 0x7F, 0x00, 0x00, 0x00, 0x00,
    0x00, 0x7F, 0x00, 0x00, 0x00, 0x00, 0x00, 0x3F, 0x80, 0x00, 0x00, 0x00, 0x00, 0x1F, 0x80, 0x00,
    0x00, 0x00, 0x00, 0x0F, 0x80, 0x00, 0x00, 0x00, 0x00, 0x0F, 0x80, 0x00, 0x00, 0x00, 0x00, 0x0F,
    0x80, 0x00, 0x00, 0x00, 0x00, 0x0F, 0x80, 0x00, 0x00, 0x00, 0x00, 0x0F, 0x80, 0x00, 0x00, 0x00,
    0x00, 0x0F, 0x80, 0x00, 0x00, 0x00, 0x00, 0x0F, 0x80, 0x00, 0x00, 0x00, 0x00, 0x0F, 0x80, 0x00,
    0x00, 0x00, 0x00, 0x0F, 0x80, 0x00, 0x00, 0x00, 0x00, 0x0F, 0xC0, 0x00, 0x00, 0x00, 0x00, 0x07,
    0xE0, 0x00, 0x00, 0x00, 0x00, 0x07, 0xF0, 0x00, 0x00, 0x00, 0x00, 0x03, 0xF0, 0x00, 0x00, 0x00,
    0x00, 0x03, 0xF0, 0x00, 0x00, 0x00, 0x00, 0x07, 0xF0, 0x00, 0x00, 0x00, 0x00, 0x0F, 0xE0, 0x00,
    0x00, 0x00, 0x00, 0x0F, 0xC0, 0x00, 0x00, 0x00, 0x00, 0x0F, 0x80, 0x00, 0x00, 0x00, 0x00, 0x0F,
    0x80, 0x00, 0x00, 0x00, 0x00, 0x0F, 0x80, 0x00, 0x00, 0x00, 0x00, 0x0F, 0x80, 0x00, 0x00, 0x00,
    0x00, 0x0F, 0x80, 0x00, 0x00, 0x00, 0x00, 0x0F, 0x80, 0x00, 0x00, 0x00, 0x00, 0x0F, 0x80, 0x00,
    0x00, 0x00, 0x00, 0x0F, 0x80, 0x00, 0x00, 0x00, 0x00, 0x1F, 0x80, 0x00, 0x00, 0x00, 0x00, 0x3F,
    0x80, 0x00, 0x00, 0x00, 0x00, 0x7F, 0x80, 0x00, 0x00, 0x00, 0x00, 0x7F, 0x00, 0x00, 0x00, 0x00,
    0x00, 0x7E, 0x00, 0x00, 0x00, 0x00, 0x00, 0x7C, 0x00, 0x00, 0x00, 0x00, 0x00, 0x00, 0x00, 0x00,
    0x00, 0x00, 0x00, 0x00, 0x00, 0x00, 0x00, 0x00, 0x00, 0x00, 0x00, 0x00, 0x00, 0x00, 0x00, 0x00,
    0x00, 0x00, 0x00, 0x00, 0x00, 0x00, 0x00, 0x00, 0x00, 0x00, 0x00, 0x00, 0x00, 0x00, 0x00, 0x00,
  } },
  { 0x007E, 30, {
    0x00, 0x00, 0x00, 0x00, 0x00, 0x00, 0x00, 0x00, 0x00, 0x00, 0x00, 0x00, 0x00, 0x00, 0x00, 0x00,
    0x00, 0x00, 0x00, 0x00, 0x00, 0x00, 0x00, 0x00, 0x00, 0x00, 0x00, 0x00, 0x00, 0x00, 0x00, 0x00,
    0x00, 0x00, 0x00, 0x00, 0x00, 0x00, 0x00, 0x00, 0x00, 0x00, 0x00, 0x00, 0x00, 0x00, 0x00, 0x00,
    0x00, 0x00, 0x00, 0x00, 0x00, 0x00, 0x00, 0x00, 0x00, 0x00, 0x00, 0x00, 0x00, 0x00, 0x00, 0x00,
    0x00, 0x00, 0x00, 0x00, 0x00, 0x00, 0x00, 0x00, 0x00, 0x00, 0x00, 0x00, 0x00, 0x00, 0x00, 0x00,
    0x00, 0x00, 0x00, 0x00, 0x00, 0x00, 0x00, 0x00, 0x00, 0x00, 0x00, 0x00, 0x00, 0x00, 0x00, 0x00,
    0x01, 0xFC, 0x03, 0xC0, 0x00, 0x00, 0x03, 0xFF, 0x07, 0xC0, 0x00, 0x00, 0x07, 0xFF, 0xCF, 0xC0,
    0x00, 0x00, 0x07, 0xFF, 0xFF, 0x80, 0x00, 0x00, 0x0F, 0xCF, 0xFF, 0x80, 0x00, 0x00, 0x0F, 0x83,
    0xFF, 0x00, 0x00, 0x00, 0x0F, 0x00, 0xFE, 0x00, 0x00, 0x00, 0x00, 0x00, 0x00, 0x00, 0x00, 0x00,
    0x00, 0x00, 0x00, 0x00, 0x00, 0x00, 0x00, 0x00, 0x00, 0x00, 0x00, 0x00, 0x00, 0x00, 0x00, 0x00,
    0x00, 0x00, 0x00, 0x00, 0x00, 0x00, 0x00, 0x00, 0x00, 0x00, 0x00, 0x00, 0x00, 0x00, 0x00, 0x00,
    0x00, 0x00, 0x00, 0x00, 0x00, 0x00, 0x00, 0x00, 0x00, 0x00, 0x00, 0x00, 0x00, 0x00, 0x00, 0x00,
    0x00, 0x00, 0x00, 0x00, 0x00, 0x00, 0x00, 0x00, 0x00, 0x00, 0x00, 0x00, 0x00, 0x00, 0x00, 0x00,
    0x00, 0x00, 0x00, 0x00, 0x00, 0x00, 0x00, 0x00, 0x00, 0x00, 0x00, 0x00, 0x00, 0x00, 0x00, 0x00,
    0x00, 0x00, 0x00, 0x00, 0x00, 0x00, 0x00, 0x00, 0x00, 0x00, 0x00, 0x00, 0x00, 0x00, 0x00, 0x00,
    0x00, 0x00, 0x00, 0x00, 0x00, 0x00, 0x00, 0x00, 0x00, 0x00, 0x00, 0x00, 0x00, 0x00, 0x00, 0x00,
    0x00, 0x00, 0x00, 0x00, 0x00, 0x00, 0x00, 0x00, 0x00, 0x00, 0x00, 0x00, 0x00, 0x00, 0x00, 0x00,
    0x00, 0x00, 0x00, 0x00, 0x00, 0x00, 0x00, 0x00, 0x00, 0x00, 0x00, 0x00, 0x00, 0x00, 0x00, 0x00,
  } },
  { 0x542F, 48, {
    0x00, 0x00, 0x00, 0x00, 0x00, 0x00, 0x00, 0x00, 0x00, 0x00, 0x00, 0x00, 0x00, 0x00, 0x00, 0x00,
    0x00, 0x00, 0x00, 0x00, 0x00, 0x00, 0x00, 0x00, 0x00, 0x00, 0x00, 0x00, 0x00, 0x00, 0x00, 0x00,
    0x01, 0xC0, 0x00, 0x00, 0x00, 0x00, 0x0F, 0xE0, 0x00, 0x00, 0x00, 0x00, 0x0F, 0xE0, 0x00, 0x00,
    0x00, 0x00, 0x07, 0xF0, 0x00, 0x00, 0x00, 0xFF, 0xFF, 0xFF, 0xFF, 0x00, 0x00, 0xFF, 0xFF, 0xFF,
    0xFF, 0x00, 0x00, 0xFF, 0xFF, 0xFF, 0xFF, 0x00, 0x00, 0xFF, 0xFF, 0xFF, 0xFF, 0x00, 0x00, 0xFF,
    0xFF, 0xFF, 0xFF, 0x00, 0x00, 0xFC, 0x00, 0x00, 0x1F, 0x00, 0x00, 0xFC, 0x00, 0x00, 0x1F, 0x00,
    0x00, 0xFC, 0x00, 0x00, 0x1F, 0x00, 0x00, 0xFC, 0x00, 0x00, 0x1F, 0x00, 0x00, 0xFF, 0xFF, 0xFF,
    0xFF, 0x00, 0x00, 0xFF, 0xFF, 0xFF, 0xFF, 0x00, 0x00, 0xFF, 0xFF, 0xFF, 0xFF, 0x00, 0x00, 0xFF,
    0xFF, 0xFF, 0xFF, 0x00, 0x00, 0xFF, 0xFF, 0xFF, 0xFF, 0x00, 0x00, 0xF8, 0x00, 0x00, 0x00, 0x00,
    0x00, 0xF8, 0x00, 0x00, 0x00, 0x00, 0x00, 0xF8, 0x00, 0x00, 0x00, 0x00, 0x00, 0xFB, 0xFF, 0xFF,
    0xFF, 0x00, 0x00, 0xFB, 0xFF, 0xFF, 0xFF, 0x00, 0x01, 0xFB, 0xFF, 0xFF, 0xFF, 0x00, 0x01, 0xFB,
    0xFF, 0xFF, 0xFF, 0x00, 0x01, 0xFB, 0xFF, 0xFF, 0xFF, 0x00, 0x01, 0xFB, 0xF0, 0x00, 0x3F, 0x00,
    0x01, 0xFB, 0xF0, 0x00, 0x3F, 0x00, 0x03, 0xF3, 0xF0, 0x00, 0x3F, 0x00, 0x03, 0xF3, 0xF0, 0x00,
    0x3F, 0x00, 0x07, 0xF3, 0xF0, 0x00, 0x3F, 0x00, 0x07, 0xE3, 0xFF, 0xFF, 0xFF, 0x00, 0x0F, 0xE3,
    0xFF, 0xFF, 0xFF, 0x00, 0x07, 0xE3, 0xFF, 0xFF, 0xFF, 0x00, 0x03, 0xC3, 0xFF, 0xFF, 0xFF, 0x00,
    0x01, 0x83, 0xFF, 0xFF, 0xFF, 0x00, 0x00, 0x83, 0xF0, 0x00, 0x3F, 0x00, 0x00, 0x00, 0x00, 0x00,
    0x00, 0x00, 0x00, 0x00, 0x00, 0x00, 0x00, 0x00, 0x00, 0x00, 0x00, 0x00, 0x00, 0x00, 0x00, 0x00,
    0x00, 0x00, 0x00, 0x00, 0x00, 0x00, 0x00, 0x00, 0x00, 0x00, 0x00, 0x00, 0x00, 0x00, 0x00, 0x00,
  } },
  { 0x52A8, 48, {
    0x00, 0x00, 0x00, 0x00, 0x00, 0x00, 0x00, 0x00, 0x00, 0x00, 0x00, 0x00, 0x00, 0x00, 0x00, 0x00,
    0x00, 0x00, 0x00, 0x00, 0x00, 0x00, 0x00, 0x00, 0x00, 0x00, 0x00, 0x00, 0x00, 0x00, 0x00, 0x00,
    0x00, 0x3E, 0x00, 0x00, 0x00, 0x00, 0x00, 0x3E, 0x00, 0x00, 0x00, 0x00, 0x00, 0x3E, 0x00, 0x00,
    0x03, 0xFF, 0xF8, 0x3E, 0x00, 0x00, 0x03, 0xFF, 0xF8, 0x3E, 0x00, 0x00, 0x03, 0xFF, 0xF8, 0x3E,
    0x00, 0x00, 0x03, 0xFF, 0xF8, 0x3E, 0x00, 0x00, 0x03, 0xFF, 0xFB, 0xFF, 0xFF, 0x80, 0x00, 0x00,
    0x03, 0xFF, 0xFF, 0x80, 0x00, 0x00, 0x03, 0xFF, 0xFF, 0x80, 0x00, 0x00, 0x03, 0xFF, 0xFF, 0x80,
    0x00, 0x00, 0x03, 0xFF, 0xFF, 0x80, 0x0F, 0xFF, 0xFE, 0x7E, 0x1F, 0x80, 0x0F, 0xFF, 0xFE, 0x7E,
    0x1F, 0x80, 0x0F, 0xFF, 0xFE, 0x7E, 0x1F, 0x80, 0x0F, 0xFF, 0xFE, 0x7E, 0x1F, 0x80, 0x07, 0xFF,
    0xFC, 0x7E, 0x1F, 0x80, 0x00, 0x7E, 0x00, 0x7E, 0x1F, 0x80, 0x00, 0x7E, 0x00, 0x7E, 0x1F, 0x80,
    0x00, 0xFC, 0x60, 0x7E, 0x1F, 0x80, 0x00, 0xFD, 0xF0, 0x7E, 0x1F, 0x80, 0x00, 0xFD, 0xF0, 0x7C,
    0x1F, 0x80, 0x01, 0xF8, 0xF8, 0x7C, 0x1F, 0x80, 0x01, 0xF8, 0xF8, 0x7C, 0x1F, 0x80, 0x01, 0xF0,
    0xFC, 0xFC, 0x1F, 0x80, 0x03, 0xF0, 0x7C, 0xFC, 0x1F, 0x80, 0x03, 0xF0, 0x7E, 0xFC, 0x1F, 0x80,
    0x07, 0xFF, 0xFF, 0xF8, 0x1F, 0x80, 0x07, 0xFF, 0xFF, 0xF8, 0x1F, 0x80, 0x07, 0xFF, 0xFF, 0xF8,
    0x3F, 0x00, 0x07, 0xFF, 0xFF, 0xFF, 0xFF, 0x00, 0x03, 0xFF, 0xFF, 0xF7, 0xFF, 0x00, 0x03, 0xC0,
    0x0F, 0xE7, 0xFF, 0x00, 0x00, 0x00, 0x1F, 0xE7, 0xFF, 0x00, 0x00, 0x00, 0x0F, 0xC3, 0xFE, 0x00,
    0x00, 0x00, 0x07, 0x83, 0xF0, 0x00, 0x00, 0x00, 0x01, 0x80, 0x00, 0x00, 0x00, 0x00, 0x00, 0x00,
    0x00, 0x00, 0x00, 0x00, 0x00, 0x00, 0x00, 0x00, 0x00, 0x00, 0x00, 0x00, 0x00, 0x00, 0x00, 0x00,
    0x00, 0x00, 0x00, 0x00, 0x00, 0x00, 0x00, 0x00, 0x00, 0x00, 0x00, 0x00, 0x00, 0x00, 0x00, 0x00,
  } },
  { 0x83DC, 48, {
    0x00, 0x00, 0x00, 0x00, 0x00, 0x00, 0x00, 0x00, 0x00, 0x00, 0x00, 0x00, 0x00, 0x00, 0x00, 0x00,
    0x00, 0x00, 0x00, 0x00, 0x00, 0x00, 0x00, 0x00, 0x00, 0x00, 0x00, 0x00, 0x00, 0x00, 0x00, 0x03,
    0xF0, 0x1F, 0x80, 0x00, 0x00, 0x03, 0xF0, 0x1F, 0x80, 0x00, 0x00, 0x03, 0xF0, 0x1F, 0x80, 0x00,
    0x07, 0xFF, 0xFF, 0xFF, 0xFF, 0xC0, 0x07, 0xFF, 0xFF, 0xFF, 0xFF, 0xC0, 0x07, 0xFF, 0xFF, 0xFF,
    0xFF, 0xC0, 0x07, 0xFF, 0xFF, 0xFF, 0xFF, 0xC0, 0x07, 0xFF, 0xFF, 0xFF, 0xFF, 0xC0, 0x00, 0x03,
    0xF0, 0x1F, 0x80, 0x00, 0x00, 0x00, 0x03, 0xFF, 0xFE, 0x00, 0x03, 0xFF, 0xFF, 0xFF, 0xFF, 0x00,
    0x01, 0xFF, 0xFF, 0xFF, 0xFF, 0x00, 0x01, 0xFF, 0xFF, 0xFF, 0xFF, 0x00, 0x01, 0xFF, 0xFF, 0xFF,
    0xFF, 0x00, 0x00, 0xFF, 0xFF, 0x80, 0x38, 0x00, 0x00, 0x38, 0x0F, 0x80, 0x7C, 0x00, 0x00, 0xFC,
    0x0F, 0xC0, 0xFE, 0x00, 0x00, 0xFE, 0x07, 0xE1, 0xFC, 0x00, 0x00, 0x7E, 0x07, 0xE3, 0xF8, 0x00,
    0x00, 0x3F, 0x03, 0xC3, 0xF8, 0x00, 0x00, 0x3E, 0x07, 0xC0, 0xF0, 0x00, 0x00, 0x18, 0x07, 0xC0,
    0x60, 0x00, 0x07, 0xFF, 0xFF, 0xFF, 0xFF, 0xC0, 0x07, 0xFF, 0xFF, 0xFF, 0xFF, 0xC0, 0x07, 0xFF,
    0xFF, 0xFF, 0xFF, 0xC0, 0x07, 0xFF, 0xFF, 0xFF, 0xFF, 0xC0, 0x07, 0xFF, 0xFF, 0xFF, 0xFF, 0xC0,
    0x00, 0x01, 0xFF, 0xFF, 0x00, 0x00, 0x00, 0x07, 0xFF, 0xFF, 0xC0, 0x00, 0x00, 0x3F, 0xF7, 0xDF,
    0xF0, 0x00, 0x01, 0xFF, 0xE7, 0xCF, 0xFF, 0x00, 0x07, 0xFF, 0x87, 0xC7, 0xFF, 0xC0, 0x07, 0xFF,
    0x07, 0xC1, 0xFF, 0xC0, 0x03, 0xFC, 0x07, 0xC0, 0x7F, 0x80, 0x03, 0xF0, 0x07, 0xC0, 0x1F, 0x80,
    0x01, 0x80, 0x07, 0xC0, 0x07, 0x00, 0x00, 0x00, 0x07, 0xC0, 0x00, 0x00, 0x00, 0x00, 0x00, 0x00,
    0x00, 0x00, 0x00, 0x00, 0x00, 0x00, 0x00, 0x00, 0x00, 0x00, 0x00, 0x00, 0x00, 0x00, 0x00, 0x00,
    0x00, 0x00, 0x00, 0x00, 0x00, 0x00, 0x00, 0x00, 0x00, 0x00, 0x00, 0x00, 0x00, 0x00, 0x00, 0x00,
  } },
  { 0x5355, 48, {
    0x00, 0x00, 0x00, 0x00, 0x00, 0x00, 0x00, 0x00, 0x00, 0x00, 0x00, 0x00, 0x00, 0x00, 0x00, 0x00,
    0x00, 0x00, 0x00, 0x00, 0x00, 0x00, 0x00, 0x00, 0x00, 0x00, 0x00, 0x00, 0x00, 0x00, 0x00, 0x00,
    0x00, 0x00, 0x00, 0x00, 0x00, 0x01, 0x80, 0x07, 0x00, 0x00, 0x00, 0x07, 0xC0, 0x07, 0xE0, 0x00,
    0x00, 0x0F, 0xE0, 0x0F, 0xE0, 0x00, 0x00, 0x07, 0xF0, 0x1F, 0xE0, 0x00, 0x00, 0x07, 0xF0, 0x1F,
    0xC0, 0x00, 0x00, 0x03, 0xF0, 0x3F, 0x80, 0x00, 0x01, 0xFF, 0xFF, 0xFF, 0xFF, 0x00, 0x01, 0xFF,
    0xFF, 0xFF, 0xFF, 0x00, 0x01, 0xFF, 0xFF, 0xFF, 0xFF, 0x00, 0x01, 0xFF, 0xFF, 0xFF, 0xFF, 0x00,
    0x01, 0xFF, 0xFF, 0xFF, 0xFF, 0x00, 0x01, 0xF8, 0x07, 0xC0, 0x3F, 0x00, 0x01, 0xF8, 0x07, 0xC0,
    0x3F, 0x00, 0x01, 0xFF, 0xFF, 0xFF, 0xFF, 0x00, 0x01, 0xFF, 0xFF, 0xFF, 0xFF, 0x00, 0x01, 0xFF,
    0xFF, 0xFF, 0xFF, 0x00, 0x01, 0xFF, 0xFF, 0xFF, 0xFF, 0x00, 0x01, 0xF8, 0x07, 0xC0, 0x3F, 0x00,
    0x01, 0xF8, 0x07, 0xC0, 0x3F, 0x00, 0x01, 0xF8, 0x07, 0xC0, 0x3F, 0x00, 0x01, 0xFF, 0xFF, 0xFF,
    0xFF, 0x00, 0x01, 0xFF, 0xFF, 0xFF, 0xFF, 0x00, 0x01, 0xFF, 0xFF, 0xFF, 0xFF, 0x00, 0x01, 0xFF,
    0xFF, 0xFF, 0xFF, 0x00, 0x00, 0xFF, 0xFF, 0xFF, 0xFE, 0x00, 0x00, 0x00, 0x07, 0xC0, 0x00, 0x00,
    0x0F, 0xFF, 0xFF, 0xFF, 0xFF, 0xE0, 0x0F, 0xFF, 0xFF, 0xFF, 0xFF, 0xE0, 0x0F, 0xFF, 0xFF, 0xFF,
    0xFF, 0xE0, 0x0F, 0xFF, 0xFF, 0xFF, 0xFF, 0xE0, 0x07, 0xFF, 0xFF, 0xFF, 0xFF, 0xC0, 0x00, 0x00,
    0x07, 0xC0, 0x00, 0x00, 0x00, 0x00, 0x07, 0xC0, 0x00, 0x00, 0x00, 0x00, 0x07, 0xC0, 0x00, 0x00,
    0x00, 0x00, 0x07, 0xC0, 0x00, 0x00, 0x00, 0x00, 0x07, 0xC0, 0x00, 0x00, 0x00, 0x00, 0x00, 0x00,
    0x00, 0x00, 0x00, 0x00, 0x00, 0x00, 0x00, 0x00, 0x00, 0x00, 0x00, 0x00, 0x00, 0x00, 0x00, 0x00,
    0x00, 0x00, 0x00, 0x00, 0x00, 0x00, 0x00, 0x00, 0x00, 0x00, 0x00, 0x00, 0x00, 0x00, 0x00, 0x00,
  } },
  { 0x5B89, 48, {
    0x00, 0x00, 0x00, 0x00, 0x00, 0x00, 0x00, 0x00, 0x00, 0x00, 0x00, 0x00, 0x00, 0x00, 0x00, 0x00,
    0x00, 0x00, 0x00, 0x00, 0x00, 0x00, 0x00, 0x00, 0x00, 0x00, 0x00, 0x00, 0x00, 0x00, 0x00, 0x00,
    0x03, 0xC0, 0x00, 0x00, 0x00, 0x00, 0x0F, 0xE0, 0x00, 0x00, 0x00, 0x00, 0x0F, 0xE0, 0x00, 0x00,
    0x00, 0x00, 0x0F, 0xF0, 0x00, 0x00, 0x03, 0xFF, 0xFF, 0xFF, 0xFF, 0x80, 0x03, 0xFF, 0xFF, 0xFF,
    0xFF, 0x80, 0x03, 0xFF, 0xFF, 0xFF, 0xFF, 0x80, 0x03, 0xFF, 0xFF, 0xFF, 0xFF, 0x80, 0x03, 0xFF,
    0xFF, 0xFF, 0xFF, 0x80, 0x03, 0xF0, 0x38, 0x00, 0x1F, 0x80, 0x03, 0xF0, 0x3F, 0x80, 0x1F, 0x80,
    0x03, 0xF0, 0x7F, 0x80, 0x1F, 0x80, 0x00, 0x00, 0x7F, 0x00, 0x00, 0x00, 0x00, 0x00, 0x7F, 0x00,
    0x00, 0x00, 0x00, 0x00, 0xFE, 0x00, 0x00, 0x00, 0x0F, 0xFF, 0xFF, 0xFF, 0xFF, 0xE0, 0x0F, 0xFF,
    0xFF, 0xFF, 0xFF, 0xE0, 0x0F, 0xFF, 0xFF, 0xFF, 0xFF, 0xE0, 0x0F, 0xFF, 0xFF, 0xFF, 0xFF, 0xE0,
    0x07, 0xFF, 0xFF, 0xFF, 0xFF, 0xE0, 0x00, 0x07, 0xF0, 0x07, 0xE0, 0x00, 0x00, 0x0F, 0xE0, 0x0F,
    0xE0, 0x00, 0x00, 0x0F, 0xC0, 0x0F, 0xC0, 0x00, 0x00, 0x1F, 0xC0, 0x1F, 0xC0, 0x00, 0x00, 0x1F,
    0xF8, 0x3F, 0x80, 0x00, 0x00, 0x3F, 0xFF, 0x7F, 0x80, 0x00, 0x00, 0x0F, 0xFF, 0xFF, 0x00, 0x00,
    0x00, 0x01, 0xFF, 0xFE, 0x00, 0x00, 0x00, 0x00, 0x7F, 0xFF, 0x00, 0x00, 0x00, 0x00, 0x7F, 0xFF,
    0xE0, 0x00, 0x00, 0x07, 0xFF, 0xFF, 0xF8, 0x00, 0x00, 0xFF, 0xFF, 0xFF, 0xFF, 0x00, 0x07, 0xFF,
    0xFF, 0x1F, 0xFF, 0x80, 0x07, 0xFF, 0xFC, 0x07, 0xFF, 0x80, 0x03, 0xFF, 0xE0, 0x00, 0xFF, 0x00,
    0x03, 0xFF, 0x00, 0x00, 0x3F, 0x00, 0x01, 0xE0, 0x00, 0x00, 0x06, 0x00, 0x00, 0x00, 0x00, 0x00,
    0x00, 0x00, 0x00, 0x00, 0x00, 0x00, 0x00, 0x00, 0x00, 0x00, 0x00, 0x00, 0x00, 0x00, 0x00, 0x00,
    0x00, 0x00, 0x00, 0x00, 0x00, 0x00, 0x00, 0x00, 0x00, 0x00, 0x00, 0x00, 0x00, 0x00, 0x00, 0x00,
  } },
  { 0x5353, 48, {
    0x00, 0x00, 0x00, 0x00, 0x00, 0x00, 0x00, 0x00, 0x00, 0x00, 0x00, 0x00, 0x00, 0x00, 0x00, 0x00,
    0x00, 0x00, 0x00, 0x00, 0x00, 0x00, 0x00, 0x00, 0x00, 0x00, 0x00, 0x00, 0x00, 0x00, 0x00, 0x00,
    0x0F, 0xC0, 0x00, 0x00, 0x00, 0x00, 0x0F, 0xC0, 0x00, 0x00, 0x00, 0x00, 0x0F, 0xFF, 0xFF, 0x80,
    0x00, 0x00, 0x0F, 0xFF, 0xFF, 0x80, 0x00, 0x00, 0x0F, 0xFF, 0xFF, 0x80, 0x00, 0x00, 0x0F, 0xFF,
    0xFF, 0x80, 0x00, 0x00, 0x0F, 0xC0, 0x00, 0x00, 0x00, 0x00, 0x0F, 0xC0, 0x00, 0x00, 0x00, 0x7F,
    0xFF, 0xFF, 0xFC, 0x00, 0x00, 0x7F, 0xFF, 0xFF, 0xFC, 0x00, 0x00, 0x7F, 0xFF, 0xFF, 0xFC, 0x00,
    0x00, 0x7F, 0xFF, 0xFF, 0xFC, 0x00, 0x00, 0x7C, 0x00, 0x00, 0x7C, 0x00, 0x00, 0x7C, 0x00, 0x00,
    0x7C, 0x00, 0x00, 0x7F, 0xFF, 0xFF, 0xFC, 0x00, 0x00, 0x7F, 0xFF, 0xFF, 0xFC, 0x00, 0x00, 0x7F,
    0xFF, 0xFF, 0xFC, 0x00, 0x00, 0x7F, 0xFF, 0xFF, 0xFC, 0x00, 0x00, 0x7C, 0x00, 0x00, 0x7C, 0x00,
    0x00, 0x7C, 0x00, 0x00, 0x7C, 0x00, 0x00, 0x7F, 0xFF, 0xFF, 0xFC, 0x00, 0x00, 0x7F, 0xFF, 0xFF,
    0xFC, 0x00, 0x00, 0x7F, 0xFF, 0xFF, 0xFC, 0x00, 0x00, 0x7F, 0xFF, 0xFF, 0xFC, 0x00, 0x00, 0x00,
    0x07, 0xC0, 0x00, 0x00, 0x00, 0x00, 0x07, 0xC0, 0x00, 0x00, 0x07, 0xFF, 0xFF, 0xFF, 0xFF, 0xC0,
    0x07, 0xFF, 0xFF, 0xFF, 0xFF, 0xC0, 0x07, 0xFF, 0xFF, 0xFF, 0xFF, 0xC0, 0x07, 0xFF, 0xFF, 0xFF,
    0xFF, 0xC0, 0x07, 0xFF, 0xFF, 0xFF, 0xFF, 0xC0, 0x00, 0x00, 0x07, 0xC0, 0x00, 0x00, 0x00, 0x00,
    0x07, 0xC0, 0x00, 0x00, 0x00, 0x00, 0x07, 0xC0, 0x00, 0x00, 0x00, 0x00, 0x07, 0xC0, 0x00, 0x00,
    0x00, 0x00, 0x07, 0xC0, 0x00, 0x00, 0x00, 0x00, 0x07, 0xC0, 0x00, 0x00, 0x00, 0x00, 0x00, 0x00,
    0x00, 0x00, 0x00, 0x00, 0x00, 0x00, 0x00, 0x00, 0x00, 0x00, 0x00, 0x00, 0x00, 0x00, 0x00, 0x00,
    0x00, 0x00, 0x00, 0x00, 0x00, 0x00, 0x00, 0x00, 0x00, 0x00, 0x00, 0x00, 0x00, 0x00, 0x00, 0x00,
  } },
  { 0x5DE5, 48, {
    0x00, 0x00, 0x00, 0x00, 0x00, 0x00, 0x00, 0x00, 0x00, 0x00, 0x00, 0x00, 0x00, 0x00, 0x00, 0x00,
    0x00, 0x00, 0x00, 0x00, 0x00, 0x00, 0x00, 0x00, 0x00, 0x00, 0x00, 0x00, 0x00, 0x00, 0x00, 0x00,
    0x00, 0x00, 0x00, 0x00, 0x01, 0xFF, 0xFF, 0xFF, 0xFF, 0x00, 0x01, 0xFF, 0xFF, 0xFF, 0xFF, 0x00,
    0x01, 0xFF, 0xFF, 0xFF, 0xFF, 0x00, 0x01, 0xFF, 0xFF, 0xFF, 0xFF, 0x00, 0x01, 0xFF, 0xFF, 0xFF,
    0xFF, 0x00, 0x01, 0xFF, 0xFF, 0xFF, 0xFF, 0x00, 0x00, 0x00, 0x0F, 0xE0, 0x00, 0x00, 0x00, 0x00,
    0x0F, 0xE0, 0x00, 0x00, 0x00, 0x00, 0x0F, 0xE0, 0x00, 0x00, 0x00, 0x00, 0x0F, 0xE0, 0x00, 0x00,
    0x00, 0x00, 0x0F, 0xE0, 0x00, 0x00, 0x00, 0x00, 0x0F, 0xE0, 0x00, 0x00, 0x00, 0x00, 0x0F, 0xE0,
    0x00, 0x00, 0x00, 0x00, 0x0F, 0xE0, 0x00, 0x00, 0x00, 0x00, 0x0F, 0xE0, 0x00, 0x00, 0x00, 0x00,
    0x0F, 0xE0, 0x00, 0x00, 0x00, 0x00, 0x0F, 0xE0, 0x00, 0x00, 0x00, 0x00, 0x0F, 0xE0, 0x00, 0x00,
    0x00, 0x00, 0x0F, 0xE0, 0x00, 0x00, 0x00, 0x00, 0x0F, 0xE0, 0x00, 0x00, 0x00, 0x00, 0x0F, 0xE0,
    0x00, 0x00, 0x00, 0x00, 0x0F, 0xE0, 0x00, 0x00, 0x00, 0x00, 0x0F, 0xE0, 0x00, 0x00, 0x00, 0x00,
    0x0F, 0xE0, 0x00, 0x00, 0x00, 0x00, 0x0F, 0xE0, 0x00, 0x00, 0x00, 0x00, 0x0F, 0xE0, 0x00, 0x00,
    0x00, 0x00, 0x0F, 0xE0, 0x00, 0x00, 0x00, 0x00, 0x0F, 0xE0, 0x00, 0x00, 0x00, 0x00, 0x0F, 0xE0,
    0x00, 0x00, 0x00, 0x00, 0x0F, 0xE0, 0x00, 0x00, 0x07, 0xFF, 0xFF, 0xFF, 0xFF, 0xC0, 0x07, 0xFF,
    0xFF, 0xFF, 0xFF, 0xC0, 0x07, 0xFF, 0xFF, 0xFF, 0xFF, 0xC0, 0x07, 0xFF, 0xFF, 0xFF, 0xFF, 0xC0,
    0x07, 0xFF, 0xFF, 0xFF, 0xFF, 0xC0, 0x07, 0xFF, 0xFF, 0xFF, 0xFF, 0xC0, 0x00, 0x00, 0x00, 0x00,
    0x00, 0x00, 0x00, 0x00, 0x00, 0x00, 0x00, 0x00, 0x00, 0x00, 0x00, 0x00, 0x00, 0x00, 0x00, 0x00,
    0x00, 0x00, 0x00, 0x00, 0x00, 0x00, 0x00, 0x00, 0x00, 0x00, 0x00, 0x00, 0x00, 0x00, 0x00, 0x00,
  } },
  { 0x5177, 48, {
    0x00, 0x00, 0x00, 0x00, 0x00, 0x00, 0x00, 0x00, 0x00, 0x00, 0x00, 0x00, 0x00, 0x00, 0x00, 0x00,
    0x00, 0x00, 0x00, 0x00, 0x00, 0x00, 0x00, 0x00, 0x00, 0x00, 0x00, 0x00, 0x00, 0x00, 0x00, 0x00,
    0x00, 0x00, 0x00, 0x00, 0x00, 0xFF, 0xFF, 0xFF, 0xFE, 0x00, 0x00, 0xFF, 0xFF, 0xFF, 0xFE, 0x00,
    0x00, 0xFF, 0xFF, 0xFF, 0xFE, 0x00, 0x00, 0xFF, 0xFF, 0xFF, 0xFE, 0x00, 0x00, 0xFF, 0xFF, 0xFF,
    0xFE, 0x00, 0x00, 0xFC, 0x00, 0x00, 0x7E, 0x00, 0x00, 0xFC, 0x00, 0x00, 0x7E, 0x00, 0x00, 0xFF,
    0xFF, 0xFF, 0xFE, 0x00, 0x00, 0xFF, 0xFF, 0xFF, 0xFE, 0x00, 0x00, 0xFF, 0xFF, 0xFF, 0xFE, 0x00,
    0x00, 0xFF, 0xFF, 0xFF, 0xFE, 0x00, 0x00, 0xFC, 0x00, 0x00, 0x7E, 0x00, 0x00, 0xFF, 0xFF, 0xFF,
    0xFE, 0x00, 0x00, 0xFF, 0xFF, 0xFF, 0xFE, 0x00, 0x00, 0xFF, 0xFF, 0xFF, 0xFE, 0x00, 0x00, 0xFF,
    0xFF, 0xFF, 0xFE, 0x00, 0x00, 0xFC, 0x00, 0x00, 0x7E, 0x00, 0x00, 0xFF, 0xFF, 0xFF, 0xFE, 0x00,
    0x00, 0xFF, 0xFF, 0xFF, 0xFE, 0x00, 0x00, 0xFF, 0xFF, 0xFF, 0xFE, 0x00, 0x00, 0xFF, 0xFF, 0xFF,
    0xFE, 0x00, 0x00, 0xFC, 0x00, 0x00, 0x7E, 0x00, 0x00, 0xFC, 0x00, 0x00, 0x7E, 0x00, 0x0F, 0xFF,
    0xFF, 0xFF, 0xFF, 0xE0, 0x0F, 0xFF, 0xFF, 0xFF, 0xFF, 0xE0, 0x0F, 0xFF, 0xFF, 0xFF, 0xFF, 0xE0,
    0x0F, 0xFF, 0xFF, 0xFF, 0xFF, 0xE0, 0x07, 0xFF, 0xFF, 0xFF, 0xFF, 0xC0, 0x00, 0x07, 0xE0, 0x1F,
    0x80, 0x00, 0x00, 0x1F, 0xF0, 0x1F, 0xF0, 0x00, 0x00, 0xFF, 0xF0, 0x3F, 0xFE, 0x00, 0x03, 0xFF,
    0xF0, 0x3F, 0xFF, 0x80, 0x03, 0xFF, 0xC0, 0x07, 0xFF, 0x80, 0x01, 0xFE, 0x00, 0x00, 0xFF, 0x80,
    0x01, 0xF8, 0x00, 0x00, 0x3F, 0x00, 0x00, 0xC0, 0x00, 0x00, 0x06, 0x00, 0x00, 0x00, 0x00, 0x00,
    0x00, 0x00, 0x00, 0x00, 0x00, 0x00, 0x00, 0x00, 0x00, 0x00, 0x00, 0x00, 0x00, 0x00, 0x00, 0x00,
    0x00, 0x00, 0x00, 0x00, 0x00, 0x00, 0x00, 0x00, 0x00, 0x00, 0x00, 0x00, 0x00, 0x00, 0x00, 0x00,
  } },
  { 0x8FDB, 48, {
    0x00, 0x00, 0x00, 0x00, 0x00, 0x00, 0x00, 0x00, 0x00, 0x00, 0x00, 0x00, 0x00, 0x00, 0x00, 0x00,
    0x00, 0x00, 0x00, 0x00, 0x00, 0x00, 0x00, 0x00, 0x00, 0x00, 0x00, 0x00, 0x00, 0x00, 0x00, 0x60,
    0x0F, 0xC1, 0xF8, 0x00, 0x01, 0xE0, 0x0F, 0xC1, 0xF8, 0x00, 0x03, 0xF0, 0x0F, 0xC1, 0xF8, 0x00,
    0x03, 0xF8, 0x0F, 0xC1, 0xF8, 0x00, 0x01, 0xF8, 0x0F, 0xC1, 0xF8, 0x00, 0x00, 0xFC, 0x0F, 0xC1,
    0xF8, 0x00, 0x00, 0xFE, 0xFF, 0xFF, 0xFF, 0x80, 0x00, 0x7E, 0xFF, 0xFF, 0xFF, 0x80, 0x00, 0x7C,
    0xFF, 0xFF, 0xFF, 0x80, 0x00, 0x30, 0xFF, 0xFF, 0xFF, 0x80, 0x00, 0x00, 0xFF, 0xFF, 0xFF, 0x80,
    0x00, 0x00, 0x0F, 0xC1, 0xF8, 0x00, 0x00, 0x00, 0x0F, 0xC1, 0xF8, 0x00, 0x07, 0xFC, 0x0F, 0xC1,
    0xF8, 0x00, 0x07, 0xFC, 0x0F, 0xC1, 0xF8, 0x00, 0x07, 0xFC, 0x0F, 0xC1, 0xF8, 0x00, 0x07, 0xFD,
    0xFF, 0xFF, 0xFF, 0xC0, 0x07, 0xFD, 0xFF, 0xFF, 0xFF, 0xC0, 0x00, 0xFD, 0xFF, 0xFF, 0xFF, 0xC0,
    0x00, 0xFD, 0xFF, 0xFF, 0xFF, 0xC0, 0x00, 0xFD, 0xFF, 0xFF, 0xFF, 0xC0, 0x00, 0xFC, 0x1F, 0x81,
    0xF8, 0x00, 0x00, 0xFC, 0x1F, 0x81, 0xF8, 0x00, 0x00, 0xFC, 0x3F, 0x81, 0xF8, 0x00, 0x00, 0xFC,
    0x3F, 0x01, 0xF8, 0x00, 0x00, 0xFC, 0x7F, 0x01, 0xF8, 0x00, 0x00, 0xFC, 0x7F, 0x01, 0xF8, 0x00,
    0x00, 0xFC, 0x3E, 0x01, 0xF8, 0x00, 0x01, 0xFE, 0x0E, 0x01, 0xF8, 0x00, 0x03, 0xFF, 0x04, 0x00,
    0x00, 0x00, 0x07, 0xFF, 0xE0, 0x00, 0x00, 0x00, 0x07, 0xFF, 0xFF, 0xFF, 0xFF, 0xE0, 0x07, 0xFF,
    0xFF, 0xFF, 0xFF, 0xC0, 0x07, 0xC7, 0xFF, 0xFF, 0xFF, 0xC0, 0x03, 0x83, 0xFF, 0xFF, 0xFF, 0x80,
    0x03, 0x00, 0x7F, 0xFF, 0xFF, 0x80, 0x02, 0x00, 0x00, 0x00, 0x00, 0x00, 0x00, 0x00, 0x00, 0x00,
    0x00, 0x00, 0x00, 0x00, 0x00, 0x00, 0x00, 0x00, 0x00, 0x00, 0x00, 0x00, 0x00, 0x00, 0x00, 0x00,
    0x00, 0x00, 0x00, 0x00, 0x00, 0x00, 0x00, 0x00, 0x00, 0x00, 0x00, 0x00, 0x00, 0x00, 0x00, 0x00,
  } },
  { 0x5165, 48, {
    0x00, 0x00, 0x00, 0x00, 0x00, 0x00, 0x00, 0x00, 0x00, 0x00, 0x00, 0x00, 0x00, 0x00, 0x00, 0x00,
    0x00, 0x00, 0x00, 0x00, 0x00, 0x00, 0x00, 0x00, 0x00, 0x00, 0x00, 0x00, 0x00, 0x00, 0x00, 0x00,
    0x30, 0x00, 0x00, 0x00, 0x00, 0x00, 0xF8, 0x00, 0x00, 0x00, 0x00, 0x03, 0xFC, 0x00, 0x00, 0x00,
    0x00, 0x03, 0xFC, 0x00, 0x00, 0x00, 0x00, 0x01, 0xFE, 0x00, 0x00, 0x00, 0x00, 0x00, 0xFF, 0x00,
    0x00, 0x00, 0x00, 0x00, 0x7F, 0x00, 0x00, 0x00, 0x00, 0x00, 0x3F, 0x80, 0x00, 0x00, 0x00, 0x00,
    0x1F, 0xC0, 0x00, 0x00, 0x00, 0x00, 0x1F, 0xC0, 0x00, 0x00, 0x00, 0x00, 0x0F, 0xE0, 0x00, 0x00,
    0x00, 0x00, 0x0F, 0xE0, 0x00, 0x00, 0x00, 0x00, 0x0F, 0xF0, 0x00, 0x00, 0x00, 0x00, 0x1F, 0xF0,
    0x00, 0x00, 0x00, 0x00, 0x1F, 0xF8, 0x00, 0x00, 0x00, 0x00, 0x3F, 0xF8, 0x00, 0x00, 0x00, 0x00,
    0x3F, 0xFC, 0x00, 0x00, 0x00, 0x00, 0x7F, 0xFC, 0x00, 0x00, 0x00, 0x00, 0x7F, 0xFE, 0x00, 0x00,
    0x00, 0x00, 0xFE, 0xFE, 0x00, 0x00, 0x00, 0x00, 0xFE, 0x7F, 0x00, 0x00, 0x00, 0x01, 0xFC, 0x3F,
    0x80, 0x00, 0x00, 0x03, 0xFC, 0x3F, 0xC0, 0x00, 0x00, 0x07, 0xF8, 0x1F, 0xC0, 0x00, 0x00, 0x07,
    0xF0, 0x1F, 0xE0, 0x00, 0x00, 0x0F, 0xF0, 0x0F, 0xF0, 0x00, 0x00, 0x1F, 0xE0, 0x07, 0xF8, 0x00,
    0x00, 0x3F, 0xC0, 0x07, 0xFC, 0x00, 0x00, 0x7F, 0xC0, 0x03, 0xFE, 0x00, 0x00, 0xFF, 0x80, 0x01,
    0xFF, 0x00, 0x03, 0xFF, 0x00, 0x01, 0xFF, 0x80, 0x07, 0xFE, 0x00, 0x00, 0xFF, 0xC0, 0x07, 0xFC,
    0x00, 0x00, 0x7F, 0xC0, 0x07, 0xF8, 0x00, 0x00, 0x3F, 0x80, 0x03, 0xF0, 0x00, 0x00, 0x1F, 0x00,
    0x01, 0xE0, 0x00, 0x00, 0x0E, 0x00, 0x00, 0xC0, 0x00, 0x00, 0x04, 0x00, 0x00, 0x00, 0x00, 0x00,
    0x00, 0x00, 0x00, 0x00, 0x00, 0x00, 0x00, 0x00, 0x00, 0x00, 0x00, 0x00, 0x00, 0x00, 0x00, 0x00,
    0x00, 0x00, 0x00, 0x00, 0x00, 0x00, 0x00, 0x00, 0x00, 0x00, 0x00, 0x00, 0x00, 0x00, 0x00, 0x00,
  } },
  { 0x7A0B, 48, {
    0x00, 0x00, 0x00, 0x00, 0x00, 0x00, 0x00, 0x00, 0x00, 0x00, 0x00, 0x00, 0x00, 0x00, 0x00, 0x00,
    0x00, 0x00, 0x00, 0x00, 0x00, 0x00, 0x00, 0x00, 0x00, 0x00, 0x00, 0x00, 0x00, 0x00, 0x00, 0x01,
    0xE0, 0x00, 0x00, 0x00, 0x00, 0xFF, 0xEF, 0xFF, 0xFF, 0x00, 0x0F, 0xFF, 0xEF, 0xFF, 0xFF, 0x00,
    0x07, 0xFF, 0xEF, 0xFF, 0xFF, 0x00, 0x07, 0xFF, 0xEF, 0xFF, 0xFF, 0x00, 0x07, 0xFF, 0x8F, 0xFF,
    0xFF, 0x00, 0x07, 0xFE, 0x0F, 0xC0, 0x1F, 0x00, 0x00, 0x3E, 0x0F, 0xC0, 0x1F, 0x00, 0x00, 0x3E,
    0x0F, 0xC0, 0x1F, 0x00, 0x00, 0x3E, 0x0F, 0xFF, 0xFF, 0x00, 0x00, 0x3E, 0x0F, 0xFF, 0xFF, 0x00,
    0x07, 0xFF, 0xEF, 0xFF, 0xFF, 0x00, 0x07, 0xFF, 0xEF, 0xFF, 0xFF, 0x00, 0x07, 0xFF, 0xE7, 0xFF,
    0xFF, 0x00, 0x07, 0xFF, 0xE0, 0x00, 0x00, 0x00, 0x07, 0xFF, 0xE0, 0x00, 0x00, 0x00, 0x00, 0x7E,
    0x1F, 0xFF, 0xFF, 0xC0, 0x00, 0xFE, 0x1F, 0xFF, 0xFF, 0xC0, 0x00, 0xFF, 0x9F, 0xFF, 0xFF, 0xC0,
    0x01, 0xFF, 0xDF, 0xFF, 0xFF, 0xC0, 0x01, 0xFF, 0xEF, 0xFF, 0xFF, 0x80, 0x03, 0xFF, 0xF0, 0x1F,
    0x80, 0x00, 0x03, 0xFF, 0xF8, 0x1F, 0x80, 0x00, 0x07, 0xFF, 0xF0, 0x1F, 0x80, 0x00, 0x07, 0xFE,
    0xEF, 0xFF, 0xFF, 0x80, 0x0F, 0xBE, 0x4F, 0xFF, 0xFF, 0x80, 0x07, 0xBE, 0x0F, 0xFF, 0xFF, 0x80,
    0x07, 0x3E, 0x0F, 0xFF, 0xFF, 0x80, 0x07, 0x3E, 0x00, 0x1F, 0x80, 0x00, 0x02, 0x3E, 0x00, 0x1F,
    0x80, 0x00, 0x02, 0x3E, 0x00, 0x1F, 0x80, 0x00, 0x00, 0x3E, 0x00, 0x1F, 0x80, 0x00, 0x00, 0x3E,
    0x7F, 0xFF, 0xFF, 0xE0, 0x00, 0x3E, 0x7F, 0xFF, 0xFF, 0xE0, 0x00, 0x3E, 0x7F, 0xFF, 0xFF, 0xE0,
    0x00, 0x3E, 0x7F, 0xFF, 0xFF, 0xE0, 0x00, 0x3E, 0x3F, 0xFF, 0xFF, 0xC0, 0x00, 0x3E, 0x00, 0x00,
    0x00, 0x00, 0x00, 0x00, 0x00, 0x00, 0x00, 0x00, 0x00, 0x00, 0x00, 0x00, 0x00, 0x00, 0x00, 0x00,
    0x00, 0x00, 0x00, 0x00, 0x00, 0x00, 0x00, 0x00, 0x00, 0x00, 0x00, 0x00, 0x00, 0x00, 0x00, 0x00,
  } },
  { 0x5E8F, 48, {
    0x00, 0x00, 0x00, 0x00, 0x00, 0x00, 0x00, 0x00, 0x00, 0x00, 0x00, 0x00, 0x00, 0x00, 0x00, 0x00,
    0x00, 0x00, 0x00, 0x00, 0x00, 0x00, 0x00, 0x00, 0x00, 0x00, 0x00, 0x00, 0x00, 0x00, 0x00, 0x00,
    0x00, 0x00, 0x00, 0x00, 0x00, 0x00, 0x00, 0xE0, 0x00, 0x00, 0x00, 0x00, 0x07, 0xF0, 0x00, 0x00,
    0x00, 0x00, 0x07, 0xF0, 0x00, 0x00, 0x00, 0x00, 0x07, 0xF8, 0x00, 0x00, 0x00, 0xFF, 0xFF, 0xFF,
    0xFF, 0xC0, 0x00, 0xFF, 0xFF, 0xFF, 0xFF, 0xC0, 0x00, 0xFF, 0xFF, 0xFF, 0xFF, 0xC0, 0x00, 0xFF,
    0xFF, 0xFF, 0xFF, 0xC0, 0x00, 0xFF, 0xFF, 0xFF, 0xFF, 0xC0, 0x00, 0xF8, 0x00, 0x00, 0x00, 0x00,
    0x00, 0xF8, 0x00, 0x00, 0x00, 0x00, 0x00, 0xF9, 0xFF, 0xFF, 0xFF, 0x00, 0x00, 0xF9, 0xFF, 0xFF,
    0xFF, 0x00, 0x00, 0xF9, 0xFF, 0xFF, 0xFF, 0x00, 0x00, 0xF9, 0xFF, 0xFF, 0xFF, 0x00, 0x00, 0xF9,
    0xFF, 0xFF, 0xFF, 0x00, 0x00, 0xF8, 0x1F, 0x01, 0xFE, 0x00, 0x01, 0xF8, 0x3F, 0xC7, 0xF8, 0x00,
    0x01, 0xF8, 0x1F, 0xFF, 0xF0, 0x00, 0x01, 0xF8, 0x07, 0xFF, 0xC0, 0x00, 0x01, 0xF8, 0x03, 0xFF,
    0x00, 0x00, 0x01, 0xFB, 0xFF, 0xFF, 0xFF, 0xC0, 0x01, 0xFB, 0xFF, 0xFF, 0xFF, 0xC0, 0x01, 0xFB,
    0xFF, 0xFF, 0xFF, 0xC0, 0x01, 0xFB, 0xFF, 0xFF, 0xFF, 0xC0, 0x01, 0xF3, 0xFF, 0xFF, 0xFF, 0xC0,
    0x01, 0xF0, 0x00, 0x7E, 0x0F, 0x80, 0x03, 0xF0, 0x00, 0x7E, 0x1F, 0x80, 0x03, 0xF0, 0x00, 0x7E,
    0x1F, 0x00, 0x03, 0xF0, 0x00, 0x7E, 0x3F, 0x00, 0x07, 0xF0, 0x00, 0xFE, 0x0E, 0x00, 0x07, 0xE0,
    0x7F, 0xFE, 0x00, 0x00, 0x07, 0xE0, 0x3F, 0xFC, 0x00, 0x00, 0x03, 0xC0, 0x3F, 0xFC, 0x00, 0x00,
    0x01, 0xC0, 0x3F, 0xF8, 0x00, 0x00, 0x00, 0x80, 0x3F, 0xE0, 0x00, 0x00, 0x00, 0x00, 0x00, 0x00,
    0x00, 0x00, 0x00, 0x00, 0x00, 0x00, 0x00, 0x00, 0x00, 0x00, 0x00, 0x00, 0x00, 0x00, 0x00, 0x00,
    0x00, 0x00, 0x00, 0x00, 0x00, 0x00, 0x00, 0x00, 0x00, 0x00, 0x00, 0x00, 0x00, 0x00, 0x00, 0x00,
  } },
  { 0x9009, 48, {
    0x00, 0x00, 0x00, 0x00, 0x00, 0x00, 0x00, 0x00, 0x00, 0x00, 0x00, 0x00, 0x00, 0x00, 0x00, 0x00,
    0x00, 0x00, 0x00, 0x00, 0x00, 0x00, 0x00, 0x00, 0x00, 0x00, 0x00, 0x00, 0x00, 0x00, 0x00, 0x60,
    0x00, 0x3F, 0x00, 0x00, 0x01, 0xE0, 0x1C, 0x3F, 0x00, 0x00, 0x03, 0xF0, 0x1F, 0x3F, 0x00, 0x00,
    0x01, 0xF8, 0x1F, 0x3F, 0x00, 0x00, 0x01, 0xF8, 0x3F, 0x3F, 0x00, 0x00, 0x00, 0xFC, 0x3E, 0x3F,
    0x00, 0x00, 0x00, 0xFE, 0x3F, 0xFF, 0xFF, 0x80, 0x00, 0x7E, 0x7F, 0xFF, 0xFF, 0x80, 0x00, 0x7E,
    0x7F, 0xFF, 0xFF, 0x80, 0x00, 0x38, 0xFF, 0xFF, 0xFF, 0x80, 0x00, 0x30, 0xFF, 0xFF, 0xFF, 0x00,
    0x00, 0x00, 0xF8, 0x3F, 0x00, 0x00, 0x00, 0x00, 0xF8, 0x3F, 0x00, 0x00, 0x00, 0x00, 0x30, 0x3F,
    0x00, 0x00, 0x07, 0xFD, 0xFF, 0xFF, 0xFF, 0xC0, 0x07, 0xFD, 0xFF, 0xFF, 0xFF, 0xC0, 0x07, 0xFD,
    0xFF, 0xFF, 0xFF, 0xC0, 0x07, 0xFD, 0xFF, 0xFF, 0xFF, 0xC0, 0x07, 0xFD, 0xFF, 0xFF, 0xFF, 0xC0,
    0x00, 0x7C, 0x0F, 0xCF, 0xC0, 0x00, 0x00, 0x7C, 0x0F, 0xCF, 0xC6, 0x00, 0x00, 0x7C, 0x0F, 0xCF,
    0xC7, 0x80, 0x00, 0x7C, 0x0F, 0x8F, 0xC7, 0xC0, 0x00, 0x7C, 0x1F, 0x8F, 0xCF, 0xC0, 0x00, 0x7C,
    0x3F, 0x8F, 0xCF, 0x80, 0x00, 0x7C, 0x7F, 0x0F, 0xFF, 0x80, 0x00, 0x7C, 0xFF, 0x07, 0xFF, 0x80,
    0x00, 0x7C, 0xFE, 0x07, 0xFF, 0x00, 0x00, 0xFE, 0x7C, 0x03, 0xFF, 0x00, 0x01, 0xFF, 0xB0, 0x01,
    0xFC, 0x00, 0x07, 0xFF, 0xF0, 0x00, 0x00, 0x00, 0x07, 0xFF, 0xFF, 0xFF, 0xFF, 0xC0, 0x07, 0xFF,
    0xFF, 0xFF, 0xFF, 0xC0, 0x03, 0xE7, 0xFF, 0xFF, 0xFF, 0xC0, 0x03, 0xC1, 0xFF, 0xFF, 0xFF, 0x80,
    0x03, 0x80, 0x3F, 0xFF, 0xFF, 0x80, 0x01, 0x00, 0x00, 0x00, 0x00, 0x00, 0x00, 0x00, 0x00, 0x00,
    0x00, 0x00, 0x00, 0x00, 0x00, 0x00, 0x00, 0x00, 0x00, 0x00, 0x00, 0x00, 0x00, 0x00, 0x00, 0x00,
    0x00, 0x00, 0x00, 0x00, 0x00, 0x00, 0x00, 0x00, 0x00, 0x00, 0x00, 0x00, 0x00, 0x00, 0x00, 0x00,
  } },
  { 0x62E9, 48, {
    0x00, 0x00, 0x00, 0x00, 0x00, 0x00, 0x00, 0x00, 0x00, 0x00, 0x00, 0x00, 0x00, 0x00, 0x00, 0x00,
    0x00, 0x00, 0x00, 0x00, 0x00, 0x00, 0x00, 0x00, 0x00, 0x00, 0x00, 0x00, 0x00, 0x00, 0x00, 0x7C,
    0x00, 0x00, 0x00, 0x00, 0x00, 0x7C, 0x3F, 0xFF, 0xFF, 0x00, 0x00, 0x7C, 0x3F, 0xFF, 0xFF, 0x00,
    0x00, 0x7C, 0x3F, 0xFF, 0xFF, 0x00, 0x00, 0x7C, 0x3F, 0xFF, 0xFF, 0x00, 0x00, 0x7C, 0x07, 0x80,
    0x7F, 0x00, 0x07, 0xFF, 0xCF, 0xC0, 0x7E, 0x00, 0x07, 0xFF, 0xC7, 0xE0, 0xFE, 0x00, 0x07, 0xFF,
    0xC7, 0xFB, 0xFC, 0x00, 0x07, 0xFF, 0xC3, 0xFF, 0xF8, 0x00, 0x07, 0xFF, 0xC0, 0xFF, 0xE0, 0x00,
    0x00, 0x7C, 0x00, 0xFF, 0xE0, 0x00, 0x00, 0x7C, 0x0F, 0xFF, 0xFF, 0x00, 0x00, 0x7C, 0x7F, 0xFF,
    0xFF, 0xC0, 0x00, 0x7C, 0x7F, 0xFF, 0xFF, 0xC0, 0x00, 0x7C, 0x7F, 0xE0, 0xFF, 0x80, 0x00, 0x7C,
    0x3F, 0x80, 0x1F, 0x80, 0x00, 0x7F, 0xFC, 0x3F, 0x01, 0x80, 0x07, 0xFF, 0xC0, 0x3F, 0x00, 0x00,
    0x0F, 0xFF, 0xC0, 0x3F, 0x00, 0x00, 0x07, 0xFF, 0xFF, 0xFF, 0xFF, 0x80, 0x07, 0xFF, 0xBF, 0xFF,
    0xFF, 0x80, 0x07, 0xFE, 0x3F, 0xFF, 0xFF, 0x80, 0x07, 0xFC, 0x3F, 0xFF, 0xFF, 0x80, 0x00, 0x7C,
    0x00, 0x3F, 0x00, 0x00, 0x00, 0x7C, 0x00, 0x3F, 0x00, 0x00, 0x00, 0x7C, 0x00, 0x3F, 0x00, 0x00,
    0x00, 0x7C, 0xFF, 0xFF, 0xFF, 0xC0, 0x00, 0x7C, 0xFF, 0xFF, 0xFF, 0xC0, 0x00, 0x7C, 0xFF, 0xFF,
    0xFF, 0xC0, 0x00, 0x7C, 0xFF, 0xFF, 0xFF, 0xC0, 0x00, 0xFC, 0x00, 0x3F, 0x00, 0x00, 0x07, 0xFC,
    0x00, 0x3F, 0x00, 0x00, 0x07, 0xFC, 0x00, 0x3F, 0x00, 0x00, 0x07, 0xFC, 0x00, 0x3F, 0x00, 0x00,
    0x07, 0xF8, 0x00, 0x3F, 0x00, 0x00, 0x07, 0xF0, 0x00, 0x3F, 0x00, 0x00, 0x00, 0x00, 0x00, 0x00,
    0x00, 0x00, 0x00, 0x00, 0x00, 0x00, 0x00, 0x00, 0x00, 0x00, 0x00, 0x00, 0x00, 0x00, 0x00, 0x00,
    0x00, 0x00, 0x00, 0x00, 0x00, 0x00, 0x00, 0x00, 0x00, 0x00, 0x00, 0x00, 0x00, 0x00, 0x00, 0x00,
  } },
  { 0x5668, 48, {
    0x00, 0x00, 0x00, 0x00, 0x00, 0x00, 0x00, 0x00, 0x00, 0x00, 0x00, 0x00, 0x00, 0x00, 0x00, 0x00,
    0x00, 0x00, 0x00, 0x00, 0x00, 0x00, 0x00, 0x00, 0x00, 0x00, 0x00, 0x00, 0x00, 0x00, 0x00, 0x00,
    0x00, 0x00, 0x00, 0x00, 0x01, 0xFF, 0xFC, 0x7F, 0xFF, 0x00, 0x01, 0xFF, 0xFC, 0x7F, 0xFF, 0x00,
    0x01, 0xFF, 0xFC, 0x7F, 0xFF, 0x00, 0x01, 0xFF, 0xFC, 0x7F, 0xFF, 0x00, 0x01, 0xF0, 0x7C, 0x7C,
    0x1F, 0x00, 0x01, 0xF0, 0x7C, 0x7C, 0x1F, 0x00, 0x01, 0xF0, 0x7C, 0x7C, 0x1F, 0x00, 0x01, 0xFF,
    0xFC, 0x7F, 0xFF, 0x00, 0x01, 0xFF, 0xFC, 0x7F, 0xFF, 0x00, 0x01, 0xFF, 0xFC, 0x7F, 0xFF, 0x00,
    0x01, 0xFF, 0xFC, 0x7F, 0xFF, 0x00, 0x00, 0x00, 0x07, 0xC1, 0xF0, 0x00, 0x00, 0x00, 0x0F, 0xC1,
    0xF0, 0x00, 0x07, 0xFF, 0xFF, 0xFF, 0xFF, 0xC0, 0x07, 0xFF, 0xFF, 0xFF, 0xFF, 0xC0, 0x07, 0xFF,
    0xFF, 0xFF, 0xFF, 0xC0, 0x07, 0xFF, 0xFF, 0xFF, 0xFF, 0xC0, 0x00, 0x00, 0x3F, 0xF0, 0x00, 0x00,
    0x00, 0x00, 0x7F, 0xFC, 0x00, 0x00, 0x00, 0x03, 0xFE, 0xFF, 0x00, 0x00, 0x00, 0x7F, 0xFC, 0x7F,
    0xFC, 0x00, 0x07, 0xFF, 0xF0, 0x1F, 0xFF, 0xC0, 0x07, 0xFF, 0xC0, 0x0F, 0xFF, 0xC0, 0x07, 0xFF,
    0x00, 0x01, 0xFF, 0xC0, 0x07, 0xFF, 0xFC, 0x7F, 0xFF, 0xC0, 0x01, 0xFF, 0xFC, 0x7F, 0xFF, 0x00,
    0x01, 0xFF, 0xFC, 0x7F, 0xFF, 0x00, 0x01, 0xFF, 0xFC, 0x7F, 0xFF, 0x00, 0x01, 0xF0, 0x7C, 0x7C,
    0x1F, 0x00, 0x01, 0xF0, 0x7C, 0x7C, 0x1F, 0x00, 0x01, 0xF0, 0x7C, 0x7C, 0x1F, 0x00, 0x01, 0xFF,
    0xFC, 0x7F, 0xFF, 0x00, 0x01, 0xFF, 0xFC, 0x7F, 0xFF, 0x00, 0x01, 0xFF, 0xFC, 0x7F, 0xFF, 0x00,
    0x01, 0xFF, 0xFC, 0x7F, 0xFF, 0x00, 0x01, 0xF0, 0x7C, 0x7C, 0x1F, 0x00, 0x00, 0x00, 0x00, 0x00,
    0x00, 0x00, 0x00, 0x00, 0x00, 0x00, 0x00, 0x00, 0x00, 0x00, 0x00, 0x00, 0x00, 0x00, 0x00, 0x00,
    0x00, 0x00, 0x00, 0x00, 0x00, 0x00, 0x00, 0x00, 0x00, 0x00, 0x00, 0x00, 0x00, 0x00, 0x00, 0x00,
  } },
  { 0x5173, 48, {
    0x00, 0x00, 0x00, 0x00, 0x00, 0x00, 0x00, 0x00, 0x00, 0x00, 0x00, 0x00, 0x00, 0x00, 0x00, 0x00,
    0x00, 0x00, 0x00, 0x00, 0x00, 0x00, 0x00, 0x00, 0x00, 0x00, 0x00, 0x00, 0x00, 0x00, 0x00, 0x01,
    0x00, 0x03, 0x00, 0x00, 0x00, 0x07, 0x80, 0x07, 0xC0, 0x00, 0x00, 0x0F, 0xC0, 0x07, 0xF0, 0x00,
    0x00, 0x0F, 0xE0, 0x0F, 0xF0, 0x00, 0x00, 0x0F, 0xF0, 0x1F, 0xE0, 0x00, 0x00, 0x07, 0xF8, 0x1F,
    0xC0, 0x00, 0x00, 0x03, 0xF8, 0x3F, 0x80, 0x00, 0x00, 0x01, 0xF0, 0x7F, 0x00, 0x00, 0x01, 0xFF,
    0xFF, 0xFF, 0xFF, 0x00, 0x01, 0xFF, 0xFF, 0xFF, 0xFF, 0x00, 0x01, 0xFF, 0xFF, 0xFF, 0xFF, 0x00,
    0x01, 0xFF, 0xFF, 0xFF, 0xFF, 0x00, 0x01, 0xFF, 0xFF, 0xFF, 0xFF, 0x00, 0x00, 0x00, 0x0F, 0xE0,
    0x00, 0x00, 0x00, 0x00, 0x0F, 0xE0, 0x00, 0x00, 0x00, 0x00, 0x0F, 0xE0, 0x00, 0x00, 0x00, 0x00,
    0x0F, 0xE0, 0x00, 0x00, 0x00, 0x00, 0x0F, 0xE0, 0x00, 0x00, 0x07, 0xFF, 0xFF, 0xFF, 0xFF, 0xC0,
    0x07, 0xFF, 0xFF, 0xFF, 0xFF, 0xC0, 0x07, 0xFF, 0xFF, 0xFF, 0xFF, 0xC0, 0x07, 0xFF, 0xFF, 0xFF,
    0xFF, 0xC0, 0x07, 0xFF, 0xFF, 0xFF, 0xFF, 0xC0, 0x00, 0x00, 0x1F, 0xF0, 0x00, 0x00, 0x00, 0x00,
    0x3F, 0xF8, 0x00, 0x00, 0x00, 0x00, 0x7F, 0xF8, 0x00, 0x00, 0x00, 0x00, 0xFF, 0xFC, 0x00, 0x00,
    0x00, 0x01, 0xFE, 0xFF, 0x00, 0x00, 0x00, 0x03, 0xFC, 0x7F, 0x80, 0x00, 0x00, 0x0F, 0xF8, 0x7F,
    0xE0, 0x00, 0x00, 0x3F, 0xF0, 0x3F, 0xFC, 0x00, 0x01, 0xFF, 0xE0, 0x1F, 0xFF, 0x80, 0x07, 0xFF,
    0xC0, 0x07, 0xFF, 0xC0, 0x07, 0xFF, 0x80, 0x03, 0xFF, 0x80, 0x03, 0xFE, 0x00, 0x00, 0xFF, 0x80,
    0x01, 0xF8, 0x00, 0x00, 0x3F, 0x00, 0x00, 0xE0, 0x00, 0x00, 0x0E, 0x00, 0x00, 0x00, 0x00, 0x00,
    0x00, 0x00, 0x00, 0x00, 0x00, 0x00, 0x00, 0x00, 0x00, 0x00, 0x00, 0x00, 0x00, 0x00, 0x00, 0x00,
    0x00, 0x00, 0x00, 0x00, 0x00, 0x00, 0x00, 0x00, 0x00, 0x00, 0x00, 0x00, 0x00, 0x00, 0x00, 0x00,
  } },
  { 0x673A, 48, {
    0x00, 0x00, 0x00, 0x00, 0x00, 0x00, 0x00, 0x00, 0x00, 0x00, 0x00, 0x00, 0x00, 0x00, 0x00, 0x00,
    0x00, 0x00, 0x00, 0x00, 0x00, 0x00, 0x00, 0x00, 0x00, 0x00, 0x00, 0x00, 0x00, 0x00, 0x00, 0x7C,
    0x00, 0x00, 0x00, 0x00, 0x00, 0x7C, 0x0F, 0xFF, 0xF8, 0x00, 0x00, 0x7C, 0x0F, 0xFF, 0xF8, 0x00,
    0x00, 0x7C, 0x0F, 0xFF, 0xF8, 0x00, 0x00, 0x7C, 0x0F, 0xFF, 0xF8, 0x00, 0x00, 0x7C, 0x0F, 0xFF,
    0xF8, 0x00, 0x07, 0xFF, 0xEF, 0xFF, 0xF8, 0x00, 0x07, 0xFF, 0xEF, 0xC1, 0xF8, 0x00, 0x07, 0xFF,
    0xEF, 0xC1, 0xF8, 0x00, 0x07, 0xFF, 0xEF, 0xC1, 0xF8, 0x00, 0x07, 0xFF, 0xEF, 0xC1, 0xF8, 0x00,
    0x00, 0x7C, 0x0F, 0xC1, 0xF8, 0x00, 0x00, 0xFC, 0x0F, 0xC1, 0xF8, 0x00, 0x00, 0xFC, 0x0F, 0xC1,
    0xF8, 0x00, 0x00, 0xFC, 0x0F, 0xC1, 0xF8, 0x00, 0x00, 0xFF, 0x0F, 0xC1, 0xF8, 0x00, 0x01, 0xFF,
    0x8F, 0xC1, 0xF8, 0x00, 0x01, 0xFF, 0xEF, 0xC1, 0xF8, 0x00, 0x03, 0xFF, 0xEF, 0xC1, 0xF8, 0x00,
    0x03, 0xFF, 0xEF, 0xC1, 0xF8, 0x00, 0x07, 0xFF, 0xCF, 0xC1, 0xF8, 0x00, 0x07, 0xFC, 0xCF, 0xC1,
    0xF8, 0x00, 0x0F, 0xFC, 0x0F, 0xC1, 0xFB, 0x80, 0x07, 0xFC, 0x0F, 0xC1, 0xFB, 0xC0, 0x07, 0xFC,
    0x0F, 0xC1, 0xFB, 0xE0, 0x07, 0x7C, 0x1F, 0x81, 0xFB, 0xE0, 0x07, 0x7C, 0x1F, 0x81, 0xFB, 0xC0,
    0x02, 0x7C, 0x1F, 0x81, 0xFB, 0xC0, 0x02, 0x7C, 0x3F, 0x81, 0xFB, 0xC0, 0x00, 0x7C, 0x3F, 0x01,
    0xFB, 0xC0, 0x00, 0x7C, 0x7F, 0x01, 0xFB, 0xC0, 0x00, 0x7C, 0xFF, 0x01, 0xFF, 0xC0, 0x00, 0x7D,
    0xFE, 0x01, 0xFF, 0xC0, 0x00, 0x7C, 0xFC, 0x01, 0xFF, 0xC0, 0x00, 0x7C, 0x7C, 0x00, 0xFF, 0x80,
    0x00, 0x7C, 0x38, 0x00, 0x7F, 0x00, 0x00, 0x7C, 0x10, 0x00, 0x00, 0x00, 0x00, 0x00, 0x00, 0x00,
    0x00, 0x00, 0x00, 0x00, 0x00, 0x00, 0x00, 0x00, 0x00, 0x00, 0x00, 0x00, 0x00, 0x00, 0x00, 0x00,
    0x00, 0x00, 0x00, 0x00, 0x00, 0x00, 0x00, 0x00, 0x00, 0x00, 0x00, 0x00, 0x00, 0x00, 0x00, 0x00,
  } },
  { 0x91CD, 48, {
    0x00, 0x00, 0x00, 0x00, 0x00, 0x00, 0x00, 0x00, 0x00, 0x00, 0x00, 0x00, 0x00, 0x00, 0x00, 0x00,
    0x00, 0x00, 0x00, 0x00, 0x00, 0x00, 0x00, 0x00, 0x00, 0x00, 0x00, 0x00, 0x00, 0x00, 0x00, 0x00,
    0x0F, 0xFF, 0xFE, 0x00, 0x01, 0xFF, 0xFF, 0xFF, 0xFE, 0x00, 0x01, 0xFF, 0xFF, 0xFF, 0xFF, 0x00,
    0x00, 0xFF, 0xFF, 0xFF, 0xFF, 0x00, 0x00, 0xFE, 0x07, 0xC0, 0x00, 0x00, 0x00, 0x00, 0x07, 0xC0,
    0x00, 0x00, 0x07, 0xFF, 0xFF, 0xFF, 0xFF, 0xE0, 0x07, 0xFF, 0xFF, 0xFF, 0xFF, 0xE0, 0x07, 0xFF,
    0xFF, 0xFF, 0xFF, 0xE0, 0x07, 0xFF, 0xFF, 0xFF, 0xFF, 0xC0, 0x00, 0x00, 0x07, 0xC0, 0x00, 0x00,
    0x00, 0xFF, 0xFF, 0xFF, 0xFE, 0x00, 0x00, 0xFF, 0xFF, 0xFF, 0xFE, 0x00, 0x00, 0xFF, 0xFF, 0xFF,
    0xFE, 0x00, 0x00, 0xFC, 0x07, 0xC0, 0x7E, 0x00, 0x00, 0xFC, 0x07, 0xC0, 0x3E, 0x00, 0x00, 0xFC,
    0x07, 0xC0, 0x3E, 0x00, 0x00, 0xFF, 0xFF, 0xFF, 0xFE, 0x00, 0x00, 0xFF, 0xFF, 0xFF, 0xFE, 0x00,
    0x00, 0xFF, 0xFF, 0xFF, 0xFE, 0x00, 0x00, 0xFC, 0x07, 0xC0, 0x3E, 0x00, 0x00, 0xFC, 0x07, 0xC0,
    0x3E, 0x00, 0x00, 0xFC, 0x07, 0xC0, 0x3E, 0x00, 0x00, 0xFF, 0xFF, 0xFF, 0xFE, 0x00, 0x00, 0xFF,
    0xFF, 0xFF, 0xFE, 0x00, 0x00, 0xFF, 0xFF, 0xFF, 0xFE, 0x00, 0x00, 0x00, 0x07, 0xC0, 0x00, 0x00,
    0x00, 0x00, 0x07, 0xC0, 0x00, 0x00, 0x01, 0xFF, 0xFF, 0xFF, 0xFF, 0x00, 0x01, 0xFF, 0xFF, 0xFF,
    0xFF, 0x00, 0x01, 0xFF, 0xFF, 0xFF, 0xFF, 0x00, 0x00, 0x00, 0x07, 0xC0, 0x00, 0x00, 0x00, 0x00,
    0x07, 0xC0, 0x00, 0x00, 0x0F, 0xFF, 0xFF, 0xFF, 0xFF, 0xE0, 0x0F, 0xFF, 0xFF, 0xFF, 0xFF, 0xE0,
    0x0F, 0xFF, 0xFF, 0xFF, 0xFF, 0xE0, 0x07, 0xFF, 0xFF, 0xFF, 0xFF, 0xC0, 0x00, 0x00, 0x00, 0x00,
    0x00, 0x00, 0x00, 0x00, 0x00, 0x00, 0x00, 0x00, 0x00, 0x00, 0x00, 0x00, 0x00, 0x00, 0x00, 0x00,
    0x00, 0x00, 0x00, 0x00, 0x00, 0x00, 0x00, 0x00, 0x00, 0x00, 0x00, 0x00, 0x00, 0x00, 0x00, 0x00,
  } },
  { 0x65B0, 48, {
    0x00, 0x00, 0x00, 0x00, 0x00, 0x00, 0x00, 0x00, 0x00, 0x00, 0x00, 0x00, 0x00, 0x00, 0x00, 0x00,
    0x00, 0x00, 0x00, 0x00, 0x00, 0x00, 0x00, 0x00, 0x00, 0x07, 0x80, 0x00, 0x03, 0x80, 0x00, 0x1F,
    0x80, 0x00, 0x3F, 0x80, 0x00, 0x0F, 0xC0, 0x0F, 0xFF, 0xC0, 0x07, 0xFF, 0xFF, 0x3F, 0xFF, 0xC0,
    0x07, 0xFF, 0xFF, 0x3F, 0xFF, 0xC0, 0x07, 0xFF, 0xFF, 0x3F, 0xFF, 0x80, 0x07, 0xFF, 0xFF, 0x3F,
    0xF8, 0x00, 0x00, 0x70, 0x38, 0x3E, 0x00, 0x00, 0x01, 0xF0, 0x7C, 0x3E, 0x00, 0x00, 0x01, 0xF8,
    0x7E, 0x3E, 0x00, 0x00, 0x00, 0xF8, 0xFC, 0x3E, 0x00, 0x00, 0x00, 0xFC, 0xFC, 0x3E, 0x00, 0x00,
    0x07, 0xFF, 0xFF, 0xBF, 0xFF, 0xE0, 0x07, 0xFF, 0xFF, 0xBF, 0xFF, 0xE0, 0x07, 0xFF, 0xFF, 0xBF,
    0xFF, 0xE0, 0x07, 0xFF, 0xFF, 0xBF, 0xFF, 0xE0, 0x00, 0x0F, 0xC0, 0x3F, 0xFF, 0xE0, 0x00, 0x0F,
    0xC0, 0x3E, 0x3F, 0x00, 0x07, 0xFF, 0xFF, 0x3E, 0x3F, 0x00, 0x07, 0xFF, 0xFF, 0x3E, 0x3F, 0x00,
    0x07, 0xFF, 0xFF, 0x3E, 0x3F, 0x00, 0x07, 0xFF, 0xFF, 0x3E, 0x3F, 0x00, 0x01, 0x0F, 0xC4, 0x3E,
    0x3F, 0x00, 0x01, 0xEF, 0xDC, 0x3E, 0x3F, 0x00, 0x01, 0xFF, 0xFC, 0x3E, 0x3F, 0x00, 0x03, 0xEF,
    0xFE, 0x7E, 0x3F, 0x00, 0x03, 0xEF, 0xDE, 0x7E, 0x3F, 0x00, 0x03, 0xEF, 0xDF, 0x7E, 0x3F, 0x00,
    0x07, 0xCF, 0xCF, 0x7C, 0x3F, 0x00, 0x07, 0xCF, 0xCC, 0xFC, 0x3F, 0x00, 0x0F, 0xCF, 0xC1, 0xFC,
    0x3F, 0x00, 0x07, 0xFF, 0xC1, 0xFC, 0x3F, 0x00, 0x01, 0xFF, 0xC3, 0xF8, 0x3F, 0x00, 0x00, 0x7F,
    0x87, 0xF8, 0x3F, 0x00, 0x00, 0x7F, 0x83, 0xF0, 0x3F, 0x00, 0x00, 0x3E, 0x01, 0xF0, 0x3F, 0x00,
    0x00, 0x00, 0x00, 0xE0, 0x3F, 0x00, 0x00, 0x00, 0x00, 0x60, 0x3F, 0x00, 0x00, 0x00, 0x00, 0x00,
    0x00, 0x00, 0x00, 0x00, 0x00, 0x00, 0x00, 0x00, 0x00, 0x00, 0x00, 0x00, 0x00, 0x00, 0x00, 0x00,
    0x00, 0x00, 0x00, 0x00, 0x00, 0x00, 0x00, 0x00, 0x00, 0x00, 0x00, 0x00, 0x00, 0x00, 0x00, 0x00,
  } },
  { 0x8FD4, 48, {
    0x00, 0x00, 0x00, 0x00, 0x00, 0x00, 0x00, 0x00, 0x00, 0x00, 0x00, 0x00, 0x00, 0x00, 0x00, 0x00,
    0x00, 0x00, 0x00, 0x00, 0x00, 0x00, 0x00, 0x00, 0x00, 0x00, 0x00, 0x00, 0x00, 0x00, 0x00, 0x60,
    0x00, 0x00, 0x00, 0x00, 0x01, 0xF0, 0x00, 0x00, 0x1F, 0x00, 0x03, 0xF0, 0x01, 0xFF, 0xFF, 0x00,
    0x03, 0xF8, 0x7F, 0xFF, 0xFF, 0x80, 0x01, 0xFC, 0x7F, 0xFF, 0xFF, 0x80, 0x00, 0xFE, 0x7F, 0xFF,
    0xFF, 0xC0, 0x00, 0xFF, 0x7F, 0xFF, 0xFC, 0x00, 0x00, 0x7E, 0x7F, 0x80, 0x00, 0x00, 0x00, 0x3C,
    0x7E, 0x00, 0x00, 0x00, 0x00, 0x30, 0x7E, 0x00, 0x00, 0x00, 0x00, 0x00, 0x7F, 0xFF, 0xFF, 0x80,
    0x00, 0x00, 0x7F, 0xFF, 0xFF, 0x80, 0x00, 0x00, 0x7F, 0xFF, 0xFF, 0x80, 0x07, 0xFC, 0x7F, 0xFF,
    0xFF, 0x80, 0x07, 0xFC, 0x7F, 0xFF, 0xFF, 0x80, 0x07, 0xFC, 0x7E, 0x00, 0x3F, 0x00, 0x07, 0xFC,
    0x7E, 0x60, 0x3F, 0x00, 0x07, 0xFC, 0x7E, 0xF8, 0x7E, 0x00, 0x00, 0xFC, 0x7D, 0xFC, 0xFE, 0x00,
    0x00, 0xFC, 0xFD, 0xFF, 0xFC, 0x00, 0x00, 0xFC, 0xFC, 0xFF, 0xFC, 0x00, 0x00, 0xFC, 0xFC, 0x3F,
    0xF8, 0x00, 0x00, 0xFD, 0xF8, 0x1F, 0xF0, 0x00, 0x00, 0xFF, 0xF8, 0x3F, 0xF8, 0x00, 0x00, 0xFF,
    0xF0, 0xFF, 0xFC, 0x00, 0x00, 0xFF, 0xF3, 0xFF, 0xFF, 0x00, 0x00, 0xFD, 0xFF, 0xFF, 0xFF, 0x80,
    0x00, 0xFC, 0xEF, 0xFE, 0x7F, 0xC0, 0x01, 0xFE, 0x47, 0xF8, 0x1F, 0x80, 0x03, 0xFF, 0x03, 0xE0,
    0x0F, 0x00, 0x07, 0xFF, 0xE3, 0x80, 0x06, 0x00, 0x0F, 0xFF, 0xFF, 0xFF, 0xFF, 0xE0, 0x07, 0xFF,
    0xFF, 0xFF, 0xFF, 0xC0, 0x07, 0xCF, 0xFF, 0xFF, 0xFF, 0xC0, 0x03, 0x83, 0xFF, 0xFF, 0xFF, 0x80,
    0x03, 0x00, 0xFF, 0xFF, 0xFF, 0x80, 0x02, 0x00, 0x00, 0x00, 0x00, 0x00, 0x00, 0x00, 0x00, 0x00,
    0x00, 0x00, 0x00, 0x00, 0x00, 0x00, 0x00, 0x00, 0x00, 0x00, 0x00, 0x00, 0x00, 0x00, 0x00, 0x00,
    0x00, 0x00, 0x00, 0x00, 0x00, 0x00, 0x00, 0x00, 0x00, 0x00, 0x00, 0x00, 0x00, 0x00, 0x00, 0x00,
  } },
  { 0x56DE, 48, {
    0x00, 0x00, 0x00, 0x00, 0x00, 0x00, 0x00, 0x00, 0x00, 0x00, 0x00, 0x00, 0x00, 0x00, 0x00, 0x00,
    0x00, 0x00, 0x00, 0x00, 0x00, 0x00, 0x00, 0x00, 0x00, 0x00, 0x00, 0x00, 0x00, 0x00, 0x00, 0x00,
    0x00, 0x00, 0x00, 0x00, 0x03, 0xFF, 0xFF, 0xFF, 0xFF, 0x80, 0x03, 0xFF, 0xFF, 0xFF, 0xFF, 0x80,
    0x03, 0xFF, 0xFF, 0xFF, 0xFF, 0x80, 0x03, 0xFF, 0xFF, 0xFF, 0xFF, 0x80, 0x03, 0xFF, 0xFF, 0xFF,
    0xFF, 0x80, 0x03, 0xF0, 0x00, 0x00, 0x1F, 0x80, 0x03, 0xF0, 0x00, 0x00, 0x1F, 0x80, 0x03, 0xF0,
    0x00, 0x00, 0x1F, 0x80, 0x03, 0xF0, 0x00, 0x00, 0x1F, 0x80, 0x03, 0xF1, 0xFF, 0xFF, 0x1F, 0x80,
    0x03, 0xF1, 0xFF, 0xFF, 0x1F, 0x80, 0x03, 0xF1, 0xFF, 0xFF, 0x1F, 0x80, 0x03, 0xF1, 0xFF, 0xFF,
    0x1F, 0x80, 0x03, 0xF1, 0xFF, 0xFF, 0x1F, 0x80, 0x03, 0xF1, 0xF0, 0x1F, 0x1F, 0x80, 0x03, 0xF1,
    0xF0, 0x1F, 0x1F, 0x80, 0x03, 0xF1, 0xF0, 0x1F, 0x1F, 0x80, 0x03, 0xF1, 0xF0, 0x1F, 0x1F, 0x80,
    0x03, 0xF1, 0xF0, 0x1F, 0x1F, 0x80, 0x03, 0xF1, 0xF0, 0x1F, 0x1F, 0x80, 0x03, 0xF1, 0xFF, 0xFF,
    0x1F, 0x80, 0x03, 0xF1, 0xFF, 0xFF, 0x1F, 0x80, 0x03, 0xF1, 0xFF, 0xFF, 0x1F, 0x80, 0x03, 0xF1,
    0xFF, 0xFF, 0x1F, 0x80, 0x03, 0xF1, 0xFF, 0xFF, 0x1F, 0x80, 0x03, 0xF0, 0x00, 0x00, 0x1F, 0x80,
    0x03, 0xF0, 0x00, 0x00, 0x1F, 0x80, 0x03, 0xF0, 0x00, 0x00, 0x1F, 0x80, 0x03, 0xF0, 0x00, 0x00,
    0x1F, 0x80, 0x03, 0xFF, 0xFF, 0xFF, 0xFF, 0x80, 0x03, 0xFF, 0xFF, 0xFF, 0xFF, 0x80, 0x03, 0xFF,
    0xFF, 0xFF, 0xFF, 0x80, 0x03, 0xFF, 0xFF, 0xFF, 0xFF, 0x80, 0x03, 0xFF, 0xFF, 0xFF, 0xFF, 0x80,
    0x03, 0xF0, 0x00, 0x00, 0x1F, 0x80, 0x00, 0x00, 0x00, 0x00, 0x00, 0x00, 0x00, 0x00, 0x00, 0x00,
    0x00, 0x00, 0x00, 0x00, 0x00, 0x00, 0x00, 0x00, 0x00, 0x00, 0x00, 0x00, 0x00, 0x00, 0x00, 0x00,
    0x00, 0x00, 0x00, 0x00, 0x00, 0x00, 0x00, 0x00, 0x00, 0x00, 0x00, 0x00, 0x00, 0x00, 0x00, 0x00,
  } },
  { 0x64CD, 48, {
    0x00, 0x00, 0x00, 0x00, 0x00, 0x00, 0x00, 0x00, 0x00, 0x00, 0x00, 0x00, 0x00, 0x00, 0x00, 0x00,
    0x00, 0x00, 0x00, 0x00, 0x00, 0x00, 0x00, 0x00, 0x00, 0x00, 0x00, 0x00, 0x00, 0x00, 0x00, 0xF8,
    0x00, 0x00, 0x00, 0x00, 0x00, 0xF8, 0x3F, 0xFF, 0xFE, 0x00, 0x00, 0xF8, 0x3F, 0xFF, 0xFE, 0x00,
    0x00, 0xF8, 0x3F, 0xFF, 0xFE, 0x00, 0x00, 0xF8, 0x3F, 0xFF, 0xFE, 0x00, 0x00, 0xF8, 0x3F, 0x00,
    0x3E, 0x00, 0x00, 0xF8, 0x3F, 0x00, 0x3E, 0x00, 0x07, 0xFF, 0xBF, 0xFF, 0xFE, 0x00, 0x07, 0xFF,
    0xBF, 0xFF, 0xFE, 0x00, 0x07, 0xFF, 0xBF, 0xFF, 0xFE, 0x00, 0x07, 0xFF, 0x9F, 0xFF, 0xFE, 0x00,
    0x07, 0xFF, 0x00, 0x00, 0x00, 0x00, 0x00, 0xF8, 0x7F, 0xF3, 0xFF, 0x80, 0x00, 0xF8, 0x7F, 0xF3,
    0xFF, 0x80, 0x00, 0xF8, 0x7F, 0xF3, 0xFF, 0x80, 0x00, 0xF8, 0x79, 0xF3, 0xC7, 0x80, 0x00, 0xFF,
    0x78, 0xF3, 0xC7, 0x80, 0x00, 0xFF, 0x78, 0xF3, 0xC7, 0x80, 0x07, 0xFF, 0x7F, 0xF3, 0xFF, 0x80,
    0x0F, 0xFF, 0x7F, 0xF3, 0xFF, 0x80, 0x0F, 0xFF, 0x7F, 0xF3, 0xFF, 0x80, 0x0F, 0xFE, 0x00, 0x00,
    0x00, 0x00, 0x07, 0xF8, 0x00, 0x3E, 0x00, 0x00, 0x07, 0xF8, 0xFF, 0xFF, 0xFF, 0xC0, 0x00, 0xF8,
    0xFF, 0xFF, 0xFF, 0xC0, 0x00, 0xF8, 0xFF, 0xFF, 0xFF, 0xC0, 0x00, 0xF8, 0xFF, 0xFF, 0xFF, 0xC0,
    0x00, 0xF8, 0x01, 0xFF, 0xC0, 0x00, 0x00, 0xF8, 0x07, 0xFF, 0xE0, 0x00, 0x00, 0xF8, 0x0F, 0xFF,
    0xF8, 0x00, 0x00, 0xF8, 0x3F, 0xBE, 0xFE, 0x00, 0x00, 0xF8, 0xFF, 0x3E, 0x7F, 0x80, 0x07, 0xF9,
    0xFE, 0x3E, 0x3F, 0xC0, 0x07, 0xF9, 0xFC, 0x3E, 0x1F, 0xC0, 0x07, 0xF8, 0xF0, 0x3E, 0x07, 0x80,
    0x07, 0xF0, 0x60, 0x3E, 0x03, 0x00, 0x07, 0xE0, 0x00, 0x3E, 0x00, 0x00, 0x00, 0x00, 0x00, 0x00,
    0x00, 0x00, 0x00, 0x00, 0x00, 0x00, 0x00, 0x00, 0x00, 0x00, 0x00, 0x00, 0x00, 0x00, 0x00, 0x00,
    0x00, 0x00, 0x00, 0x00, 0x00, 0x00, 0x00, 0x00, 0x00, 0x00, 0x00, 0x00, 0x00, 0x00, 0x00, 0x00,
  } },
  { 0x4F5C, 48, {
    0x00, 0x00, 0x00, 0x00, 0x00, 0x00, 0x00, 0x00, 0x00, 0x00, 0x00, 0x00, 0x00, 0x00, 0x00, 0x00,
    0x00, 0x00, 0x00, 0x00, 0x00, 0x00, 0x00, 0x00, 0x00, 0x00, 0x00, 0x00, 0x00, 0x00, 0x00, 0x00,
    0x00, 0x00, 0x00, 0x00, 0x00, 0x0E, 0x03, 0x80, 0x00, 0x00, 0x00, 0x1F, 0x87, 0xE0, 0x00, 0x00,
    0x00, 0x1F, 0x87, 0xE0, 0x00, 0x00, 0x00, 0x1F, 0x87, 0xC0, 0x00, 0x00, 0x00, 0x3F, 0x0F, 0xC0,
    0x00, 0x00, 0x00, 0x3F, 0x0F, 0xC0, 0x00, 0x00, 0x00, 0x7E, 0x1F, 0xFF, 0xFF, 0xE0, 0x00, 0x7E,
    0x1F, 0xFF, 0xFF, 0xE0, 0x00, 0x7E, 0x3F, 0xFF, 0xFF, 0xE0, 0x00, 0xFE, 0x3F, 0xFF, 0xFF, 0xE0,
    0x00, 0xFE, 0x7F, 0xFF, 0xFF, 0xE0, 0x01, 0xFE, 0x7E, 0xFC, 0x00, 0x00, 0x01, 0xFE, 0xFE, 0xFC,
    0x00, 0x00, 0x03, 0xFF, 0xFC, 0xFC, 0x00, 0x00, 0x07, 0xFF, 0xFC, 0xFC, 0x00, 0x00, 0x07, 0xFE,
    0xF8, 0xFF, 0xFF, 0x00, 0x0F, 0xFE, 0xF0, 0xFF, 0xFF, 0x00, 0x07, 0xFE, 0x70, 0xFF, 0xFF, 0x00,
    0x07, 0xFE, 0x20, 0xFF, 0xFF, 0x00, 0x07, 0xFE, 0x00, 0xFF, 0xFF, 0x00, 0x07, 0x7E, 0x00, 0xFC,
    0x00, 0x00, 0x06, 0x7E, 0x00, 0xFC, 0x00, 0x00, 0x00, 0x7E, 0x00, 0xFC, 0x00, 0x00, 0x00, 0x7E,
    0x00, 0xFC, 0x00, 0x00, 0x00, 0x7E, 0x00, 0xFF, 0xFF, 0x80, 0x00, 0x7E, 0x00, 0xFF, 0xFF, 0x80,
    0x00, 0x7E, 0x00, 0xFF, 0xFF, 0x80, 0x00, 0x7E, 0x00, 0xFF, 0xFF, 0x80, 0x00, 0x7E, 0x00, 0xFF,
    0xFF, 0x80, 0x00, 0x7E, 0x00, 0xFC, 0x00, 0x00, 0x00, 0x7E, 0x00, 0xFC, 0x00, 0x00, 0x00, 0x7E,
    0x00, 0xFC, 0x00, 0x00, 0x00, 0x7E, 0x00, 0xFC, 0x00, 0x00, 0x00, 0x7E, 0x00, 0xFC, 0x00, 0x00,
    0x00, 0x7E, 0x00, 0xFC, 0x00, 0x00, 0x00, 0x7E, 0x00, 0xFC, 0x00, 0x00, 0x00, 0x00, 0x00, 0x00,
    0x00, 0x00, 0x00, 0x00, 0x00, 0x00, 0x00, 0x00, 0x00, 0x00, 0x00, 0x00, 0x00, 0x00, 0x00, 0x00,
    0x00, 0x00, 0x00, 0x00, 0x00, 0x00, 0x00, 0x00, 0x00, 0x00, 0x00, 0x00, 0x00, 0x00, 0x00, 0x00,
  } },
  { 0x5931, 48, {
    0x00, 0x00, 0x00, 0x00, 0x00, 0x00, 0x00, 0x00, 0x00, 0x00, 0x00, 0x00, 0x00, 0x00, 0x00, 0x00,
    0x00, 0x00, 0x00, 0x00, 0x00, 0x00, 0x00, 0x00, 0x00, 0x00, 0x00, 0x00, 0x00, 0x00, 0x00, 0x00,
    0x07, 0xE0, 0x00, 0x00, 0x00, 0x1E, 0x07, 0xE0, 0x00, 0x00, 0x00, 0x1F, 0x87, 0xE0, 0x00, 0x00,
    0x00, 0x1F, 0x07, 0xE0, 0x00, 0x00, 0x00, 0x3F, 0x07, 0xE0, 0x00, 0x00, 0x00, 0x3F, 0x07, 0xE0,
    0x00, 0x00, 0x00, 0x3E, 0x07, 0xE0, 0x00, 0x00, 0x00, 0x7F, 0xFF, 0xFF, 0xFF, 0x00, 0x00, 0x7F,
    0xFF, 0xFF, 0xFF, 0x00, 0x00, 0xFF, 0xFF, 0xFF, 0xFF, 0x00, 0x00, 0xFF, 0xFF, 0xFF, 0xFF, 0x00,
    0x00, 0xFF, 0xFF, 0xFF, 0xFF, 0x00, 0x01, 0xF8, 0x07, 0xE0, 0x00, 0x00, 0x03, 0xF8, 0x07, 0xE0,
    0x00, 0x00, 0x03, 0xF0, 0x07, 0xE0, 0x00, 0x00, 0x00, 0xF0, 0x07, 0xE0, 0x00, 0x00, 0x00, 0x20,
    0x0F, 0xC0, 0x00, 0x00, 0x00, 0x00, 0x0F, 0xC0, 0x00, 0x00, 0x07, 0xFF, 0xFF, 0xFF, 0xFF, 0xC0,
    0x07, 0xFF, 0xFF, 0xFF, 0xFF, 0xC0, 0x07, 0xFF, 0xFF, 0xFF, 0xFF, 0xC0, 0x07, 0xFF, 0xFF, 0xFF,
    0xFF, 0xC0, 0x07, 0xFF, 0xFF, 0xFF, 0xFF, 0xC0, 0x00, 0x00, 0x3F, 0xF8, 0x00, 0x00, 0x00, 0x00,
    0x3F, 0xF8, 0x00, 0x00, 0x00, 0x00, 0x7F, 0xFC, 0x00, 0x00, 0x00, 0x00, 0xFE, 0xFE, 0x00, 0x00,
    0x00, 0x01, 0xFC, 0x7F, 0x80, 0x00, 0x00, 0x07, 0xFC, 0x3F, 0xC0, 0x00, 0x00, 0x1F, 0xF8, 0x1F,
    0xF0, 0x00, 0x00, 0x7F, 0xF0, 0x0F, 0xFC, 0x00, 0x01, 0xFF, 0xE0, 0x07, 0xFF, 0x80, 0x07, 0xFF,
    0x80, 0x03, 0xFF, 0xC0, 0x03, 0xFF, 0x00, 0x01, 0xFF, 0x80, 0x01, 0xFC, 0x00, 0x00, 0x7F, 0x00,
    0x00, 0xF8, 0x00, 0x00, 0x3E, 0x00, 0x00, 0xE0, 0x00, 0x00, 0x0E, 0x00, 0x00, 0x00, 0x00, 0x00,
    0x00, 0x00, 0x00, 0x00, 0x00, 0x00, 0x00, 0x00, 0x00, 0x00, 0x00, 0x00, 0x00, 0x00, 0x00, 0x00,
    0x00, 0x00, 0x00, 0x00, 0x00, 0x00, 0x00, 0x00, 0x00, 0x00, 0x00, 0x00, 0x00, 0x00, 0x00, 0x00,
  } },
  { 0x8D25, 48, {
    0x00, 0x00, 0x00, 0x00, 0x00, 0x00, 0x00, 0x00, 0x00, 0x00, 0x00, 0x00, 0x00, 0x00, 0x00, 0x00,
    0x00, 0x00, 0x00, 0x00, 0x00, 0x00, 0x00, 0x00, 0x00, 0x00, 0x00, 0x00, 0x00, 0x00, 0x00, 0x00,
    0x00, 0x1C, 0x00, 0x00, 0x00, 0x00, 0x00, 0x1F, 0x00, 0x00, 0x03, 0xFF, 0xFC, 0x3F, 0x00, 0x00,
    0x03, 0xFF, 0xFC, 0x3F, 0x00, 0x00, 0x03, 0xFF, 0xFC, 0x3E, 0x00, 0x00, 0x03, 0xFF, 0xFC, 0x7F,
    0xFF, 0xE0, 0x03, 0xE0, 0x7C, 0x7F, 0xFF, 0xE0, 0x03, 0xE0, 0x3C, 0xFF, 0xFF, 0xE0, 0x03, 0xEF,
    0x3C, 0xFF, 0xFF, 0xE0, 0x03, 0xEF, 0x3D, 0xFF, 0xFF, 0xE0, 0x03, 0xEF, 0x3D, 0xF8, 0x1F, 0x00,
    0x03, 0xEF, 0x3F, 0xF8, 0x1F, 0x00, 0x03, 0xEF, 0x3F, 0xF8, 0x1F, 0x00, 0x03, 0xEF, 0x3F, 0xF8,
    0x1F, 0x00, 0x03, 0xEF, 0x3F, 0xFC, 0x3F, 0x00, 0x03, 0xEF, 0x3F, 0xFC, 0x3F, 0x00, 0x03, 0xEF,
    0x3F, 0xFC, 0x3E, 0x00, 0x03, 0xEF, 0x3D, 0xFC, 0x3E, 0x00, 0x03, 0xEF, 0x3D, 0xFE, 0x7E, 0x00,
    0x03, 0xEF, 0x3C, 0x3E, 0x7E, 0x00, 0x03, 0xEF, 0x3C, 0x3E, 0x7C, 0x00, 0x03, 0xEF, 0x3C, 0x3F,
    0xFC, 0x00, 0x03, 0xEF, 0x3C, 0x1F, 0xF8, 0x00, 0x03, 0xEF, 0x3C, 0x1F, 0xF8, 0x00, 0x03, 0xFF,
    0x3C, 0x1F, 0xF8, 0x00, 0x00, 0x1F, 0xC0, 0x0F, 0xF0, 0x00, 0x00, 0x1F, 0xE0, 0x0F, 0xF0, 0x00,
    0x00, 0x3F, 0xF0, 0x0F, 0xF0, 0x00, 0x00, 0x7F, 0xF8, 0x3F, 0xF8, 0x00, 0x00, 0x7D, 0xFC, 0x7F,
    0xFE, 0x00, 0x00, 0xFC, 0xFF, 0xFF, 0xFF, 0x00, 0x01, 0xF8, 0x7F, 0xFF, 0xFF, 0xC0, 0x07, 0xF0,
    0x3F, 0xFE, 0x7F, 0xC0, 0x07, 0xF0, 0x1F, 0xF8, 0x3F, 0xC0, 0x07, 0xE0, 0x03, 0xF0, 0x1F, 0x80,
    0x03, 0xC0, 0x01, 0xE0, 0x07, 0x00, 0x01, 0x00, 0x01, 0x80, 0x03, 0x00, 0x00, 0x00, 0x00, 0x00,
    0x00, 0x00, 0x00, 0x00, 0x00, 0x00, 0x00, 0x00, 0x00, 0x00, 0x00, 0x00, 0x00, 0x00, 0x00, 0x00,
    0x00, 0x00, 0x00, 0x00, 0x00, 0x00, 0x00, 0x00, 0x00, 0x00, 0x00, 0x00, 0x00, 0x00, 0x00, 0x00,
  } },
  { 0x5B8C, 48, {
    0x00, 0x00, 0x00, 0x00, 0x00, 0x00, 0x00, 0x00, 0x00, 0x00, 0x00, 0x00, 0x00, 0x00, 0x00, 0x00,
    0x00, 0x00, 0x00, 0x00, 0x00, 0x00, 0x00, 0x00, 0x00, 0x00, 0x00, 0x00, 0x00, 0x00, 0x00, 0x00,
    0x07, 0xC0, 0x00, 0x00, 0x00, 0x00, 0x1F, 0xC0, 0x00, 0x00, 0x00, 0x00, 0x0F, 0xE0, 0x00, 0x00,
    0x00, 0x00, 0x0F, 0xE0, 0x00, 0x00, 0x03, 0xFF, 0xFF, 0xFF, 0xFF, 0x80, 0x03, 0xFF, 0xFF, 0xFF,
    0xFF, 0x80, 0x03, 0xFF, 0xFF, 0xFF, 0xFF, 0x80, 0x03, 0xFF, 0xFF, 0xFF, 0xFF, 0x80, 0x03, 0xFF,
    0xFF, 0xFF, 0xFF, 0x80, 0x03, 0xF0, 0x00, 0x00, 0x1F, 0x80, 0x03, 0xF0, 0x00, 0x00, 0x1F, 0x80,
    0x03, 0xF0, 0x00, 0x00, 0x1F, 0x80, 0x00, 0x00, 0x00, 0x00, 0x00, 0x00, 0x00, 0x3F, 0xFF, 0xFF,
    0xFC, 0x00, 0x00, 0x3F, 0xFF, 0xFF, 0xFC, 0x00, 0x00, 0x3F, 0xFF, 0xFF, 0xFC, 0x00, 0x00, 0x3F,
    0xFF, 0xFF, 0xFC, 0x00, 0x00, 0x3F, 0xFF, 0xFF, 0xFC, 0x00, 0x00, 0x00, 0x00, 0x00, 0x00, 0x00,
    0x00, 0x00, 0x00, 0x00, 0x00, 0x00, 0x07, 0xFF, 0xFF, 0xFF, 0xFF, 0xC0, 0x07, 0xFF, 0xFF, 0xFF,
    0xFF, 0xC0, 0x07, 0xFF, 0xFF, 0xFF, 0xFF, 0xC0, 0x07, 0xFF, 0xFF, 0xFF, 0xFF, 0xC0, 0x03, 0xFF,
    0xFF, 0xFF, 0xFF, 0xC0, 0x00, 0x01, 0xF8, 0x7E, 0x00, 0x00, 0x00, 0x03, 0xF0, 0x7E, 0x06, 0x00,
    0x00, 0x03, 0xF0, 0x7E, 0x07, 0xC0, 0x00, 0x07, 0xF0, 0x7E, 0x07, 0xC0, 0x00, 0x0F, 0xF0, 0x7E,
    0x0F, 0xC0, 0x00, 0x1F, 0xE0, 0x7E, 0x0F, 0xC0, 0x00, 0x7F, 0xC0, 0x7E, 0x1F, 0xC0, 0x03, 0xFF,
    0xC0, 0x7F, 0xFF, 0xC0, 0x07, 0xFF, 0x80, 0x7F, 0xFF, 0x80, 0x03, 0xFE, 0x00, 0x7F, 0xFF, 0x80,
    0x01, 0xFC, 0x00, 0x3F, 0xFF, 0x00, 0x01, 0xF0, 0x00, 0x0F, 0xFC, 0x00, 0x00, 0xC0, 0x00, 0x00,
    0x00, 0x00, 0x00, 0x00, 0x00, 0x00, 0x00, 0x00, 0x00, 0x00, 0x00, 0x00, 0x00, 0x00, 0x00, 0x00,
    0x00, 0x00, 0x00, 0x00, 0x00, 0x00, 0x00, 0x00, 0x00, 0x00, 0x00, 0x00, 0x00, 0x00, 0x00, 0x00,
  } },
  { 0x6210, 48, {
    0x00, 0x00, 0x00, 0x00, 0x00, 0x00, 0x00, 0x00, 0x00, 0x00, 0x00, 0x00, 0x00, 0x00, 0x00, 0x00,
    0x00, 0x00, 0x00, 0x00, 0x00, 0x00, 0x00, 0x00, 0x00, 0x00, 0x00, 0x00, 0x00, 0x00, 0x00, 0x00,
    0x00, 0x7E, 0x0C, 0x00, 0x00, 0x00, 0x00, 0x7E, 0x3C, 0x00, 0x00, 0x00, 0x00, 0x7E, 0x7E, 0x00,
    0x00, 0x00, 0x00, 0x7E, 0x3F, 0x00, 0x00, 0x00, 0x00, 0x7E, 0x1F, 0x80, 0x00, 0x00, 0x00, 0x7E,
    0x1E, 0x00, 0x00, 0xFF, 0xFF, 0xFF, 0xFF, 0xC0, 0x00, 0xFF, 0xFF, 0xFF, 0xFF, 0xC0, 0x00, 0xFF,
    0xFF, 0xFF, 0xFF, 0xC0, 0x00, 0xFF, 0xFF, 0xFF, 0xFF, 0xC0, 0x00, 0xFF, 0xFF, 0xFF, 0xFF, 0xC0,
    0x00, 0xF8, 0x00, 0x3E, 0x00, 0x00, 0x00, 0xF8, 0x00, 0x3E, 0x0C, 0x00, 0x00, 0xF8, 0x00, 0x3E,
    0x1F, 0x00, 0x00, 0xF8, 0x00, 0x3E, 0x1F, 0x80, 0x00, 0xFF, 0xFF, 0x3E, 0x3F, 0x80, 0x00, 0xFF,
    0xFF, 0x3F, 0x3F, 0x00, 0x00, 0xFF, 0xFF, 0x3F, 0x7F, 0x00, 0x00, 0xFF, 0xFF, 0x3F, 0x7E, 0x00,
    0x01, 0xFF, 0xFF, 0x3F, 0xFE, 0x00, 0x01, 0xF8, 0x3F, 0x3F, 0xFC, 0x00, 0x01, 0xF8, 0x3F, 0x1F,
    0xF8, 0x00, 0x01, 0xF8, 0x3F, 0x1F, 0xF8, 0x00, 0x01, 0xF8, 0x3F, 0x1F, 0xF0, 0x00, 0x01, 0xF8,
    0x3E, 0x1F, 0xF6, 0x00, 0x01, 0xF8, 0x3E, 0x1F, 0xE7, 0x80, 0x01, 0xF8, 0x7E, 0x1F, 0xC7, 0xE0,
    0x01, 0xF7, 0xFE, 0x3F, 0xC7, 0xE0, 0x03, 0xF7, 0xFE, 0x7F, 0xC7, 0xE0, 0x03, 0xF7, 0xFC, 0xFF,
    0xE7, 0xC0, 0x03, 0xF7, 0xFD, 0xFF, 0xEF, 0xC0, 0x07, 0xF7, 0xFB, 0xFF, 0xFF, 0xC0, 0x07, 0xE0,
    0x07, 0xFB, 0xFF, 0xC0, 0x07, 0xE0, 0x0F, 0xF1, 0xFF, 0x80, 0x03, 0xE0, 0x07, 0xE0, 0xFF, 0x80,
    0x01, 0xC0, 0x03, 0xC0, 0x7F, 0x00, 0x00, 0xC0, 0x01, 0x80, 0x3E, 0x00, 0x00, 0x00, 0x00, 0x00,
    0x00, 0x00, 0x00, 0x00, 0x00, 0x00, 0x00, 0x00, 0x00, 0x00, 0x00, 0x00, 0x00, 0x00, 0x00, 0x00,
    0x00, 0x00, 0x00, 0x00, 0x00, 0x00, 0x00, 0x00, 0x00, 0x00, 0x00, 0x00, 0x00, 0x00, 0x00, 0x00,
  } },
  { 0x6B63, 48, {
    0x00, 0x00, 0x00, 0x00, 0x00, 0x00, 0x00, 0x00, 0x00, 0x00, 0x00, 0x00, 0x00, 0x00, 0x00, 0x00,
    0x00, 0x00, 0x00, 0x00, 0x00, 0x00, 0x00, 0x00, 0x00, 0x00, 0x00, 0x00, 0x00, 0x00, 0x00, 0x00,
    0x00, 0x00, 0x00, 0x00, 0x03, 0xFF, 0xFF, 0xFF, 0xFF, 0x80, 0x03, 0xFF, 0xFF, 0xFF, 0xFF, 0x80,
    0x03, 0xFF, 0xFF, 0xFF, 0xFF, 0x80, 0x03, 0xFF, 0xFF, 0xFF, 0xFF, 0x80, 0x03, 0xFF, 0xFF, 0xFF,
    0xFF, 0x80, 0x00, 0x00, 0x03, 0xF8, 0x00, 0x00, 0x00, 0x00, 0x03, 0xF8, 0x00, 0x00, 0x00, 0x00,
    0x03, 0xF8, 0x00, 0x00, 0x00, 0x00, 0x03, 0xF8, 0x00, 0x00, 0x00, 0x3F, 0x03, 0xF8, 0x00, 0x00,
    0x00, 0x3F, 0x03, 0xF8, 0x00, 0x00, 0x00, 0x3F, 0x03, 0xF8, 0x00, 0x00, 0x00, 0x3F, 0x03, 0xF8,
    0x00, 0x00, 0x00, 0x3F, 0x03, 0xF8, 0x00, 0x00, 0x00, 0x3F, 0x03, 0xFF, 0xFF, 0x00, 0x00, 0x3F,
    0x03, 0xFF, 0xFF, 0x00, 0x00, 0x3F, 0x03, 0xFF, 0xFF, 0x00, 0x00, 0x3F, 0x03, 0xFF, 0xFF, 0x00,
    0x00, 0x3F, 0x03, 0xFF, 0xFF, 0x00, 0x00, 0x3F, 0x03, 0xF8, 0x00, 0x00, 0x00, 0x3F, 0x03, 0xF8,
    0x00, 0x00, 0x00, 0x3F, 0x03, 0xF8, 0x00, 0x00, 0x00, 0x3F, 0x03, 0xF8, 0x00, 0x00, 0x00, 0x3F,
    0x03, 0xF8, 0x00, 0x00, 0x00, 0x3F, 0x03, 0xF8, 0x00, 0x00, 0x00, 0x3F, 0x03, 0xF8, 0x00, 0x00,
    0x00, 0x3F, 0x03, 0xF8, 0x00, 0x00, 0x00, 0x3F, 0x03, 0xF8, 0x00, 0x00, 0x00, 0x3F, 0x03, 0xF8,
    0x00, 0x00, 0x00, 0x3F, 0x03, 0xF8, 0x00, 0x00, 0x07, 0xFF, 0xFF, 0xFF, 0xFF, 0xC0, 0x07, 0xFF,
    0xFF, 0xFF, 0xFF, 0xC0, 0x07, 0xFF, 0xFF, 0xFF, 0xFF, 0xC0, 0x07, 0xFF, 0xFF, 0xFF, 0xFF, 0xC0,
    0x07, 0xFF, 0xFF, 0xFF, 0xFF, 0xC0, 0x00, 0x00, 0x00, 0x00, 0x00, 0x00, 0x00, 0x00, 0x00, 0x00,
    0x00, 0x00, 0x00, 0x00, 0x00, 0x00, 0x00, 0x00, 0x00, 0x00, 0x00, 0x00, 0x00, 0x00, 0x00, 0x00,
    0x00, 0x00, 0x00, 0x00, 0x00, 0x00, 0x00, 0x00, 0x00, 0x00, 0x00, 0x00, 0x00, 0x00, 0x00, 0x00,
  } },
  { 0x5728, 48, {
    0x00, 0x00, 0x00, 0x00, 0x00, 0x00, 0x00, 0x00, 0x00, 0x00, 0x00, 0x00, 0x00, 0x00, 0x00, 0x00,
    0x00, 0x00, 0x00, 0x00, 0x00, 0x00, 0x00, 0x00, 0x00, 0x00, 0x00, 0x00, 0x00, 0x00, 0x00, 0x00,
    0x7E, 0x00, 0x00, 0x00, 0x00, 0x00, 0x7E, 0x00, 0x00, 0x00, 0x00, 0x00, 0x7E, 0x00, 0x00, 0x00,
    0x00, 0x00, 0xFE, 0x00, 0x00, 0x00, 0x07, 0xFF, 0xFF, 0xFF, 0xFF, 0xC0, 0x07, 0xFF, 0xFF, 0xFF,
    0xFF, 0xC0, 0x07, 0xFF, 0xFF, 0xFF, 0xFF, 0xC0, 0x07, 0xFF, 0xFF, 0xFF, 0xFF, 0xC0, 0x07, 0xFF,
    0xFF, 0xFF, 0xFF, 0xC0, 0x00, 0x07, 0xF0, 0x00, 0x00, 0x00, 0x00, 0x07, 0xF0, 0x3F, 0x00, 0x00,
    0x00, 0x0F, 0xE0, 0x3F, 0x00, 0x00, 0x00, 0x1F, 0xC0, 0x3F, 0x00, 0x00, 0x00, 0x1F, 0xC0, 0x3F,
    0x00, 0x00, 0x00, 0x3F, 0x80, 0x3F, 0x00, 0x00, 0x00, 0x7F, 0x80, 0x3F, 0x00, 0x00, 0x00, 0xFF,
    0x00, 0x3F, 0x00, 0x00, 0x01, 0xFE, 0x3F, 0xFF, 0xFF, 0x80, 0x03, 0xFE, 0x3F, 0xFF, 0xFF, 0x80,
    0x07, 0xFE, 0x3F, 0xFF, 0xFF, 0x80, 0x0F, 0xFE, 0x3F, 0xFF, 0xFF, 0x80, 0x07, 0xFE, 0x3F, 0xFF,
    0xFF, 0x80, 0x07, 0xFE, 0x00, 0x3F, 0x00, 0x00, 0x03, 0xFE, 0x00, 0x3F, 0x00, 0x00, 0x03, 0xFE,
    0x00, 0x3F, 0x00, 0x00, 0x03, 0x7E, 0x00, 0x3F, 0x00, 0x00, 0x00, 0x7E, 0x00, 0x3F, 0x00, 0x00,
    0x00, 0x7E, 0x00, 0x3F, 0x00, 0x00, 0x00, 0x7E, 0x00, 0x3F, 0x00, 0x00, 0x00, 0x7E, 0x00, 0x3F,
    0x00, 0x00, 0x00, 0x7E, 0xFF, 0xFF, 0xFF, 0xC0, 0x00, 0x7E, 0xFF, 0xFF, 0xFF, 0xC0, 0x00, 0x7E,
    0xFF, 0xFF, 0xFF, 0xC0, 0x00, 0x7E, 0xFF, 0xFF, 0xFF, 0xC0, 0x00, 0x7E, 0xFF, 0xFF, 0xFF, 0xC0,
    0x00, 0x7E, 0x00, 0x00, 0x00, 0x00, 0x00, 0x7E, 0x00, 0x00, 0x00, 0x00, 0x00, 0x00, 0x00, 0x00,
    0x00, 0x00, 0x00, 0x00, 0x00, 0x00, 0x00, 0x00, 0x00, 0x00, 0x00, 0x00, 0x00, 0x00, 0x00, 0x00,
    0x00, 0x00, 0x00, 0x00, 0x00, 0x00, 0x00, 0x00, 0x00, 0x00, 0x00, 0x00, 0x00, 0x00, 0x00, 0x00,
  } },
  { 0x7535, 48, {
    0x00, 0x00, 0x00, 0x00, 0x00, 0x00, 0x00, 0x00, 0x00, 0x00, 0x00, 0x00, 0x00, 0x00, 0x00, 0x00,
    0x00, 0x00, 0x00, 0x00, 0x00, 0x00, 0x00, 0x00, 0x00, 0x00, 0x00, 0x00, 0x00, 0x00, 0x00, 0x00,
    0x00, 0x00, 0x00, 0x00, 0x00, 0x00, 0x1F, 0x80, 0x00, 0x00, 0x00, 0x00, 0x1F, 0x80, 0x00, 0x00,
    0x00, 0x00, 0x1F, 0x80, 0x00, 0x00, 0x00, 0x00, 0x1F, 0x80, 0x00, 0x00, 0x00, 0x00, 0x1F, 0x80,
    0x00, 0x00, 0x03, 0xFF, 0xFF, 0xFF, 0xFC, 0x00, 0x03, 0xFF, 0xFF, 0xFF, 0xFC, 0x00, 0x03, 0xFF,
    0xFF, 0xFF, 0xFC, 0x00, 0x03, 0xFF, 0xFF, 0xFF, 0xFC, 0x00, 0x03, 0xFF, 0xFF, 0xFF, 0xFC, 0x00,
    0x03, 0xF0, 0x1F, 0x80, 0xFC, 0x00, 0x03, 0xF0, 0x1F, 0x80, 0xFC, 0x00, 0x03, 0xF0, 0x1F, 0x80,
    0xFC, 0x00, 0x03, 0xFF, 0xFF, 0xFF, 0xFC, 0x00, 0x03, 0xFF, 0xFF, 0xFF, 0xFC, 0x00, 0x03, 0xFF,
    0xFF, 0xFF, 0xFC, 0x00, 0x03, 0xFF, 0xFF, 0xFF, 0xFC, 0x00, 0x03, 0xFF, 0xFF, 0xFF, 0xFC, 0x00,
    0x03, 0xF0, 0x1F, 0x80, 0xFC, 0x00, 0x03, 0xF0, 0x1F, 0x80, 0xFC, 0x00, 0x03, 0xF0, 0x1F, 0x80,
    0xFC, 0x00, 0x03, 0xF0, 0x1F, 0x80, 0xFC, 0x00, 0x03, 0xFF, 0xFF, 0xFF, 0xFC, 0x00, 0x03, 0xFF,
    0xFF, 0xFF, 0xFC, 0x00, 0x03, 0xFF, 0xFF, 0xFF, 0xFC, 0x00, 0x03, 0xFF, 0xFF, 0xFF, 0xFF, 0x00,
    0x03, 0xFF, 0xFF, 0xFF, 0xFF, 0xC0, 0x03, 0xF0, 0x1F, 0x80, 0x0F, 0xC0, 0x03, 0xF0, 0x1F, 0x80,
    0x0F, 0xC0, 0x03, 0xF0, 0x1F, 0x80, 0x0F, 0xC0, 0x00, 0x00, 0x1F, 0xC0, 0x1F, 0xC0, 0x00, 0x00,
    0x1F, 0xFF, 0xFF, 0x80, 0x00, 0x00, 0x1F, 0xFF, 0xFF, 0x80, 0x00, 0x00, 0x0F, 0xFF, 0xFF, 0x00,
    0x00, 0x00, 0x07, 0xFF, 0xFF, 0x00, 0x00, 0x00, 0x01, 0xFF, 0xFC, 0x00, 0x00, 0x00, 0x00, 0x00,
    0x00, 0x00, 0x00, 0x00, 0x00, 0x00, 0x00, 0x00, 0x00, 0x00, 0x00, 0x00, 0x00, 0x00, 0x00, 0x00,
    0x00, 0x00, 0x00, 0x00, 0x00, 0x00, 0x00, 0x00, 0x00, 0x00, 0x00, 0x00, 0x00, 0x00, 0x00, 0x00,
  } },
  { 0x6E90, 48, {
    0x00, 0x00, 0x00, 0x00, 0x00, 0x00, 0x00, 0x00, 0x00, 0x00, 0x00, 0x00, 0x00, 0x00, 0x00, 0x00,
    0x00, 0x00, 0x00, 0x00, 0x00, 0x00, 0x00, 0x00, 0x00, 0x00, 0x00, 0x00, 0x00, 0x00, 0x00, 0x80,
    0x00, 0x00, 0x00, 0x00, 0x01, 0xE1, 0xFF, 0xFF, 0xFF, 0xC0, 0x03, 0xF1, 0xFF, 0xFF, 0xFF, 0xC0,
    0x07, 0xFD, 0xFF, 0xFF, 0xFF, 0xC0, 0x01, 0xFF, 0xFF, 0xFF, 0xFF, 0xC0, 0x00, 0xFD, 0xF8, 0x1F,
    0x80, 0x00, 0x00, 0x79, 0xF0, 0x1F, 0x00, 0x00, 0x00, 0x31, 0xF0, 0x3F, 0x00, 0x00, 0x00, 0x01,
    0xF3, 0xFF, 0xFF, 0x80, 0x00, 0x01, 0xF3, 0xFF, 0xFF, 0x80, 0x01, 0x81, 0xF3, 0xFF, 0xFF, 0x80,
    0x03, 0xC1, 0xF3, 0xFF, 0xFF, 0x80, 0x07, 0xE1, 0xF3, 0xE0, 0x1F, 0x80, 0x07, 0xF1, 0xF3, 0xE0,
    0x1F, 0x80, 0x07, 0xF9, 0xF3, 0xE0, 0x1F, 0x80, 0x03, 0xFD, 0xF3, 0xFF, 0xFF, 0x80, 0x01, 0xF9,
    0xF3, 0xFF, 0xFF, 0x80, 0x00, 0xF1, 0xF3, 0xFF, 0xFF, 0x80, 0x00, 0x61, 0xF3, 0xFF, 0xFF, 0x80,
    0x00, 0x01, 0xF3, 0xE0, 0x1F, 0x80, 0x00, 0x01, 0xF3, 0xE0, 0x1F, 0x80, 0x00, 0xC1, 0xF3, 0xFF,
    0xFF, 0x80, 0x00, 0xF9, 0xF3, 0xFF, 0xFF, 0x80, 0x00, 0xFD, 0xF3, 0xFF, 0xFF, 0x80, 0x00, 0xF9,
    0xF3, 0xFF, 0xFF, 0x80, 0x00, 0xFB, 0xF0, 0x07, 0xC0, 0x00, 0x01, 0xFB, 0xF1, 0x87, 0xC4, 0x00,
    0x01, 0xFB, 0xF1, 0xE7, 0xDE, 0x00, 0x01, 0xF3, 0xE3, 0xF7, 0xFF, 0x00, 0x01, 0xF7, 0xE7, 0xE7,
    0xDF, 0x00, 0x03, 0xF7, 0xE7, 0xC7, 0xCF, 0x80, 0x03, 0xF7, 0xEF, 0xC7, 0xCF, 0xC0, 0x03, 0xEF,
    0xDF, 0xFF, 0xC7, 0xC0, 0x07, 0xEF, 0xDF, 0x7F, 0xC7, 0xE0, 0x07, 0xE7, 0xCE, 0x7F, 0xC3, 0xC0,
    0x07, 0xE3, 0x86, 0x7F, 0x83, 0x00, 0x00, 0xC1, 0x80, 0x7F, 0x00, 0x00, 0x00, 0x00, 0x00, 0x00,
    0x00, 0x00, 0x00, 0x00, 0x00, 0x00, 0x00, 0x00, 0x00, 0x00, 0x00, 0x00, 0x00, 0x00, 0x00, 0x00,
    0x00, 0x00, 0x00, 0x00, 0x00, 0x00, 0x00, 0x00, 0x00, 0x00, 0x00, 0x00, 0x00, 0x00, 0x00, 0x00,
  } },
  { 0x9879, 48, {
    0x00, 0x00, 0x00, 0x00, 0x00, 0x00, 0x00, 0x00, 0x00, 0x00, 0x00, 0x00, 0x00, 0x00, 0x00, 0x00,
    0x00, 0x00, 0x00, 0x00, 0x00, 0x00, 0x00, 0x00, 0x00, 0x00, 0x00, 0x00, 0x00, 0x00, 0x00, 0x00,
    0x00, 0x00, 0x00, 0x00, 0x00, 0x00, 0x1F, 0xFF, 0xFF, 0xC0, 0x07, 0xFF, 0x9F, 0xFF, 0xFF, 0xC0,
    0x07, 0xFF, 0x9F, 0xFF, 0xFF, 0xC0, 0x07, 0xFF, 0x9F, 0xFF, 0xFF, 0xC0, 0x07, 0xFF, 0x9F, 0xFF,
    0xFF, 0xC0, 0x07, 0xFF, 0x80, 0x3F, 0x00, 0x00, 0x00, 0xFC, 0x00, 0x3F, 0x00, 0x00, 0x00, 0xFC,
    0x00, 0x7E, 0x00, 0x00, 0x00, 0xFC, 0x3F, 0xFF, 0xFF, 0x80, 0x00, 0xFC, 0x3F, 0xFF, 0xFF, 0x80,
    0x00, 0xFC, 0x3F, 0xFF, 0xFF, 0x80, 0x00, 0xFC, 0x3F, 0xFF, 0xFF, 0x80, 0x00, 0xFC, 0x3F, 0xFF,
    0xFF, 0x80, 0x00, 0xFC, 0x3F, 0x00, 0x1F, 0x80, 0x00, 0xFC, 0x3F, 0x1F, 0x1F, 0x80, 0x00, 0xFC,
    0x3F, 0x1F, 0x9F, 0x80, 0x00, 0xFC, 0x3F, 0x1F, 0x1F, 0x80, 0x00, 0xFC, 0x3F, 0x1F, 0x1F, 0x80,
    0x00, 0xFC, 0x3F, 0x1F, 0x1F, 0x80, 0x00, 0xFC, 0x3F, 0x1F, 0x1F, 0x80, 0x00, 0xFC, 0x3F, 0x3F,
    0x1F, 0x80, 0x00, 0xFC, 0x3F, 0x3F, 0x1F, 0x80, 0x00, 0xFC, 0xFF, 0x3F, 0x1F, 0x80, 0x00, 0xFF,
    0xFF, 0x3E, 0x1F, 0x80, 0x01, 0xFF, 0xFF, 0x7F, 0x9F, 0x80, 0x0F, 0xFF, 0xFF, 0xFF, 0xDF, 0x80,
    0x07, 0xFF, 0xC0, 0xFF, 0xE0, 0x00, 0x07, 0xFF, 0xC3, 0xFF, 0xF8, 0x00, 0x07, 0xFF, 0x87, 0xFB,
    0xFC, 0x00, 0x07, 0xF8, 0x1F, 0xF1, 0xFF, 0x00, 0x07, 0x00, 0xFF, 0xE0, 0xFF, 0x80, 0x00, 0x01,
    0xFF, 0xC0, 0x3F, 0xC0, 0x00, 0x00, 0xFF, 0x80, 0x1F, 0xC0, 0x00, 0x00, 0xFE, 0x00, 0x0F, 0xC0,
    0x00, 0x00, 0x7C, 0x00, 0x07, 0x80, 0x00, 0x00, 0x70, 0x00, 0x01, 0x00, 0x00, 0x00, 0x00, 0x00,
    0x00, 0x00, 0x00, 0x00, 0x00, 0x00, 0x00, 0x00, 0x00, 0x00, 0x00, 0x00, 0x00, 0x00, 0x00, 0x00,
    0x00, 0x00, 0x00, 0x00, 0x00, 0x00, 0x00, 0x00, 0x00, 0x00, 0x00, 0x00, 0x00, 0x00, 0x00, 0x00,
  } },
  { 0x63A7, 48, {
    0x00, 0x00, 0x00, 0x00, 0x00, 0x00, 0x00, 0x00, 0x00, 0x00, 0x00, 0x00, 0x00, 0x00, 0x00, 0x00,
    0x00, 0x00, 0x00, 0x00, 0x00, 0x00, 0x00, 0x00, 0x00, 0x00, 0x00, 0x00, 0x00, 0x00, 0x00, 0xF8,
    0x00, 0x1E, 0x00, 0x00, 0x00, 0xF8, 0x00, 0x7E, 0x00, 0x00, 0x00, 0xF8, 0x00, 0x3F, 0x00, 0x00,
    0x00, 0xF8, 0x00, 0x3F, 0x00, 0x00, 0x00, 0xF8, 0x7F, 0xFF, 0xFF, 0xC0, 0x00, 0xF8, 0x7F, 0xFF,
    0xFF, 0xC0, 0x00, 0xF8, 0x7F, 0xFF, 0xFF, 0xC0, 0x07, 0xFF, 0x7F, 0xFF, 0xFF, 0xC0, 0x07, 0xFF,
    0x7F, 0xFF, 0xFF, 0xC0, 0x07, 0xFF, 0x7C, 0x00, 0x0F, 0xC0, 0x07, 0xFF, 0x7C, 0x00, 0x0F, 0xC0,
    0x07, 0xFF, 0x7D, 0x80, 0x4F, 0xC0, 0x00, 0xF8, 0x03, 0xC0, 0xF0, 0x00, 0x00, 0xF8, 0x07, 0xE1,
    0xFC, 0x00, 0x00, 0xF8, 0x1F, 0xF3, 0xFE, 0x00, 0x00, 0xF8, 0x3F, 0xC0, 0xFF, 0x00, 0x00, 0xF8,
    0xFF, 0x80, 0x7F, 0xC0, 0x00, 0xFF, 0x7E, 0x00, 0x1F, 0x80, 0x00, 0xFF, 0x3C, 0x00, 0x0F, 0x00,
    0x07, 0xFF, 0x10, 0x00, 0x02, 0x00, 0x0F, 0xFF, 0x3F, 0xFF, 0xFF, 0x00, 0x0F, 0xFF, 0x3F, 0xFF,
    0xFF, 0x00, 0x0F, 0xFE, 0x3F, 0xFF, 0xFF, 0x00, 0x0F, 0xF8, 0x3F, 0xFF, 0xFF, 0x00, 0x0F, 0xF8,
    0x3F, 0xFF, 0xFF, 0x00, 0x00, 0xF8, 0x00, 0x3F, 0x00, 0x00, 0x00, 0xF8, 0x00, 0x3F, 0x00, 0x00,
    0x00, 0xF8, 0x00, 0x3F, 0x00, 0x00, 0x00, 0xF8, 0x00, 0x3F, 0x00, 0x00, 0x00, 0xF8, 0x00, 0x3F,
    0x00, 0x00, 0x00, 0xF8, 0x00, 0x3F, 0x00, 0x00, 0x00, 0xF8, 0xFF, 0xFF, 0xFF, 0xC0, 0x07, 0xF8,
    0xFF, 0xFF, 0xFF, 0xC0, 0x07, 0xF8, 0xFF, 0xFF, 0xFF, 0xC0, 0x07, 0xF8, 0xFF, 0xFF, 0xFF, 0xC0,
    0x07, 0xF0, 0xFF, 0xFF, 0xFF, 0xC0, 0x07, 0xE0, 0x00, 0x00, 0x00, 0x00, 0x00, 0x00, 0x00, 0x00,
    0x00, 0x00, 0x00, 0x00, 0x00, 0x00, 0x00, 0x00, 0x00, 0x00, 0x00, 0x00, 0x00, 0x00, 0x00, 0x00,
    0x00, 0x00, 0x00, 0x00, 0x00, 0x00, 0x00, 0x00, 0x00, 0x00, 0x00, 0x00, 0x00, 0x00, 0x00, 0x00,
  } },
  { 0x5236, 48, {
    0x00, 0x00, 0x00, 0x00, 0x00, 0x00, 0x00, 0x00, 0x00, 0x00, 0x00, 0x00, 0x00, 0x00, 0x00, 0x00,
    0x00, 0x00, 0x00, 0x00, 0x00, 0x00, 0x00, 0x00, 0x00, 0x00, 0x00, 0x00, 0x00, 0x00, 0x00, 0x03,
    0xE0, 0x00, 0x0F, 0x80, 0x01, 0xE3, 0xE0, 0x00, 0x0F, 0x80, 0x01, 0xF3, 0xE0, 0x00, 0x0F, 0x80,
    0x01, 0xF3, 0xE0, 0x07, 0xCF, 0x80, 0x01, 0xE3, 0xE0, 0x07, 0xCF, 0x80, 0x03, 0xFF, 0xFF, 0xE7,
    0xCF, 0x80, 0x03, 0xFF, 0xFF, 0xE7, 0xCF, 0x80, 0x03, 0xFF, 0xFF, 0xE7, 0xCF, 0x80, 0x07, 0xFF,
    0xFF, 0xE7, 0xCF, 0x80, 0x07, 0xFF, 0xFF, 0xC7, 0xCF, 0x80, 0x07, 0xC3, 0xE0, 0x07, 0xCF, 0x80,
    0x01, 0x83, 0xE0, 0x07, 0xCF, 0x80, 0x00, 0x03, 0xE0, 0x07, 0xCF, 0x80, 0x0F, 0xFF, 0xFF, 0xF7,
    0xCF, 0x80, 0x0F, 0xFF, 0xFF, 0xF7, 0xCF, 0x80, 0x0F, 0xFF, 0xFF, 0xF7, 0xCF, 0x80, 0x0F, 0xFF,
    0xFF, 0xF7, 0xCF, 0x80, 0x07, 0xFF, 0xFF, 0xE7, 0xCF, 0x80, 0x00, 0x03, 0xE0, 0x07, 0xCF, 0x80,
    0x00, 0x03, 0xE0, 0x07, 0xCF, 0x80, 0x03, 0xFF, 0xFF, 0xE7, 0xCF, 0x80, 0x03, 0xFF, 0xFF, 0xE7,
    0xCF, 0x80, 0x03, 0xFF, 0xFF, 0xE7, 0xCF, 0x80, 0x03, 0xFF, 0xFF, 0xE7, 0xCF, 0x80, 0x03, 0xFF,
    0xFF, 0xE7, 0xCF, 0x80, 0x03, 0xE3, 0xE3, 0xE7, 0xCF, 0x80, 0x03, 0xE3, 0xE3, 0xE7, 0xCF, 0x80,
    0x03, 0xE3, 0xE3, 0xE7, 0xCF, 0x80, 0x03, 0xE3, 0xE3, 0xE0, 0x0F, 0x80, 0x03, 0xE3, 0xE3, 0xE0,
    0x0F, 0x80, 0x03, 0xE3, 0xFF, 0xE0, 0x1F, 0x80, 0x03, 0xE3, 0xFF, 0xE0, 0x1F, 0x80, 0x03, 0xE3,
    0xEF, 0xE7, 0xFF, 0x80, 0x03, 0xE3, 0xEF, 0xC7, 0xFF, 0x80, 0x03, 0xE3, 0xEF, 0x87, 0xFF, 0x00,
    0x00, 0x03, 0xE0, 0x03, 0xFF, 0x00, 0x00, 0x03, 0xE0, 0x03, 0xFC, 0x00, 0x00, 0x00, 0x00, 0x00,
    0x00, 0x00, 0x00, 0x00, 0x00, 0x00, 0x00, 0x00, 0x00, 0x00, 0x00, 0x00, 0x00, 0x00, 0x00, 0x00,
    0x00, 0x00, 0x00, 0x00, 0x00, 0x00, 0x00, 0x00, 0x00, 0x00, 0x00, 0x00, 0x00, 0x00, 0x00, 0x00,
  } },
  { 0x6A21, 48, {
    0x00, 0x00, 0x00, 0x00, 0x00, 0x00, 0x00, 0x00, 0x00, 0x00, 0x00, 0x00, 0x00, 0x00, 0x00, 0x00,
    0x00, 0x00, 0x00, 0x00, 0x00, 0x00, 0x00, 0x00, 0x00, 0x00, 0x00, 0x00, 0x00, 0x00, 0x00, 0x7C,
    0x03, 0xE0, 0xF8, 0x00, 0x00, 0x7C, 0x03, 0xE0, 0xF8, 0x00, 0x00, 0x7C, 0x03, 0xE0, 0xF8, 0x00,
    0x00, 0x7C, 0x7F, 0xFF, 0xFF, 0xC0, 0x00, 0x7C, 0x7F, 0xFF, 0xFF, 0xC0, 0x00, 0x7C, 0x7F, 0xFF,
    0xFF, 0xC0, 0x00, 0x7C, 0x7F, 0xFF, 0xFF, 0xC0, 0x00, 0x7C, 0x03, 0xE0, 0xF8, 0x00, 0x07, 0xFF,
    0xC3, 0xE0, 0xF8, 0x00, 0x07, 0xFF, 0xC0, 0x00, 0x00, 0x00, 0x07, 0xFF, 0xDF, 0xFF, 0xFF, 0x80,
    0x07, 0xFF, 0xDF, 0xFF, 0xFF, 0x80, 0x07, 0xFF, 0x9F, 0xFF, 0xFF, 0x80, 0x00, 0xFC, 0x1F, 0xFF,
    0xFF, 0x80, 0x00, 0xFE, 0x1F, 0x00, 0x0F, 0x80, 0x01, 0xFF, 0x1F, 0xFF, 0xFF, 0x80, 0x01, 0xFF,
    0x9F, 0xFF, 0xFF, 0x80, 0x01, 0xFF, 0xFF, 0xFF, 0xFF, 0x80, 0x03, 0xFF, 0xFF, 0x00, 0x0F, 0x80,
    0x03, 0xFF, 0xFF, 0x00, 0x0F, 0x80, 0x07, 0xFD, 0x9F, 0xFF, 0xFF, 0x80, 0x0F, 0xFD, 0x9F, 0xFF,
    0xFF, 0x80, 0x0F, 0xFC, 0x1F, 0xFF, 0xFF, 0x80, 0x07, 0x7C, 0x1F, 0xFF, 0xFF, 0x00, 0x07, 0x7C,
    0x00, 0x1F, 0x00, 0x00, 0x07, 0x7C, 0xFF, 0xFF, 0xFF, 0xC0, 0x06, 0x7C, 0xFF, 0xFF, 0xFF, 0xC0,
    0x06, 0x7C, 0xFF, 0xFF, 0xFF, 0xC0, 0x04, 0x7C, 0x7F, 0xFF, 0xFF, 0xC0, 0x00, 0x7C, 0x00, 0xFF,
    0xE0, 0x00, 0x00, 0x7C, 0x03, 0xFB, 0xF8, 0x00, 0x00, 0x7C, 0x0F, 0xF1, 0xFF, 0x00, 0x00, 0x7C,
    0xFF, 0xE0, 0xFF, 0xC0, 0x00, 0x7C, 0xFF, 0xC0, 0x7F, 0xC0, 0x00, 0x7C, 0x7F, 0x80, 0x3F, 0xC0,
    0x00, 0x7C, 0x3E, 0x00, 0x0F, 0x80, 0x00, 0x7C, 0x38, 0x00, 0x03, 0x80, 0x00, 0x00, 0x00, 0x00,
    0x00, 0x00, 0x00, 0x00, 0x00, 0x00, 0x00, 0x00, 0x00, 0x00, 0x00, 0x00, 0x00, 0x00, 0x00, 0x00,
    0x00, 0x00, 0x00, 0x00, 0x00, 0x00, 0x00, 0x00, 0x00, 0x00, 0x00, 0x00, 0x00, 0x00, 0x00, 0x00,
  } },
  { 0x5F0F, 48, {
    0x00, 0x00, 0x00, 0x00, 0x00, 0x00, 0x00, 0x00, 0x00, 0x00, 0x00, 0x00, 0x00, 0x00, 0x00, 0x00,
    0x00, 0x00, 0x00, 0x00, 0x00, 0x00, 0x00, 0x00, 0x00, 0x00, 0x00, 0x00, 0x00, 0x00, 0x00, 0x00,
    0x00, 0xFC, 0x30, 0x00, 0x00, 0x00, 0x00, 0xFC, 0x78, 0x00, 0x00, 0x00, 0x00, 0xFC, 0xFC, 0x00,
    0x00, 0x00, 0x00, 0xFC, 0xFC, 0x00, 0x00, 0x00, 0x00, 0xFC, 0x7E, 0x00, 0x00, 0x00, 0x00, 0xFC,
    0x3F, 0x00, 0x00, 0x00, 0x00, 0xFC, 0x1E, 0x00, 0x0F, 0xFF, 0xFF, 0xFF, 0xFF, 0xC0, 0x0F, 0xFF,
    0xFF, 0xFF, 0xFF, 0xC0, 0x0F, 0xFF, 0xFF, 0xFF, 0xFF, 0xC0, 0x0F, 0xFF, 0xFF, 0xFF, 0xFF, 0xC0,
    0x0F, 0xFF, 0xFF, 0xFF, 0xFF, 0xC0, 0x00, 0x00, 0x00, 0x7E, 0x00, 0x00, 0x00, 0x00, 0x00, 0x7E,
    0x00, 0x00, 0x00, 0x00, 0x00, 0x7E, 0x00, 0x00, 0x00, 0x00, 0x00, 0x7E, 0x00, 0x00, 0x03, 0xFF,
    0xFF, 0x7E, 0x00, 0x00, 0x03, 0xFF, 0xFF, 0x7E, 0x00, 0x00, 0x03, 0xFF, 0xFF, 0x7E, 0x00, 0x00,
    0x03, 0xFF, 0xFF, 0x7E, 0x00, 0x00, 0x03, 0xFF, 0xFF, 0x7E, 0x00, 0x00, 0x00, 0x0F, 0xC0, 0x3F,
    0x00, 0x00, 0x00, 0x0F, 0xC0, 0x3F, 0x00, 0x00, 0x00, 0x0F, 0xC0, 0x3F, 0x06, 0x00, 0x00, 0x0F,
    0xC0, 0x3F, 0x07, 0x00, 0x00, 0x0F, 0xC0, 0x3F, 0x07, 0xC0, 0x00, 0x0F, 0xFF, 0xFF, 0x87, 0xC0,
    0x00, 0x3F, 0xFF, 0x9F, 0x87, 0xC0, 0x07, 0xFF, 0xFF, 0x9F, 0x8F, 0xC0, 0x0F, 0xFF, 0xFF, 0x9F,
    0xCF, 0xC0, 0x07, 0xFF, 0xFF, 0x9F, 0xEF, 0xC0, 0x07, 0xFF, 0xFF, 0x8F, 0xFF, 0x80, 0x07, 0xFF,
    0xC0, 0x0F, 0xFF, 0x80, 0x07, 0xC0, 0x00, 0x07, 0xFF, 0x80, 0x00, 0x00, 0x00, 0x03, 0xFF, 0x00,
    0x00, 0x00, 0x00, 0x01, 0xFF, 0x00, 0x00, 0x00, 0x00, 0x00, 0x7C, 0x00, 0x00, 0x00, 0x00, 0x00,
    0x00, 0x00, 0x00, 0x00, 0x00, 0x00, 0x00, 0x00, 0x00, 0x00, 0x00, 0x00, 0x00, 0x00, 0x00, 0x00,
    0x00, 0x00, 0x00, 0x00, 0x00, 0x00, 0x00, 0x00, 0x00, 0x00, 0x00, 0x00, 0x00, 0x00, 0x00, 0x00,
  } },
  { 0x5F15, 48, {
    0x00, 0x00, 0x00, 0x00, 0x00, 0x00, 0x00, 0x00, 0x00, 0x00, 0x00, 0x00, 0x00, 0x00, 0x00, 0x00,
    0x00, 0x00, 0x00, 0x00, 0x00, 0x00, 0x00, 0x00, 0x00, 0x00, 0x00, 0x00, 0x00, 0x00, 0x00, 0x00,
    0x00, 0x00, 0x7E, 0x00, 0x03, 0xFF, 0xFF, 0xE0, 0x7E, 0x00, 0x03, 0xFF, 0xFF, 0xE0, 0x7E, 0x00,
    0x03, 0xFF, 0xFF, 0xE0, 0x7E, 0x00, 0x03, 0xFF, 0xFF, 0xE0, 0x7E, 0x00, 0x03, 0xFF, 0xFF, 0xE0,
    0x7E, 0x00, 0x00, 0x00, 0x07, 0xE0, 0x7E, 0x00, 0x00, 0x00, 0x07, 0xE0, 0x7E, 0x00, 0x00, 0x00,
    0x07, 0xE0, 0x7E, 0x00, 0x00, 0x00, 0x07, 0xE0, 0x7E, 0x00, 0x00, 0x00, 0x07, 0xE0, 0x7E, 0x00,
    0x01, 0xFF, 0xFF, 0xE0, 0x7E, 0x00, 0x01, 0xFF, 0xFF, 0xE0, 0x7E, 0x00, 0x01, 0xFF, 0xFF, 0xE0,
    0x7E, 0x00, 0x01, 0xFF, 0xFF, 0xE0, 0x7E, 0x00, 0x01, 0xFF, 0xFF, 0xE0, 0x7E, 0x00, 0x01, 0xF8,
    0x00, 0x00, 0x7E, 0x00, 0x01, 0xF8, 0x00, 0x00, 0x7E, 0x00, 0x01, 0xF8, 0x00, 0x00, 0x7E, 0x00,
    0x03, 0xF0, 0x00, 0x00, 0x7E, 0x00, 0x03, 0xFF, 0xFF, 0xE0, 0x7E, 0x00, 0x03, 0xFF, 0xFF, 0xE0,
    0x7E, 0x00, 0x03, 0xFF, 0xFF, 0xE0, 0x7E, 0x00, 0x03, 0xFF, 0xFF, 0xE0, 0x7E, 0x00, 0x03, 0xFF,
    0xFF, 0xC0, 0x7E, 0x00, 0x00, 0x00, 0x0F, 0xC0, 0x7E, 0x00, 0x00, 0x00, 0x0F, 0xC0, 0x7E, 0x00,
    0x00, 0x00, 0x0F, 0xC0, 0x7E, 0x00, 0x00, 0x00, 0x0F, 0xC0, 0x7E, 0x00, 0x00, 0x00, 0x0F, 0xC0,
    0x7E, 0x00, 0x00, 0x00, 0x0F, 0xC0, 0x7E, 0x00, 0x00, 0x00, 0x3F, 0xC0, 0x7E, 0x00, 0x00, 0x3F,
    0xFF, 0xC0, 0x7E, 0x00, 0x00, 0x3F, 0xFF, 0x80, 0x7E, 0x00, 0x00, 0x3F, 0xFF, 0x80, 0x7E, 0x00,
    0x00, 0x1F, 0xFF, 0x00, 0x7E, 0x00, 0x00, 0x1F, 0xFE, 0x00, 0x7E, 0x00, 0x00, 0x0F, 0x80, 0x00,
    0x00, 0x00, 0x00, 0x00, 0x00, 0x00, 0x00, 0x00, 0x00, 0x00, 0x00, 0x00, 0x00, 0x00, 0x00, 0x00,
    0x00, 0x00, 0x00, 0x00, 0x00, 0x00, 0x00, 0x00, 0x00, 0x00, 0x00, 0x00, 0x00, 0x00, 0x00, 0x00,
  } },
  { 0x5BFC, 48, {
    0x00, 0x00, 0x00, 0x00, 0x00, 0x00, 0x00, 0x00, 0x00, 0x00, 0x00, 0x00, 0x00, 0x00, 0x00, 0x00,
    0x00, 0x00, 0x00, 0x00, 0x00, 0x00, 0x00, 0x00, 0x00, 0x00, 0x00, 0x00, 0x00, 0x00, 0x00, 0x00,
    0x00, 0x00, 0x00, 0x00, 0x00, 0xFF, 0xFF, 0xFF, 0xF8, 0x00, 0x00, 0xFF, 0xFF, 0xFF, 0xF8, 0x00,
    0x00, 0xFF, 0xFF, 0xFF, 0xF8, 0x00, 0x00, 0xFF, 0xFF, 0xFF, 0xF8, 0x00, 0x00, 0xFF, 0xFF, 0xFF,
    0xF8, 0x00, 0x00, 0xFC, 0x00, 0x01, 0xF8, 0x00, 0x00, 0xFC, 0x00, 0x01, 0xF8, 0x00, 0x00, 0xFC,
    0x00, 0x01, 0xF8, 0x00, 0x00, 0xFF, 0xFF, 0xFF, 0xF8, 0x00, 0x00, 0xFF, 0xFF, 0xFF, 0xFA, 0x00,
    0x00, 0xFF, 0xFF, 0xFF, 0xFF, 0xC0, 0x00, 0xFF, 0xFF, 0xFF, 0xFF, 0xC0, 0x00, 0xFC, 0x00, 0x00,
    0x07, 0xC0, 0x00, 0xFE, 0x00, 0x00, 0x1F, 0xC0, 0x00, 0xFF, 0xFF, 0xFF, 0xFF, 0xC0, 0x00, 0x7F,
    0xFF, 0xFF, 0xFF, 0x80, 0x00, 0x7F, 0xFF, 0xFF, 0xFF, 0x80, 0x00, 0x3F, 0xFF, 0xFF, 0xFF, 0x00,
    0x00, 0x07, 0xFF, 0xFF, 0xF8, 0x00, 0x00, 0x00, 0x00, 0x03, 0xF0, 0x00, 0x00, 0x00, 0x00, 0x03,
    0xF0, 0x00, 0x0F, 0xFF, 0xFF, 0xFF, 0xFF, 0xE0, 0x0F, 0xFF, 0xFF, 0xFF, 0xFF, 0xE0, 0x0F, 0xFF,
    0xFF, 0xFF, 0xFF, 0xE0, 0x0F, 0xFF, 0xFF, 0xFF, 0xFF, 0xE0, 0x0F, 0xFF, 0xFF, 0xFF, 0xFF, 0xE0,
    0x00, 0x1F, 0xC0, 0x03, 0xF0, 0x00, 0x00, 0x0F, 0xE0, 0x03, 0xF0, 0x00, 0x00, 0x07, 0xF0, 0x03,
    0xF0, 0x00, 0x00, 0x03, 0xF0, 0x07, 0xF0, 0x00, 0x00, 0x01, 0xE3, 0xFF, 0xF0, 0x00, 0x00, 0x00,
    0xC3, 0xFF, 0xE0, 0x00, 0x00, 0x00, 0x03, 0xFF, 0xE0, 0x00, 0x00, 0x00, 0x03, 0xFF, 0xC0, 0x00,
    0x00, 0x00, 0x01, 0xFF, 0x00, 0x00, 0x00, 0x00, 0x00, 0x00, 0x00, 0x00, 0x00, 0x00, 0x00, 0x00,
    0x00, 0x00, 0x00, 0x00, 0x00, 0x00, 0x00, 0x00, 0x00, 0x00, 0x00, 0x00, 0x00, 0x00, 0x00, 0x00,
    0x00, 0x00, 0x00, 0x00, 0x00, 0x00, 0x00, 0x00, 0x00, 0x00, 0x00, 0x00, 0x00, 0x00, 0x00, 0x00,
  } },
  { 0x9501, 48, {
    0x00, 0x00, 0x00, 0x00, 0x00, 0x00, 0x00, 0x00, 0x00, 0x00, 0x00, 0x00, 0x00, 0x00, 0x00, 0x00,
    0x00, 0x00, 0x00, 0x00, 0x00, 0x00, 0x00, 0x00, 0x00, 0x00, 0x00, 0x00, 0x00, 0x00, 0x00, 0x78,
    0x00, 0x1F, 0x80, 0x00, 0x00, 0x7E, 0x04, 0x1F, 0x86, 0x00, 0x00, 0xFC, 0x1E, 0x1F, 0x87, 0x00,
    0x00, 0xFC, 0x3F, 0x1F, 0x8F, 0xC0, 0x00, 0xFC, 0x3F, 0x9F, 0x9F, 0xC0, 0x00, 0xFF, 0xDF, 0x9F,
    0xBF, 0x80, 0x01, 0xFF, 0xCF, 0xDF, 0xBF, 0x00, 0x01, 0xFF, 0xCF, 0xDF, 0x9E, 0x00, 0x03, 0xFF,
    0xC7, 0x9F, 0x84, 0x00, 0x03, 0xF0, 0x02, 0x1F, 0x80, 0x00, 0x03, 0xE0, 0x1F, 0xFF, 0xFF, 0x80,
    0x07, 0xE0, 0x1F, 0xFF, 0xFF, 0x80, 0x0F, 0xFF, 0xDF, 0xFF, 0xFF, 0x80, 0x0F, 0xFF, 0xDF, 0xFF,
    0xFF, 0x80, 0x07, 0xFF, 0xDF, 0xFF, 0xFF, 0x80, 0x07, 0xFF, 0xDF, 0x80, 0x1F, 0x80, 0x07, 0xFF,
    0x9F, 0x80, 0x1F, 0x80, 0x06, 0x7C, 0x1F, 0x9F, 0x9F, 0x80, 0x02, 0x7C, 0x1F, 0x9F, 0x9F, 0x80,
    0x00, 0x7C, 0x1F, 0x9F, 0x9F, 0x80, 0x0F, 0xFF, 0xFF, 0x9F, 0x9F, 0x80, 0x0F, 0xFF, 0xFF, 0x9F,
    0x9F, 0x80, 0x0F, 0xFF, 0xFF, 0x9F, 0x9F, 0x80, 0x0F, 0xFF, 0xFF, 0x9F, 0x1F, 0x80, 0x07, 0xFF,
    0xDF, 0x9F, 0x1F, 0x80, 0x00, 0x7C, 0x1F, 0xBF, 0x1F, 0x80, 0x00, 0x7C, 0x5F, 0xBF, 0xDF, 0x80,
    0x00, 0x7C, 0xDF, 0xFF, 0xFF, 0x80, 0x00, 0x7F, 0xC0, 0xFF, 0xF8, 0x00, 0x00, 0x7F, 0xC1, 0xFF,
    0xFC, 0x00, 0x00, 0x7F, 0xC3, 0xFD, 0xFE, 0x00, 0x00, 0x7F, 0xCF, 0xF8, 0xFF, 0x00, 0x00, 0xFF,
    0xBF, 0xF0, 0x7F, 0xC0, 0x00, 0xFE, 0x7F, 0xE0, 0x3F, 0xC0, 0x00, 0x7C, 0x3F, 0xC0, 0x0F, 0xC0,
    0x00, 0x78, 0x1F, 0x00, 0x07, 0x80, 0x00, 0x30, 0x0C, 0x00, 0x03, 0x00, 0x00, 0x00, 0x00, 0x00,
    0x00, 0x00, 0x00, 0x00, 0x00, 0x00, 0x00, 0x00, 0x00, 0x00, 0x00, 0x00, 0x00, 0x00, 0x00, 0x00,
    0x00, 0x00, 0x00, 0x00, 0x00, 0x00, 0x00, 0x00, 0x00, 0x00, 0x00, 0x00, 0x00, 0x00, 0x00, 0x00,
  } },
  { 0x9632, 48, {
    0x00, 0x00, 0x00, 0x00, 0x00, 0x00, 0x00, 0x00, 0x00, 0x00, 0x00, 0x00, 0x00, 0x00, 0x00, 0x00,
    0x00, 0x00, 0x00, 0x00, 0x00, 0x00, 0x00, 0x00, 0x00, 0x00, 0x00, 0x00, 0x00, 0x00, 0x00, 0x00,
    0x00, 0x0F, 0x00, 0x00, 0x03, 0xFF, 0xE0, 0x3F, 0x80, 0x00, 0x03, 0xFF, 0xE0, 0x1F, 0x80, 0x00,
    0x03, 0xFF, 0xE0, 0x1F, 0x80, 0x00, 0x03, 0xFF, 0xE0, 0x1F, 0x80, 0x00, 0x03, 0xFF, 0xFF, 0xFF,
    0xFF, 0xC0, 0x03, 0xE3, 0xFF, 0xFF, 0xFF, 0xC0, 0x03, 0xE7, 0xFF, 0xFF, 0xFF, 0xC0, 0x03, 0xE7,
    0xDF, 0xFF, 0xFF, 0xC0, 0x03, 0xE7, 0xDF, 0xFF, 0xFF, 0xC0, 0x03, 0xEF, 0xC1, 0xF0, 0x00, 0x00,
    0x03, 0xEF, 0x81, 0xF0, 0x00, 0x00, 0x03, 0xEF, 0x81, 0xF0, 0x00, 0x00, 0x03, 0xEF, 0x81, 0xF0,
    0x00, 0x00, 0x03, 0xFF, 0x03, 0xFF, 0xFF, 0x80, 0x03, 0xFF, 0x83, 0xFF, 0xFF, 0x80, 0x03, 0xEF,
    0x83, 0xFF, 0xFF, 0x80, 0x03, 0xE7, 0xC3, 0xFF, 0xFF, 0x80, 0x03, 0xE7, 0xC3, 0xFF, 0xFF, 0x80,
    0x03, 0xE3, 0xE3, 0xF0, 0x1F, 0x80, 0x03, 0xE3, 0xE3, 0xF0, 0x1F, 0x80, 0x03, 0xE3, 0xE3, 0xF0,
    0x1F, 0x80, 0x03, 0xE3, 0xE3, 0xF0, 0x1F, 0x00, 0x03, 0xE3, 0xF3, 0xF0, 0x1F, 0x00, 0x03, 0xE7,
    0xF7, 0xE0, 0x1F, 0x00, 0x03, 0xFF, 0xE7, 0xE0, 0x1F, 0x00, 0x03, 0xFF, 0xE7, 0xE0, 0x1F, 0x00,
    0x03, 0xFF, 0xEF, 0xE0, 0x1F, 0x00, 0x03, 0xFF, 0xCF, 0xC0, 0x3F, 0x00, 0x03, 0xFF, 0x1F, 0xC0,
    0x3F, 0x00, 0x03, 0xE0, 0x1F, 0xC0, 0x7F, 0x00, 0x03, 0xE0, 0x3F, 0x9F, 0xFF, 0x00, 0x03, 0xE0,
    0x7F, 0x0F, 0xFF, 0x00, 0x03, 0xE0, 0xFF, 0x0F, 0xFE, 0x00, 0x03, 0xE0, 0x7E, 0x0F, 0xFE, 0x00,
    0x03, 0xE0, 0x1E, 0x0F, 0xF8, 0x00, 0x03, 0xE0, 0x0C, 0x07, 0xC0, 0x00, 0x00, 0x00, 0x00, 0x00,
    0x00, 0x00, 0x00, 0x00, 0x00, 0x00, 0x00, 0x00, 0x00, 0x00, 0x00, 0x00, 0x00, 0x00, 0x00, 0x00,
    0x00, 0x00, 0x00, 0x00, 0x00, 0x00, 0x00, 0x00, 0x00, 0x00, 0x00, 0x00, 0x00, 0x00, 0x00, 0x00,
  } },
  { 0x6EDA, 48, {
    0x00, 0x00, 0x00, 0x00, 0x00, 0x00, 0x00, 0x00, 0x00, 0x00, 0x00, 0x00, 0x00, 0x00, 0x00, 0x00,
    0x00, 0x00, 0x00, 0x00, 0x00, 0x00, 0x00, 0x00, 0x00, 0x00, 0x00, 0x00, 0x00, 0x00, 0x00, 0x00,
    0x00, 0x1E, 0x00, 0x00, 0x00, 0xC0, 0x00, 0x7E, 0x00, 0x00, 0x01, 0xE0, 0x00, 0x7F, 0x00, 0x00,
    0x03, 0xF8, 0x00, 0x3F, 0x00, 0x00, 0x03, 0xFC, 0xFF, 0xFF, 0xFF, 0xC0, 0x01, 0xFE, 0xFF, 0xFF,
    0xFF, 0xC0, 0x00, 0xFC, 0xFF, 0xFF, 0xFF, 0xC0, 0x00, 0x78, 0xFF, 0xFF, 0xFF, 0xC0, 0x00, 0x10,
    0x0F, 0x80, 0xF8, 0x00, 0x00, 0x00, 0x1F, 0xC1, 0xFC, 0x00, 0x00, 0x00, 0x3F, 0xC1, 0xFF, 0x00,
    0x01, 0x80, 0xFF, 0x70, 0xFF, 0x80, 0x03, 0xC3, 0xFE, 0x7C, 0x3F, 0xC0, 0x07, 0xF1, 0xFC, 0xFC,
    0x1F, 0xC0, 0x07, 0xF9, 0xF1, 0xF8, 0xC7, 0x80, 0x03, 0xFC, 0xC3, 0xF1, 0xE3, 0x00, 0x01, 0xF8,
    0x0F, 0xE3, 0xF0, 0x00, 0x00, 0xF0, 0x1F, 0xC3, 0xFC, 0x00, 0x00, 0x60, 0x7F, 0x81, 0xFE, 0x00,
    0x00, 0x00, 0xFF, 0xFF, 0xFF, 0x00, 0x00, 0x00, 0x7F, 0xFF, 0xFF, 0x00, 0x00, 0x60, 0x7F, 0xFF,
    0xFE, 0x00, 0x00, 0x7C, 0x7F, 0xFF, 0xFC, 0x00, 0x00, 0xFC, 0x03, 0xFE, 0x03, 0x00, 0x00, 0xFC,
    0x0F, 0xFF, 0x07, 0x80, 0x00, 0xF8, 0x1F, 0xEF, 0x9F, 0xC0, 0x00, 0xF8, 0x7F, 0xCF, 0xFF, 0xC0,
    0x01, 0xF9, 0xFF, 0x87, 0xFF, 0x80, 0x01, 0xFF, 0xFF, 0x83, 0xFE, 0x00, 0x01, 0xFF, 0xFF, 0x81,
    0xFC, 0x00, 0x01, 0xF7, 0xFF, 0x8D, 0xFF, 0x00, 0x03, 0xF3, 0xEF, 0xFC, 0xFF, 0xC0, 0x03, 0xF1,
    0x8F, 0xFC, 0x3F, 0xC0, 0x03, 0xE0, 0x1F, 0xFC, 0x1F, 0xC0, 0x07, 0xE0, 0x0F, 0xFC, 0x0F, 0x80,
    0x07, 0xE0, 0x0F, 0xFC, 0x03, 0x00, 0x00, 0xE0, 0x07, 0x00, 0x00, 0x00, 0x00, 0x00, 0x00, 0x00,
    0x00, 0x00, 0x00, 0x00, 0x00, 0x00, 0x00, 0x00, 0x00, 0x00, 0x00, 0x00, 0x00, 0x00, 0x00, 0x00,
    0x00, 0x00, 0x00, 0x00, 0x00, 0x00, 0x00, 0x00, 0x00, 0x00, 0x00, 0x00, 0x00, 0x00, 0x00, 0x00,
  } },
  { 0x4E2A, 48, {
    0x00, 0x00, 0x00, 0x00, 0x00, 0x00, 0x00, 0x00, 0x00, 0x00, 0x00, 0x00, 0x00, 0x00, 0x00, 0x00,
    0x00, 0x00, 0x00, 0x00, 0x00, 0x00, 0x00, 0x00, 0x00, 0x00, 0x00, 0x00, 0x00, 0x00, 0x00, 0x00,
    0x07, 0xE0, 0x00, 0x00, 0x00, 0x00, 0x0F, 0xE0, 0x00, 0x00, 0x00, 0x00, 0x1F, 0xF0, 0x00, 0x00,
    0x00, 0x00, 0x1F, 0xF0, 0x00, 0x00, 0x00, 0x00, 0x3F, 0xF8, 0x00, 0x00, 0x00, 0x00, 0x7F, 0xFC,
    0x00, 0x00, 0x00, 0x00, 0xFF, 0xFE, 0x00, 0x00, 0x00, 0x01, 0xFE, 0xFF, 0x00, 0x00, 0x00, 0x03,
    0xFC, 0x7F, 0x80, 0x00, 0x00, 0x07, 0xF8, 0x7F, 0xC0, 0x00, 0x00, 0x0F, 0xF8, 0x3F, 0xE0, 0x00,
    0x00, 0x1F, 0xF0, 0x1F, 0xF0, 0x00, 0x00, 0x3F, 0xE0, 0x0F, 0xF8, 0x00, 0x00, 0xFF, 0xC0, 0x07,
    0xFE, 0x00, 0x01, 0xFF, 0x8F, 0xE3, 0xFF, 0x00, 0x07, 0xFF, 0x0F, 0xE1, 0xFF, 0xC0, 0x07, 0xFE,
    0x0F, 0xE0, 0xFF, 0xC0, 0x07, 0xF8, 0x0F, 0xE0, 0x7F, 0xC0, 0x03, 0xF0, 0x0F, 0xE0, 0x1F, 0x80,
    0x01, 0xE0, 0x0F, 0xE0, 0x0F, 0x00, 0x00, 0x80, 0x0F, 0xE0, 0x02, 0x00, 0x00, 0x00, 0x0F, 0xE0,
    0x00, 0x00, 0x00, 0x00, 0x0F, 0xE0, 0x00, 0x00, 0x00, 0x00, 0x0F, 0xE0, 0x00, 0x00, 0x00, 0x00,
    0x0F, 0xE0, 0x00, 0x00, 0x00, 0x00, 0x0F, 0xE0, 0x00, 0x00, 0x00, 0x00, 0x0F, 0xE0, 0x00, 0x00,
    0x00, 0x00, 0x0F, 0xE0, 0x00, 0x00, 0x00, 0x00, 0x0F, 0xE0, 0x00, 0x00, 0x00, 0x00, 0x0F, 0xE0,
    0x00, 0x00, 0x00, 0x00, 0x0F, 0xE0, 0x00, 0x00, 0x00, 0x00, 0x0F, 0xE0, 0x00, 0x00, 0x00, 0x00,
    0x0F, 0xE0, 0x00, 0x00, 0x00, 0x00, 0x0F, 0xE0, 0x00, 0x00, 0x00, 0x00, 0x0F, 0xE0, 0x00, 0x00,
    0x00, 0x00, 0x0F, 0xE0, 0x00, 0x00, 0x00, 0x00, 0x0F, 0xE0, 0x00, 0x00, 0x00, 0x00, 0x00, 0x00,
    0x00, 0x00, 0x00, 0x00, 0x00, 0x00, 0x00, 0x00, 0x00, 0x00, 0x00, 0x00, 0x00, 0x00, 0x00, 0x00,
    0x00, 0x00, 0x00, 0x00, 0x00, 0x00, 0x00, 0x00, 0x00, 0x00, 0x00, 0x00, 0x00, 0x00, 0x00, 0x00,
  } },
  { 0x8868, 48, {
    0x00, 0x00, 0x00, 0x00, 0x00, 0x00, 0x00, 0x00, 0x00, 0x00, 0x00, 0x00, 0x00, 0x00, 0x00, 0x00,
    0x00, 0x00, 0x00, 0x00, 0x00, 0x00, 0x00, 0x00, 0x00, 0x00, 0x00, 0x00, 0x00, 0x00, 0x00, 0x00,
    0x07, 0xC0, 0x00, 0x00, 0x00, 0x00, 0x07, 0xC0, 0x00, 0x00, 0x00, 0x00, 0x07, 0xC0, 0x00, 0x00,
    0x03, 0xFF, 0xFF, 0xFF, 0xFF, 0x80, 0x03, 0xFF, 0xFF, 0xFF, 0xFF, 0x80, 0x03, 0xFF, 0xFF, 0xFF,
    0xFF, 0x80, 0x03, 0xFF, 0xFF, 0xFF, 0xFF, 0x80, 0x00, 0x00, 0x0F, 0xE0, 0x00, 0x00, 0x00, 0x00,
    0x07, 0xC0, 0x00, 0x00, 0x00, 0x00, 0x07, 0xC0, 0x00, 0x00, 0x00, 0xFF, 0xFF, 0xFF, 0xFE, 0x00,
    0x00, 0xFF, 0xFF, 0xFF, 0xFE, 0x00, 0x00, 0xFF, 0xFF, 0xFF, 0xFE, 0x00, 0x00, 0xFF, 0xFF, 0xFF,
    0xFE, 0x00, 0x00, 0x00, 0x0F, 0xE0, 0x00, 0x00, 0x00, 0x00, 0x07, 0xC0, 0x00, 0x00, 0x00, 0x00,
    0x07, 0xC0, 0x00, 0x00, 0x07, 0xFF, 0xFF, 0xFF, 0xFF, 0xC0, 0x07, 0xFF, 0xFF, 0xFF, 0xFF, 0xC0,
    0x07, 0xFF, 0xFF, 0xFF, 0xFF, 0xC0, 0x07, 0xFF, 0xFF, 0xFF, 0xFF, 0xC0, 0x00, 0x01, 0xFF, 0xE0,
    0x1C, 0x00, 0x00, 0x03, 0xFF, 0xE0, 0x3C, 0x00, 0x00, 0x07, 0xFB, 0xF0, 0xFE, 0x00, 0x00, 0x1F,
    0xE1, 0xF9, 0xFF, 0x00, 0x00, 0x7F, 0xE1, 0xFF, 0xFE, 0x00, 0x01, 0xFF, 0xE0, 0xFF, 0xF8, 0x00,
    0x07, 0xFF, 0xE0, 0x7F, 0xE0, 0x00, 0x0F, 0xFF, 0xE0, 0x3F, 0xC0, 0x00, 0x07, 0xF3, 0xE0, 0xFF,
    0xF0, 0x00, 0x07, 0xE3, 0xE7, 0xFF, 0xFE, 0x00, 0x03, 0x83, 0xFF, 0xF7, 0xFF, 0xC0, 0x02, 0x07,
    0xFF, 0xF1, 0xFF, 0xC0, 0x00, 0x07, 0xFF, 0xF0, 0xFF, 0x80, 0x00, 0x03, 0xFF, 0xC0, 0x3F, 0x00,
    0x00, 0x03, 0xFC, 0x00, 0x07, 0x00, 0x00, 0x01, 0xC0, 0x00, 0x00, 0x00, 0x00, 0x00, 0x00, 0x00,
    0x00, 0x00, 0x00, 0x00, 0x00, 0x00, 0x00, 0x00, 0x00, 0x00, 0x00, 0x00, 0x00, 0x00, 0x00, 0x00,
    0x00, 0x00, 0x00, 0x00, 0x00, 0x00, 0x00, 0x00, 0x00, 0x00, 0x00, 0x00, 0x00, 0x00, 0x00, 0x00,
  } },
  { 0x793A, 48, {
    0x00, 0x00, 0x00, 0x00, 0x00, 0x00, 0x00, 0x00, 0x00, 0x00, 0x00, 0x00, 0x00, 0x00, 0x00, 0x00,
    0x00, 0x00, 0x00, 0x00, 0x00, 0x00, 0x00, 0x00, 0x00, 0x00, 0x00, 0x00, 0x00, 0x00, 0x00, 0xFF,
    0xFF, 0xFF, 0xFE, 0x00, 0x00, 0xFF, 0xFF, 0xFF, 0xFE, 0x00, 0x00, 0xFF, 0xFF, 0xFF, 0xFE, 0x00,
    0x00, 0xFF, 0xFF, 0xFF, 0xFE, 0x00, 0x00, 0xFF, 0xFF, 0xFF, 0xFE, 0x00, 0x00, 0x7F, 0xFF, 0xFF,
    0xFC, 0x00, 0x00, 0x00, 0x00, 0x00, 0x00, 0x00, 0x00, 0x00, 0x00, 0x00, 0x00, 0x00, 0x00, 0x00,
    0x00, 0x00, 0x00, 0x00, 0x00, 0x00, 0x00, 0x00, 0x00, 0x00, 0x00, 0x00, 0x00, 0x00, 0x00, 0x00,
    0x07, 0xFF, 0xFF, 0xFF, 0xFF, 0xC0, 0x07, 0xFF, 0xFF, 0xFF, 0xFF, 0xC0, 0x07, 0xFF, 0xFF, 0xFF,
    0xFF, 0xC0, 0x07, 0xFF, 0xFF, 0xFF, 0xFF, 0xC0, 0x07, 0xFF, 0xFF, 0xFF, 0xFF, 0xC0, 0x07, 0xFF,
    0xFF, 0xFF, 0xFF, 0xC0, 0x00, 0x00, 0x07, 0xE0, 0x00, 0x00, 0x00, 0x0C, 0x07, 0xE0, 0x40, 0x00,
    0x00, 0x0F, 0x07, 0xE1, 0xE0, 0x00, 0x00, 0x1F, 0xC7, 0xE3, 0xF0, 0x00, 0x00, 0x1F, 0x87, 0xE3,
    0xF0, 0x00, 0x00, 0x3F, 0x87, 0xE3, 0xF8, 0x00, 0x00, 0x7F, 0x07, 0xE1, 0xFC, 0x00, 0x00, 0x7F,
    0x07, 0xE1, 0xFC, 0x00, 0x00, 0xFE, 0x07, 0xE0, 0xFE, 0x00, 0x01, 0xFC, 0x07, 0xE0, 0x7E, 0x00,
    0x01, 0xFC, 0x07, 0xE0, 0x7F, 0x00, 0x03, 0xF8, 0x07, 0xE0, 0x3F, 0x80, 0x07, 0xF0, 0x07, 0xE0,
    0x3F, 0x80, 0x07, 0xF0, 0x0F, 0xE0, 0x1F, 0xC0, 0x07, 0xE3, 0xFF, 0xE0, 0x1F, 0xC0, 0x01, 0xC3,
    0xFF, 0xE0, 0x0F, 0xC0, 0x00, 0xC3, 0xFF, 0xE0, 0x07, 0x00, 0x00, 0x01, 0xFF, 0xC0, 0x06, 0x00,
    0x00, 0x01, 0xFF, 0x80, 0x00, 0x00, 0x00, 0x01, 0xF8, 0x00, 0x00, 0x00, 0x00, 0x00, 0x00, 0x00,
    0x00, 0x00, 0x00, 0x00, 0x00, 0x00, 0x00, 0x00, 0x00, 0x00, 0x00, 0x00, 0x00, 0x00, 0x00, 0x00,
    0x00, 0x00, 0x00, 0x00, 0x00, 0x00, 0x00, 0x00, 0x00, 0x00, 0x00, 0x00, 0x00, 0x00, 0x00, 0x00,
  } },
  { 0x9ED8, 48, {
    0x00, 0x00, 0x00, 0x00, 0x00, 0x00, 0x00, 0x00, 0x00, 0x00, 0x00, 0x00, 0x00, 0x00, 0x00, 0x00,
    0x00, 0x00, 0x00, 0x00, 0x00, 0x00, 0x00, 0x00, 0x00, 0x00, 0x00, 0x00, 0x00, 0x00, 0x00, 0x00,
    0x00, 0x07, 0xC0, 0x00, 0x03, 0xFF, 0xFF, 0x07, 0xC6, 0x00, 0x03, 0xFF, 0xFF, 0x07, 0xFF, 0x00,
    0x03, 0xFF, 0xFF, 0x07, 0xDF, 0x00, 0x03, 0xFF, 0xFF, 0x07, 0xCF, 0x80, 0x03, 0xCF, 0x8F, 0x07,
    0xCF, 0x80, 0x03, 0xEF, 0xBF, 0x07, 0xC7, 0xC0, 0x03, 0xFF, 0xBF, 0x07, 0xC7, 0x80, 0x03, 0xFF,
    0xFF, 0x07, 0xC6, 0x00, 0x03, 0xFF, 0xFF, 0x07, 0xC0, 0x00, 0x03, 0xFF, 0xFF, 0x7F, 0xFF, 0xC0,
    0x03, 0xFF, 0xEF, 0x7F, 0xFF, 0xC0, 0x03, 0xCF, 0x8F, 0x7F, 0xFF, 0xC0, 0x03, 0xFF, 0xFF, 0x7F,
    0xFF, 0xC0, 0x03, 0xFF, 0xFF, 0x7F, 0xFF, 0xC0, 0x03, 0xFF, 0xFF, 0x07, 0xE0, 0x00, 0x03, 0xFF,
    0xFF, 0x0F, 0xE0, 0x00, 0x00, 0x0F, 0x80, 0x0F, 0xE0, 0x00, 0x07, 0xFF, 0xFF, 0x8F, 0xF0, 0x00,
    0x07, 0xFF, 0xFF, 0x8F, 0xF0, 0x00, 0x07, 0xFF, 0xFF, 0x8F, 0xF0, 0x00, 0x03, 0xFF, 0xFF, 0x0F,
    0xF0, 0x00, 0x00, 0x0F, 0x80, 0x1F, 0xF8, 0x00, 0x00, 0x0F, 0xFF, 0x9F, 0xF8, 0x00, 0x07, 0xFF,
    0xFF, 0x9F, 0x78, 0x00, 0x07, 0xFF, 0xFF, 0xBF, 0x7C, 0x00, 0x07, 0xFF, 0xFF, 0xBE, 0x7C, 0x00,
    0x07, 0xFF, 0x86, 0x7E, 0x7E, 0x00, 0x00, 0x00, 0xCF, 0x7E, 0x3F, 0x00, 0x01, 0x9D, 0xEF, 0xFC,
    0x3F, 0x00, 0x03, 0xDC, 0xE7, 0xFC, 0x1F, 0x80, 0x03, 0xDC, 0xF7, 0xF8, 0x1F, 0xC0, 0x03, 0x9E,
    0xF7, 0xF8, 0x0F, 0xE0, 0x07, 0x9E, 0x7F, 0xF0, 0x0F, 0xC0, 0x07, 0x9E, 0x63, 0xE0, 0x07, 0x80,
    0x0F, 0x0E, 0x01, 0xC0, 0x03, 0x80, 0x03, 0x00, 0x00, 0x80, 0x01, 0x00, 0x00, 0x00, 0x00, 0x00,
    0x00, 0x00, 0x00, 0x00, 0x00, 0x00, 0x00, 0x00, 0x00, 0x00, 0x00, 0x00, 0x00, 0x00, 0x00, 0x00,
    0x00, 0x00, 0x00, 0x00, 0x00, 0x00, 0x00, 0x00, 0x00, 0x00, 0x00, 0x00, 0x00, 0x00, 0x00, 0x00,
  } },
  { 0x8BA4, 48, {
    0x00, 0x00, 0x00, 0x00, 0x00, 0x00, 0x00, 0x00, 0x00, 0x00, 0x00, 0x00, 0x00, 0x00, 0x00, 0x00,
    0x00, 0x00, 0x00, 0x00, 0x00, 0x00, 0x00, 0x00, 0x00, 0x00, 0x00, 0x00, 0x00, 0x00, 0x00, 0x20,
    0x00, 0x3F, 0x00, 0x00, 0x00, 0xF0, 0x00, 0x3F, 0x00, 0x00, 0x01, 0xF8, 0x00, 0x3F, 0x00, 0x00,
    0x01, 0xFC, 0x00, 0x3F, 0x00, 0x00, 0x00, 0xFE, 0x00, 0x3F, 0x00, 0x00, 0x00, 0xFF, 0x00, 0x3F,
    0x00, 0x00, 0x00, 0x7F, 0x80, 0x3F, 0x00, 0x00, 0x00, 0x3F, 0x00, 0x3F, 0x00, 0x00, 0x00, 0x1E,
    0x00, 0x3F, 0x00, 0x00, 0x00, 0x0C, 0x00, 0x3F, 0x00, 0x00, 0x00, 0x00, 0x00, 0x7F, 0x00, 0x00,
    0x00, 0x00, 0x00, 0x7F, 0x00, 0x00, 0x0F, 0xFC, 0x00, 0x7F, 0x00, 0x00, 0x0F, 0xFC, 0x00, 0x7F,
    0x00, 0x00, 0x0F, 0xFC, 0x00, 0x7F, 0x00, 0x00, 0x0F, 0xFC, 0x00, 0x7F, 0x80, 0x00, 0x07, 0xFC,
    0x00, 0x7F, 0x80, 0x00, 0x00, 0xFC, 0x00, 0x7F, 0x80, 0x00, 0x00, 0xFC, 0x00, 0xFF, 0x80, 0x00,
    0x00, 0xFC, 0x00, 0xFF, 0xC0, 0x00, 0x00, 0xFC, 0x00, 0xFF, 0xC0, 0x00, 0x00, 0xFC, 0x40, 0xFF,
    0xC0, 0x00, 0x00, 0xFC, 0xE1, 0xFF, 0xE0, 0x00, 0x00, 0xFD, 0xE1, 0xFB, 0xE0, 0x00, 0x00, 0xFF,
    0xE3, 0xF3, 0xF0, 0x00, 0x00, 0xFF, 0xF7, 0xF3, 0xF8, 0x00, 0x00, 0xFF, 0xE7, 0xF1, 0xF8, 0x00,
    0x00, 0xFF, 0xCF, 0xE1, 0xFC, 0x00, 0x00, 0xFF, 0x9F, 0xC0, 0xFE, 0x00, 0x00, 0xFF, 0x3F, 0xC0,
    0xFF, 0x00, 0x00, 0xFE, 0x7F, 0x80, 0x7F, 0x80, 0x00, 0xFC, 0xFF, 0x80, 0x7F, 0xC0, 0x01, 0xF8,
    0xFF, 0x00, 0x3F, 0xC0, 0x00, 0xF8, 0x7E, 0x00, 0x1F, 0x80, 0x00, 0x70, 0x7C, 0x00, 0x0F, 0x80,
    0x00, 0x60, 0x38, 0x00, 0x07, 0x00, 0x00, 0x00, 0x10, 0x00, 0x02, 0x00, 0x00, 0x00, 0x00, 0x00,
    0x00, 0x00, 0x00, 0x00, 0x00, 0x00, 0x00, 0x00, 0x00, 0x00, 0x00, 0x00, 0x00, 0x00, 0x00, 0x00,
    0x00, 0x00, 0x00, 0x00, 0x00, 0x00, 0x00, 0x00, 0x00, 0x00, 0x00, 0x00, 0x00, 0x00, 0x00, 0x00,
  } },
  { 0x97F3, 48, {
    0x00, 0x00, 0x00, 0x00, 0x00, 0x00, 0x00, 0x00, 0x00, 0x00, 0x00, 0x00, 0x00, 0x00, 0x00, 0x00,
    0x00, 0x00, 0x00, 0x00, 0x00, 0x00, 0x00, 0x00, 0x00, 0x00, 0x00, 0x00, 0x00, 0x00, 0x00, 0x00,
    0x07, 0xC0, 0x00, 0x00, 0x00, 0x00, 0x0F, 0xC0, 0x00, 0x00, 0x00, 0x00, 0x0F, 0xE0, 0x00, 0x00,
    0x00, 0x00, 0x07, 0xE0, 0x00, 0x00, 0x03, 0xFF, 0xFF, 0xFF, 0xFF, 0x80, 0x03, 0xFF, 0xFF, 0xFF,
    0xFF, 0x80, 0x03, 0xFF, 0xFF, 0xFF, 0xFF, 0x80, 0x03, 0xFF, 0xFF, 0xFF, 0xFF, 0x80, 0x00, 0x03,
    0xE0, 0x07, 0x80, 0x00, 0x00, 0x07, 0xE0, 0x0F, 0xE0, 0x00, 0x00, 0x07, 0xF0, 0x0F, 0xC0, 0x00,
    0x00, 0x03, 0xF0, 0x1F, 0xC0, 0x00, 0x07, 0xFF, 0xFF, 0xFF, 0xFF, 0xE0, 0x07, 0xFF, 0xFF, 0xFF,
    0xFF, 0xE0, 0x07, 0xFF, 0xFF, 0xFF, 0xFF, 0xE0, 0x07, 0xFF, 0xFF, 0xFF, 0xFF, 0xE0, 0x00, 0x00,
    0x00, 0x00, 0x00, 0x00, 0x00, 0x00, 0x00, 0x00, 0x00, 0x00, 0x00, 0x7F, 0xFF, 0xFF, 0xFC, 0x00,
    0x00, 0x7F, 0xFF, 0xFF, 0xFC, 0x00, 0x00, 0x7F, 0xFF, 0xFF, 0xFC, 0x00, 0x00, 0x7F, 0xFF, 0xFF,
    0xFC, 0x00, 0x00, 0x7E, 0x00, 0x00, 0xFC, 0x00, 0x00, 0x7E, 0x00, 0x00, 0xFC, 0x00, 0x00, 0x7F,
    0xFF, 0xFF, 0xFC, 0x00, 0x00, 0x7F, 0xFF, 0xFF, 0xFC, 0x00, 0x00, 0x7F, 0xFF, 0xFF, 0xFC, 0x00,
    0x00, 0x7F, 0xFF, 0xFF, 0xFC, 0x00, 0x00, 0x7E, 0x00, 0x00, 0xFC, 0x00, 0x00, 0x7E, 0x00, 0x00,
    0xFC, 0x00, 0x00, 0x7E, 0x00, 0x00, 0xFC, 0x00, 0x00, 0x7F, 0xFF, 0xFF, 0xFC, 0x00, 0x00, 0x7F,
    0xFF, 0xFF, 0xFC, 0x00, 0x00, 0x7F, 0xFF, 0xFF, 0xFC, 0x00, 0x00, 0x7F, 0xFF, 0xFF, 0xFC, 0x00,
    0x00, 0x7E, 0x00, 0x00, 0xFC, 0x00, 0x00, 0x7E, 0x00, 0x00, 0xFC, 0x00, 0x00, 0x00, 0x00, 0x00,
    0x00, 0x00, 0x00, 0x00, 0x00, 0x00, 0x00, 0x00, 0x00, 0x00, 0x00, 0x00, 0x00, 0x00, 0x00, 0x00,
    0x00, 0x00, 0x00, 0x00, 0x00, 0x00, 0x00, 0x00, 0x00, 0x00, 0x00, 0x00, 0x00, 0x00, 0x00, 0x00,
  } },
  { 0x91CF, 48, {
    0x00, 0x00, 0x00, 0x00, 0x00, 0x00, 0x00, 0x00, 0x00, 0x00, 0x00, 0x00, 0x00, 0x00, 0x00, 0x00,
    0x00, 0x00, 0x00, 0x00, 0x00, 0x00, 0x00, 0x00, 0x00, 0x00, 0x00, 0x00, 0x00, 0x00, 0x00, 0x00,
    0x00, 0x00, 0x00, 0x00, 0x00, 0xFF, 0xFF, 0xFF, 0xFE, 0x00, 0x00, 0xFF, 0xFF, 0xFF, 0xFE, 0x00,
    0x00, 0xFF, 0xFF, 0xFF, 0xFE, 0x00, 0x00, 0xFC, 0x00, 0x00, 0x7E, 0x00, 0x00, 0xFF, 0xFF, 0xFF,
    0xFE, 0x00, 0x00, 0xFF, 0xFF, 0xFF, 0xFE, 0x00, 0x00, 0xFF, 0xFF, 0xFF, 0xFE, 0x00, 0x00, 0xFF,
    0xFF, 0xFF, 0xFE, 0x00, 0x00, 0xFF, 0xFF, 0xFF, 0xFE, 0x00, 0x00, 0xFF, 0xFF, 0xFF, 0xFE, 0x00,
    0x00, 0x00, 0x00, 0x00, 0x00, 0x00, 0x07, 0xFF, 0xFF, 0xFF, 0xFF, 0xE0, 0x07, 0xFF, 0xFF, 0xFF,
    0xFF, 0xE0, 0x07, 0xFF, 0xFF, 0xFF, 0xFF, 0xC0, 0x00, 0x00, 0x00, 0x00, 0x00, 0x00, 0x00, 0xFF,
    0xFF, 0xFF, 0xFE, 0x00, 0x00, 0xFF, 0xFF, 0xFF, 0xFE, 0x00, 0x00, 0xFF, 0xFF, 0xFF, 0xFE, 0x00,
    0x00, 0xF8, 0x07, 0xC0, 0x3E, 0x00, 0x00, 0xF8, 0x07, 0xC0, 0x3E, 0x00, 0x00, 0xFF, 0xFF, 0xFF,
    0xFE, 0x00, 0x00, 0xFF, 0xFF, 0xFF, 0xFE, 0x00, 0x00, 0xFF, 0xFF, 0xFF, 0xFE, 0x00, 0x00, 0xF8,
    0x07, 0xC0, 0x3E, 0x00, 0x00, 0xFF, 0xFF, 0xFF, 0xFE, 0x00, 0x00, 0xFF, 0xFF, 0xFF, 0xFE, 0x00,
    0x00, 0xFF, 0xFF, 0xFF, 0xFE, 0x00, 0x00, 0x00, 0x07, 0xC0, 0x00, 0x00, 0x01, 0xFF, 0xFF, 0xFF,
    0xFF, 0x00, 0x01, 0xFF, 0xFF, 0xFF, 0xFF, 0x00, 0x01, 0xFF, 0xFF, 0xFF, 0xFF, 0x00, 0x00, 0x00,
    0x07, 0xC0, 0x00, 0x00, 0x0F, 0xFF, 0xFF, 0xFF, 0xFF, 0xE0, 0x0F, 0xFF, 0xFF, 0xFF, 0xFF, 0xE0,
    0x07, 0xFF, 0xFF, 0xFF, 0xFF, 0xE0, 0x00, 0x00, 0x00, 0x00, 0x00, 0x00, 0x00, 0x00, 0x00, 0x00,
    0x00, 0x00, 0x00, 0x00, 0x00, 0x00, 0x00, 0x00, 0x00, 0x00, 0x00, 0x00, 0x00, 0x00, 0x00, 0x00,
    0x00, 0x00, 0x00, 0x00, 0x00, 0x00, 0x00, 0x00, 0x00, 0x00, 0x00, 0x00, 0x00, 0x00, 0x00, 0x00,
  } },
  { 0x79FB, 48, {
    0x00, 0x00, 0x00, 0x00, 0x00, 0x00, 0x00, 0x00, 0x00, 0x00, 0x00, 0x00, 0x00, 0x00, 0x00, 0x00,
    0x00, 0x00, 0x00, 0x00, 0x00, 0x00, 0x00, 0x00, 0x00, 0x00, 0x00, 0x00, 0x00, 0x00, 0x00, 0x01,
    0xC0, 0x7E, 0x00, 0x00, 0x00, 0xFF, 0xE0, 0x7C, 0x00, 0x00, 0x07, 0xFF, 0xE0, 0xFC, 0x00, 0x00,
    0x07, 0xFF, 0xE1, 0xFF, 0xFF, 0xC0, 0x07, 0xFF, 0xE3, 0xFF, 0xFF, 0xC0, 0x07, 0xFF, 0x07, 0xFF,
    0xFF, 0xC0, 0x03, 0xFE, 0x0F, 0xFF, 0xFF, 0x80, 0x00, 0x3E, 0x1F, 0x80, 0x1F, 0x80, 0x00, 0x3E,
    0x7F, 0x00, 0x3F, 0x00, 0x00, 0x3E, 0x3F, 0x60, 0x7E, 0x00, 0x00, 0x3E, 0x1C, 0xF0, 0xFE, 0x00,
    0x07, 0xFF, 0xE9, 0xF9, 0xFC, 0x00, 0x07, 0xFF, 0xE1, 0xFF, 0xF8, 0x00, 0x07, 0xFF, 0xE0, 0x7F,
    0xF0, 0x00, 0x07, 0xFF, 0xE0, 0x7F, 0xE0, 0x00, 0x07, 0xFF, 0xE1, 0xFF, 0x80, 0x00, 0x00, 0x7E,
    0x1F, 0xFF, 0x00, 0x00, 0x00, 0xFE, 0x3F, 0xFF, 0xC0, 0x00, 0x00, 0xFF, 0x1F, 0xFF, 0x80, 0x00,
    0x01, 0xFF, 0x9F, 0xBF, 0xFF, 0xC0, 0x01, 0xFF, 0xCC, 0x7F, 0xFF, 0xC0, 0x03, 0xFF, 0xE0, 0xFF,
    0xFF, 0xC0, 0x07, 0xFF, 0xE3, 0xFF, 0xFF, 0xC0, 0x07, 0xFF, 0xE7, 0xF8, 0x0F, 0xC0, 0x07, 0xBE,
    0xDF, 0xE0, 0x1F, 0x80, 0x07, 0xBE, 0xFF, 0xC0, 0x3F, 0x00, 0x07, 0x3E, 0x3F, 0x9C, 0x7F, 0x00,
    0x07, 0x3E, 0x1E, 0x3F, 0xFE, 0x00, 0x02, 0x3E, 0x18, 0x7F, 0xFC, 0x00, 0x02, 0x3E, 0x00, 0x3F,
    0xF8, 0x00, 0x00, 0x3E, 0x00, 0x3F, 0xF0, 0x00, 0x00, 0x3E, 0x03, 0xFF, 0xC0, 0x00, 0x00, 0x3E,
    0x7F, 0xFF, 0x80, 0x00, 0x00, 0x3E, 0x7F, 0xFE, 0x00, 0x00, 0x00, 0x3E, 0x3F, 0xF8, 0x00, 0x00,
    0x00, 0x3E, 0x3F, 0xC0, 0x00, 0x00, 0x00, 0x3E, 0x1E, 0x00, 0x00, 0x00, 0x00, 0x00, 0x00, 0x00,
    0x00, 0x00, 0x00, 0x00, 0x00, 0x00, 0x00, 0x00, 0x00, 0x00, 0x00, 0x00, 0x00, 0x00, 0x00, 0x00,
    0x00, 0x00, 0x00, 0x00, 0x00, 0x00, 0x00, 0x00, 0x00, 0x00, 0x00, 0x00, 0x00, 0x00, 0x00, 0x00,
  } },
  { 0x952E, 48, {
    0x00, 0x00, 0x00, 0x00, 0x00, 0x00, 0x00, 0x00, 0x00, 0x00, 0x00, 0x00, 0x00, 0x00, 0x00, 0x00,
    0x00, 0x00, 0x00, 0x00, 0x00, 0x00, 0x00, 0x00, 0x00, 0x00, 0x00, 0x00, 0x00, 0x00, 0x00, 0xF0,
    0x00, 0x07, 0xC0, 0x00, 0x00, 0xF8, 0x00, 0x07, 0xC0, 0x00, 0x01, 0xF8, 0xFF, 0x7F, 0xFF, 0x80,
    0x01, 0xF0, 0xFF, 0x7F, 0xFF, 0x80, 0x01, 0xFF, 0xFF, 0x7F, 0xFF, 0x80, 0x01, 0xFF, 0xFF, 0x7F,
    0xFF, 0x80, 0x03, 0xFF, 0x1F, 0x07, 0xC7, 0x80, 0x03, 0xFF, 0x1F, 0xFF, 0xFF, 0xC0, 0x07, 0xC0,
    0x3E, 0xFF, 0xFF, 0xC0, 0x07, 0xC0, 0x3E, 0xFF, 0xFF, 0xC0, 0x0F, 0x80, 0x7C, 0xFF, 0xFF, 0xC0,
    0x0F, 0xFE, 0x7C, 0x07, 0xC7, 0x80, 0x07, 0xFE, 0xF8, 0x07, 0xC7, 0x80, 0x07, 0xFE, 0xF8, 0x7F,
    0xFF, 0x80, 0x07, 0xFE, 0xFF, 0x7F, 0xFF, 0x80, 0x07, 0xF0, 0xFF, 0x7F, 0xFF, 0x80, 0x01, 0xF0,
    0xFF, 0x7F, 0xFF, 0x00, 0x01, 0xF0, 0xFF, 0x07, 0xC0, 0x00, 0x0F, 0xFF, 0x0F, 0x07, 0xC0, 0x00,
    0x0F, 0xFF, 0x0F, 0x7F, 0xFF, 0x80, 0x0F, 0xFF, 0x0F, 0x7F, 0xFF, 0x80, 0x0F, 0xFF, 0xCF, 0x7F,
    0xFF, 0x80, 0x01, 0xF1, 0xEF, 0x7F, 0xFF, 0x80, 0x01, 0xF1, 0xEF, 0x07, 0xC0, 0x00, 0x01, 0xF1,
    0xFF, 0x07, 0xC0, 0x00, 0x01, 0xF0, 0xFE, 0xFF, 0xFF, 0xC0, 0x01, 0xF2, 0xFE, 0xFF, 0xFF, 0xC0,
    0x01, 0xF6, 0x7E, 0xFF, 0xFF, 0xC0, 0x01, 0xFE, 0x7E, 0xFF, 0xFF, 0x80, 0x01, 0xFF, 0x7F, 0x07,
    0xC0, 0x00, 0x01, 0xFE, 0xFF, 0xC7, 0xC0, 0x00, 0x01, 0xFD, 0xFF, 0xF8, 0x00, 0x00, 0x01, 0xFB,
    0xF7, 0xFF, 0xFF, 0xE0, 0x01, 0xF7, 0xF3, 0xFF, 0xFF, 0xC0, 0x00, 0xE7, 0xE0, 0xFF, 0xFF, 0xC0,
    0x00, 0x43, 0xC0, 0x3F, 0xFF, 0xC0, 0x00, 0x00, 0x80, 0x01, 0xFF, 0x80, 0x00, 0x00, 0x00, 0x00,
    0x00, 0x00, 0x00, 0x00, 0x00, 0x00, 0x00, 0x00, 0x00, 0x00, 0x00, 0x00, 0x00, 0x00, 0x00, 0x00,
    0x00, 0x00, 0x00, 0x00, 0x00, 0x00, 0x00, 0x00, 0x00, 0x00, 0x00, 0x00, 0x00, 0x00, 0x00, 0x00,
  } },
  { 0x786E, 48, {
    0x00, 0x00, 0x00, 0x00, 0x00, 0x00, 0x00, 0x00, 0x00, 0x00, 0x00, 0x00, 0x00, 0x00, 0x00, 0x00,
    0x00, 0x00, 0x00, 0x00, 0x00, 0x00, 0x00, 0x00, 0x00, 0x00, 0x00, 0x00, 0x00, 0x00, 0x00, 0x00,
    0x00, 0xF8, 0x00, 0x00, 0x00, 0x00, 0x00, 0xFC, 0x00, 0x00, 0x00, 0x00, 0x01, 0xF8, 0x00, 0x00,
    0x07, 0xFF, 0xE3, 0xFF, 0xFE, 0x00, 0x07, 0xFF, 0xE3, 0xFF, 0xFE, 0x00, 0x07, 0xFF, 0xE7, 0xFF,
    0xFE, 0x00, 0x07, 0xFF, 0xEF, 0xFF, 0xFE, 0x00, 0x00, 0x7C, 0x1F, 0xC0, 0xFC, 0x00, 0x00, 0x7C,
    0x3F, 0x81, 0xF8, 0x00, 0x00, 0xFC, 0x7F, 0x01, 0xF8, 0x00, 0x00, 0xF8, 0xFF, 0xFF, 0xFF, 0x80,
    0x00, 0xF8, 0x7F, 0xFF, 0xFF, 0x80, 0x01, 0xF8, 0x3F, 0xFF, 0xFF, 0x80, 0x01, 0xFF, 0xFF, 0xFF,
    0xFF, 0x80, 0x01, 0xFF, 0xDF, 0x0F, 0x87, 0x80, 0x03, 0xFF, 0xDF, 0x0F, 0x87, 0x80, 0x03, 0xFF,
    0xDF, 0x0F, 0x87, 0x80, 0x07, 0xF7, 0xDF, 0x0F, 0x87, 0x80, 0x0F, 0xF7, 0xDF, 0xFF, 0xFF, 0x80,
    0x0F, 0xF7, 0xDF, 0xFF, 0xFF, 0x80, 0x07, 0xF7, 0xDF, 0xFF, 0xFF, 0x80, 0x07, 0xF7, 0xDF, 0xFF,
    0xFF, 0x80, 0x07, 0xF7, 0xDF, 0x0F, 0x87, 0x80, 0x03, 0xF7, 0xDF, 0x0F, 0x87, 0x80, 0x03, 0xF7,
    0xDF, 0x0F, 0x87, 0x80, 0x01, 0xF7, 0xDF, 0xFF, 0xFF, 0x80, 0x01, 0xF7, 0xDF, 0xFF, 0xFF, 0x80,
    0x01, 0xF7, 0xDF, 0xFF, 0xFF, 0x80, 0x01, 0xF7, 0xDF, 0xFF, 0xFF, 0x80, 0x01, 0xFF, 0xFF, 0x0F,
    0x87, 0x80, 0x01, 0xFF, 0xFF, 0x0F, 0x87, 0x80, 0x01, 0xFF, 0xFE, 0x0F, 0xCF, 0x80, 0x01, 0xFF,
    0xFE, 0x0F, 0xFF, 0x80, 0x01, 0xF0, 0x3E, 0x0F, 0xFF, 0x80, 0x01, 0xF0, 0x1C, 0x0F, 0xFF, 0x80,
    0x00, 0x00, 0x0C, 0x0F, 0xBF, 0x00, 0x00, 0x00, 0x00, 0x00, 0x3E, 0x00, 0x00, 0x00, 0x00, 0x00,
    0x00, 0x00, 0x00, 0x00, 0x00, 0x00, 0x00, 0x00, 0x00, 0x00, 0x00, 0x00, 0x00, 0x00, 0x00, 0x00,
    0x00, 0x00, 0x00, 0x00, 0x00, 0x00, 0x00, 0x00, 0x00, 0x00, 0x00, 0x00, 0x00, 0x00, 0x00, 0x00,
  } },
};

#endif
